new_path,source_path,original_line,original_category,original_subcategory,category,subcategory,substantive_modified,note
pictureX/0611/nutcracker/001.png,图片和附件/image 545.png,1915,0611,nutcracker,0611,nutcracker,否,0611 大类按用户要求保留；该图片小类基本匹配。
pictureX/0611/nutcracker/002.png,图片和附件/image 769.png,1917,0611,nutcracker,0611,nutcracker,否,0611 大类按用户要求保留；该图片小类基本匹配。
pictureX/0611/Tabletop ironing board_Sleeve ironing board/001.png,图片和附件/image 781.png,1929,0611,ironing board2,0611,Tabletop ironing board / Sleeve ironing board,是,小类名不应带 2，且图片更像小型/台式熨衣板。
pictureX/0611/Tabletop ironing board_Sleeve ironing board/002.png,图片和附件/image 159.png,1931,0611,ironing board2,0611,Tabletop ironing board / Sleeve ironing board,是,小类名不应带 2，且图片更像小型/台式熨衣板。
pictureX/0611/tripod/001.png,图片和附件/image 15.png,1935,0611,tripod,0611,tripod,否,0611 大类按用户要求保留；该图片小类基本匹配。
pictureX/0611/tripod/002.png,图片和附件/image 637.png,1937,0611,tripod,0611,tripod,否,0611 大类按用户要求保留；该图片小类基本匹配。
pictureX/0611/tripod/003.png,图片和附件/image 513.png,1939,0611,tripod,0611,tripod,否,0611 大类按用户要求保留；该图片小类基本匹配。
pictureX/0611/Folding table/001.png,图片和附件/image 61.png,1943,0611,Folding table,0611,Folding table,否,0611 大类按用户要求保留；该图片小类基本匹配。
pictureX/0611/Folding table/002.png,图片和附件/image 366.png,1945,0611,Folding table,0611,Folding table,否,0611 大类按用户要求保留；该图片小类基本匹配。
pictureX/0611/Folding table/003.png,图片和附件/image 301.png,1947,0611,Folding table,0611,Folding table,否,0611 大类按用户要求保留；该图片小类基本匹配。
pictureX/0611/Folding table/004.png,图片和附件/image 226.png,1949,0611,Folding table,0611,Folding table,否,0611 大类按用户要求保留；该图片小类基本匹配。
pictureX/0611/Folding table/005.png,图片和附件/image 364.png,1953,0611,Folding table,0611,Folding table,否,0611 大类按用户要求保留；该图片小类基本匹配。
pictureX/0611/Folding table/006.png,图片和附件/image 108.png,1955,0611,Folding table,0611,Folding table,否,0611 大类按用户要求保留；该图片小类基本匹配。
pictureX/0611/Folding table/007.png,图片和附件/image 252.png,1957,0611,Folding table,0611,Folding table,否,0611 大类按用户要求保留；该图片小类基本匹配。
pictureX/0611/Rolling overbed table_Adjustable bedside table/001.png,图片和附件/image 401.png,1959,0611,Folding table,0611,Rolling overbed table / Adjustable bedside table,是,图片主体是带轮可调节床边/沙发边桌，不像折叠桌。
pictureX/0611/Folding table/008.png,图片和附件/image 565.png,1961,0611,Folding table,0611,Folding table,否,0611 大类按用户要求保留；该图片小类基本匹配。
pictureX/0611/Folding table/009.png,图片和附件/image 541.png,1963,0611,Folding table,0611,Folding table,否,0611 大类按用户要求保留；该图片小类基本匹配。
pictureX/0611/Round dining table with lazy Susan/001.png,图片和附件/image 194.png,1965,0611,Folding table,0611,Round dining table with lazy Susan,是,图片是圆桌并带中间转盘，不像折叠桌。
pictureX/0611/Round tabletop_Replacement table top/001.png,图片和附件/image 839.png,1967,0611,Folding table,0611,Round tabletop / Replacement table top,是,图片是圆形桌面板/替换桌面，不是完整折叠桌。
pictureX/0611/Folding table/010.png,图片和附件/image 616.png,1969,0611,Folding table,0611,Folding table,否,0611 大类按用户要求保留；该图片小类基本匹配。
pictureX/0611/Folding table/011.png,图片和附件/image 484.png,1971,0611,Folding table,0611,Folding table,否,0611 大类按用户要求保留；该图片小类基本匹配。
pictureX/0611/Pliers set/001.png,图片和附件/image 452.png,1977,0611,Pilers（钳子按这个一样一类）,0611,Pliers set,是,原小类拼写/说明不规范，应为 Pliers set。
pictureX/0611/Makeup/001.png,图片和附件/image 569.png,1981,0611,Makeup,0611,Makeup,否,0611 大类按用户要求保留；该图片小类基本匹配。
pictureX/0611/Makeup/002.png,图片和附件/image 740.png,1983,0611,Makeup,0611,Makeup,否,0611 大类按用户要求保留；该图片小类基本匹配。
pictureX/0611/Makeup/003.png,图片和附件/image 44.png,1985,0611,Makeup,0611,Makeup,否,0611 大类按用户要求保留；该图片小类基本匹配。
pictureX/0611/Makeup/004.png,图片和附件/image 137.png,1987,0611,Makeup,0611,Makeup,否,0611 大类按用户要求保留；该图片小类基本匹配。
pictureX/0611/Makeup/005.png,图片和附件/image 692.png,1989,0611,Makeup,0611,Makeup,否,0611 大类按用户要求保留；该图片小类基本匹配。
pictureX/0611/Makeup/006.png,图片和附件/image 799.png,1991,0611,Makeup,0611,Makeup,否,0611 大类按用户要求保留；该图片小类基本匹配。
pictureX/0611/Makeup/007.png,图片和附件/image 433.png,1993,0611,Makeup,0611,Makeup,否,0611 大类按用户要求保留；该图片小类基本匹配。
pictureX/0611/Makeup/008.png,图片和附件/image 360.png,1995,0611,Makeup,0611,Makeup,否,0611 大类按用户要求保留；该图片小类基本匹配。
pictureX/0611/Makeup/009.png,图片和附件/image 854.png,1997,0611,Makeup,0611,Makeup,否,0611 大类按用户要求保留；该图片小类基本匹配。
pictureX/0611/Allen key set_Hex key set/001.png,图片和附件/image 352.png,2001,0611,Wrench set,0611,Allen key set / Hex key set,是,图片为内六角扳手组。
pictureX/0611/Wrench set/001.png,图片和附件/image 482.png,2003,0611,Wrench set,0611,Wrench set,否,0611 大类按用户要求保留；该图片小类基本匹配。
pictureX/0611/Utility knife_Box cutter/001.png,图片和附件/image 31.png,2007,0611,Cutter,0611,Utility knife / Box cutter,是,小类建议更具体。
pictureX/0611/excavator arm/001.png,图片和附件/image 135.png,2013,0611,excavator arm,0611,excavator arm,否,0611 大类按用户要求保留；该图片小类基本匹配。
pictureX/0611/tricycle/001.png,图片和附件/image 546.png,2017,0611,tricycle,0611,tricycle,否,0611 大类按用户要求保留；该图片小类基本匹配。
pictureX/0611/studio lamp/001.png,图片和附件/image 409.png,2021,0611,studio lamp,0611,studio lamp,否,0611 大类按用户要求保留；该图片小类基本匹配。
pictureX/0611/studio lamp/002.png,图片和附件/image 618.png,2023,0611,studio lamp,0611,studio lamp,否,0611 大类按用户要求保留；该图片小类基本匹配。
pictureX/0611/studio lamp/003.png,图片和附件/image 584.png,2025,0611,studio lamp,0611,studio lamp,否,0611 大类按用户要求保留；该图片小类基本匹配。
pictureX/0611/crimping tool/001.png,图片和附件/image 765.png,2029,0611,crimping tool,0611,crimping tool,否,0611 大类按用户要求保留；该图片小类基本匹配。
pictureX/0611/crimping tool/002.png,图片和附件/image 304.png,2031,0611,crimping tool,0611,crimping tool,否,0611 大类按用户要求保留；该图片小类基本匹配。
pictureX/0611/crimping tool/003.png,图片和附件/image 414.png,2033,0611,crimping tool,0611,crimping tool,否,0611 大类按用户要求保留；该图片小类基本匹配。
pictureX/0611/retractable patio awning/001.png,图片和附件/image 473.png,2037,0611,retractable patio awning,0611,retractable patio awning,否,0611 大类按用户要求保留；该图片小类基本匹配。
pictureX/0611/Cantilever patio umbrella_Offset patio umbrella/001.png,图片和附件/image 267.png,2039,0611,retractable patio awning,0611,Cantilever patio umbrella / Offset patio umbrella,是,图片是户外悬臂遮阳伞，不是可伸缩遮阳棚。
pictureX/0611/bi fold closet door system/001.png,图片和附件/image 122.png,2043,0611,bi fold closet door system,0611,bi fold closet door system,否,0611 大类按用户要求保留；该图片小类基本匹配。
pictureX/0611/Bi-fold closet door_Folding door/001.png,图片和附件/image 817.png,2047,0611,Fold door2,0611,Bi-fold closet door / Folding door,是,小类名不应带 2，建议规范为折叠门。
pictureX/0611/drawing compass with adjustable legs/001.png,图片和附件/image 866.png,2053,0611,drawing compass with adjustable legs,0611,drawing compass with adjustable legs,否,0611 大类按用户要求保留；该图片小类基本匹配。
pictureX/0611/drawing compass with adjustable legs/002.png,图片和附件/image 525.png,2055,0611,drawing compass with adjustable legs,0611,drawing compass with adjustable legs,否,0611 大类按用户要求保留；该图片小类基本匹配。
pictureX/0611/drawing compass with adjustable legs/003.png,图片和附件/image 405.png,2057,0611,drawing compass with adjustable legs,0611,drawing compass with adjustable legs,否,0611 大类按用户要求保留；该图片小类基本匹配。
pictureX/0611/drawing compass with adjustable legs/004.png,图片和附件/image 65.png,2059,0611,drawing compass with adjustable legs,0611,drawing compass with adjustable legs,否,0611 大类按用户要求保留；该图片小类基本匹配。
pictureX/0611/Adjustable ergonomic armrest_Forearm support clamp/001.png,图片和附件/image 851.png,2063,0611,ergonomic clamp with adjustable,0611,Adjustable ergonomic armrest / Forearm support clamp,是,图片是桌边前臂托/手臂支撑夹具。
pictureX/0611/roller conveyor/001.png,图片和附件/image 758.png,2067,0611,roller conveyor,0611,roller conveyor,否,0611 大类按用户要求保留；该图片小类基本匹配。
pictureX/0611/roller conveyor/002.png,图片和附件/image 148.png,2069,0611,roller conveyor,0611,roller conveyor,否,0611 大类按用户要求保留；该图片小类基本匹配。
pictureX/0611/Locker box/001.png,图片和附件/image 493.png,2073,0611,Locker box,0611,Locker box,否,0611 大类按用户要求保留；该图片小类基本匹配。
pictureX/0611/Storage cart with drawers on wheels/001.png,图片和附件/image 707.png,2077,0611,Storage cart with drawers on wheels,0611,Storage cart with drawers on wheels,否,0611 大类按用户要求保留；该图片小类基本匹配。
pictureX/0611/Storage cart with drawers on wheels/002.png,图片和附件/image 86.png,2079,0611,Storage cart with drawers on wheels,0611,Storage cart with drawers on wheels,否,0611 大类按用户要求保留；该图片小类基本匹配。
pictureX/0611/Storage cart with drawers on wheels/003.png,图片和附件/image 721.png,2081,0611,Storage cart with drawers on wheels,0611,Storage cart with drawers on wheels,否,0611 大类按用户要求保留；该图片小类基本匹配。
pictureX/0611/Storage cart with drawers on wheels/004.png,图片和附件/image 230.png,2083,0611,Storage cart with drawers on wheels,0611,Storage cart with drawers on wheels,否,0611 大类按用户要求保留；该图片小类基本匹配。
pictureX/0611/Storage cart with drawers on wheels/005.png,图片和附件/image 700.png,2085,0611,Storage cart with drawers on wheels,0611,Storage cart with drawers on wheels,否,0611 大类按用户要求保留；该图片小类基本匹配。
pictureX/0611/Storage cart with drawers on wheels/006.png,图片和附件/image 247.png,2087,0611,Storage cart with drawers on wheels,0611,Storage cart with drawers on wheels,否,0611 大类按用户要求保留；该图片小类基本匹配。
pictureX/0611/Shelving unit with adjustable shelves/001.png,图片和附件/image 368.png,2091,0611,Shelving unit with adjustable shelves,0611,Shelving unit with adjustable shelves,否,0611 大类按用户要求保留；该图片小类基本匹配。
pictureX/0611/Shelving unit with folding shelves/001.png,图片和附件/image 185.png,2097,0611,Shelving unit with folding shelves,0611,Shelving unit with folding shelves,否,0611 大类按用户要求保留；该图片小类基本匹配。
pictureX/0611/Shelving unit with folding shelves/002.png,图片和附件/image 166.png,2099,0611,Shelving unit with folding shelves,0611,Shelving unit with folding shelves,否,0611 大类按用户要求保留；该图片小类基本匹配。
pictureX/0611/Hall tree with flip-top seat/001.jpg,图片和附件/17fe2d6763424b2a2e5e7863a8270367_9k=.jpg,2103,0611,Hall tree with flip-top seat,0611,Hall tree with flip-top seat,否,0611 大类按用户要求保留；该图片小类基本匹配。
pictureX/0611/Hall tree with flip-top seat/002.png,图片和附件/image 712.png,2105,0611,Hall tree with flip-top seat,0611,Hall tree with flip-top seat,否,0611 大类按用户要求保留；该图片小类基本匹配。
pictureX/0611/Hall tree with flip-top seat/003.png,图片和附件/image 532.png,2107,0611,Hall tree with flip-top seat,0611,Hall tree with flip-top seat,否,0611 大类按用户要求保留；该图片小类基本匹配。
pictureX/0611/Desktop file sorter_Magazine rack/001.png,图片和附件/image 62.png,2111,0611,Bookshelf with books,0611,Desktop file sorter / Magazine rack,是,图片是桌面文件/杂志分隔收纳架，没有书，也不是书架。
pictureX/0611/Cabinet with drawers/001.png,图片和附件/image 761.png,2115,0611,Cabinet with drawers,0611,Cabinet with drawers,否,0611 大类按用户要求保留；该图片小类基本匹配。
pictureX/0611/Cabinet with drawers/002.png,图片和附件/image 208.png,2117,0611,Cabinet with drawers,0611,Cabinet with drawers,否,0611 大类按用户要求保留；该图片小类基本匹配。
pictureX/0611/Cabinet with drawers/003.png,图片和附件/image 52.png,2119,0611,Cabinet with drawers,0611,Cabinet with drawers,否,0611 大类按用户要求保留；该图片小类基本匹配。
pictureX/0611/Cabinet with drawers/004.png,图片和附件/image 859.png,2121,0611,Cabinet with drawers,0611,Cabinet with drawers,否,0611 大类按用户要求保留；该图片小类基本匹配。
pictureX/0611/Cabinet with drawers/005.png,图片和附件/image 706.png,2123,0611,Cabinet with drawers,0611,Cabinet with drawers,否,0611 大类按用户要求保留；该图片小类基本匹配。
pictureX/0611/Cabinet with doors/001.png,图片和附件/image 50.png,2127,0611,Cabinet with doors,0611,Cabinet with doors,否,0611 大类按用户要求保留；该图片小类基本匹配。
pictureX/0611/Cabinet with doors/002.png,图片和附件/image 638.png,2129,0611,Cabinet with doors,0611,Cabinet with doors,否,0611 大类按用户要求保留；该图片小类基本匹配。
pictureX/0611/Cabinet with doors/003.png,图片和附件/image 420.png,2131,0611,Cabinet with doors,0611,Cabinet with doors,否,0611 大类按用户要求保留；该图片小类基本匹配。
pictureX/0611/Cabinet with doors/004.png,图片和附件/image 240.png,2133,0611,Cabinet with doors,0611,Cabinet with doors,否,0611 大类按用户要求保留；该图片小类基本匹配。
pictureX/0611/Cabinet with doors/005.png,图片和附件/image 865.png,2135,0611,Cabinet with doors,0611,Cabinet with doors,否,0611 大类按用户要求保留；该图片小类基本匹配。
pictureX/0611/Cabinet with doors and drawers/001.png,图片和附件/image 33.png,2139,0611,Cabinet with doors and drawers,0611,Cabinet with doors and drawers,否,0611 大类按用户要求保留；该图片小类基本匹配。
pictureX/0611/Cabinet with doors and drawers/002.png,图片和附件/image 223.png,2141,0611,Cabinet with doors and drawers,0611,Cabinet with doors and drawers,否,0611 大类按用户要求保留；该图片小类基本匹配。
pictureX/0611/Cabinet with doors and drawers/003.png,图片和附件/image 157.png,2143,0611,Cabinet with doors and drawers,0611,Cabinet with doors and drawers,否,0611 大类按用户要求保留；该图片小类基本匹配。
pictureX/0611/Cabinet with doors and drawers/004.png,图片和附件/image 585.png,2145,0611,Cabinet with doors and drawers,0611,Cabinet with doors and drawers,否,0611 大类按用户要求保留；该图片小类基本匹配。
pictureX/0611/kitchen cabinet/001.png,图片和附件/image 682.png,2149,0611,kitchen cabinet,0611,kitchen cabinet,否,0611 大类按用户要求保留；该图片小类基本匹配。
pictureX/0611/kitchen cabinet/002.png,图片和附件/image 756.png,2151,0611,kitchen cabinet,0611,kitchen cabinet,否,0611 大类按用户要求保留；该图片小类基本匹配。
pictureX/0611/kitchen cabinet/003.png,图片和附件/image 418.png,2153,0611,kitchen cabinet,0611,kitchen cabinet,否,0611 大类按用户要求保留；该图片小类基本匹配。
pictureX/0611/kitchen cabinet/004.png,图片和附件/image 775.png,2155,0611,kitchen cabinet,0611,kitchen cabinet,否,0611 大类按用户要求保留；该图片小类基本匹配。
pictureX/0611/kitchen cabinet/005.png,图片和附件/image 599.png,2157,0611,kitchen cabinet,0611,kitchen cabinet,否,0611 大类按用户要求保留；该图片小类基本匹配。
pictureX/0611/Kitchen set/001.png,图片和附件/image 520.png,2161,0611,Kitchen set,0611,Kitchen set,否,0611 大类按用户要求保留；该图片小类基本匹配。
pictureX/0611/Kitchen set/002.png,图片和附件/image 254.png,2163,0611,Kitchen set,0611,Kitchen set,否,0611 大类按用户要求保留；该图片小类基本匹配。
pictureX/0611/Kitchen set/003.png,图片和附件/image 485.png,2165,0611,Kitchen set,0611,Kitchen set,否,0611 大类按用户要求保留；该图片小类基本匹配。
pictureX/0611/Round cabinet/001.png,图片和附件/image 392.png,2169,0611,Round cabinet,0611,Round cabinet,否,0611 大类按用户要求保留；该图片小类基本匹配。
pictureX/0611/TV cabinet/001.png,图片和附件/image 370.png,2173,0611,TV cabinet,0611,TV cabinet,否,0611 大类按用户要求保留；该图片小类基本匹配。
pictureX/0611/TV cabinet/002.png,图片和附件/image 83.png,2175,0611,TV cabinet,0611,TV cabinet,否,0611 大类按用户要求保留；该图片小类基本匹配。
pictureX/0611/TV cabinet/003.png,图片和附件/image 53.png,2177,0611,TV cabinet,0611,TV cabinet,否,0611 大类按用户要求保留；该图片小类基本匹配。
pictureX/0611/TV cabinet/004.png,图片和附件/image 694.png,2179,0611,TV cabinet,0611,TV cabinet,否,0611 大类按用户要求保留；该图片小类基本匹配。
pictureX/0611/TV cabinet/005.png,图片和附件/baed6bb38bddb780e0b15937e955ed19_4l9aeCmQ5CGAAAAAElFTkSuQmCC.png,2181,0611,TV cabinet,0611,TV cabinet,否,0611 大类按用户要求保留；该图片小类基本匹配。
pictureX/0611/TV cabinet/006.png,图片和附件/image 40.png,2183,0611,TV cabinet,0611,TV cabinet,否,0611 大类按用户要求保留；该图片小类基本匹配。
pictureX/0611/TV cabinet/007.png,图片和附件/image 702.png,2185,0611,TV cabinet,0611,TV cabinet,否,0611 大类按用户要求保留；该图片小类基本匹配。
pictureX/0611/Wine rack/001.jpg,图片和附件/0ed01443a234c727dc77e63b5474394a_2Q==.jpg,2189,0611,Wine rack,0611,Wine rack,否,0611 大类按用户要求保留；该图片小类基本匹配。
pictureX/0611/wine cabinet/001.png,图片和附件/image 335.png,2193,0611,wine cabinet,0611,wine cabinet,否,0611 大类按用户要求保留；该图片小类基本匹配。
pictureX/0611/wine cabinet/002.png,图片和附件/image 559.png,2195,0611,wine cabinet,0611,wine cabinet,否,0611 大类按用户要求保留；该图片小类基本匹配。
pictureX/0611/wine cabinet/003.png,图片和附件/image 29.png,2197,0611,wine cabinet,0611,wine cabinet,否,0611 大类按用户要求保留；该图片小类基本匹配。
pictureX/0611/wine cabinet/004.png,图片和附件/image 121.png,2199,0611,wine cabinet,0611,wine cabinet,否,0611 大类按用户要求保留；该图片小类基本匹配。
pictureX/0611/wine cabinet/005.png,图片和附件/image 427.png,2201,0611,wine cabinet,0611,wine cabinet,否,0611 大类按用户要求保留；该图片小类基本匹配。
pictureX/0611/wine cabinet/006.png,图片和附件/image 234.png,2203,0611,wine cabinet,0611,wine cabinet,否,0611 大类按用户要求保留；该图片小类基本匹配。
pictureX/0611/wine cabinet/007.png,图片和附件/image 617.png,2205,0611,wine cabinet,0611,wine cabinet,否,0611 大类按用户要求保留；该图片小类基本匹配。
pictureX/0611/wine cabinet/008.png,图片和附件/image 134.png,2207,0611,wine cabinet,0611,wine cabinet,否,0611 大类按用户要求保留；该图片小类基本匹配。
pictureX/0611/wine cabinet/009.png,图片和附件/image 696.png,2209,0611,wine cabinet,0611,wine cabinet,否,0611 大类按用户要求保留；该图片小类基本匹配。
pictureX/0611/wine cabinet/010.png,图片和附件/image 233.png,2211,0611,wine cabinet,0611,wine cabinet,否,0611 大类按用户要求保留；该图片小类基本匹配。
pictureX/0611/wine cabinet/011.png,图片和附件/image 752.png,2213,0611,wine cabinet,0611,wine cabinet,否,0611 大类按用户要求保留；该图片小类基本匹配。
pictureX/0611/Glass display cabinet_Vitrine/001.png,图片和附件/image 675.png,2217,0611,Cabinet with glass lift-up vitrine,0611,Glass display cabinet / Vitrine,是,图片是玻璃展示柜，建议去掉过窄的 lift-up 描述。
pictureX/0611/Glass display cabinet_Vitrine/002.png,图片和附件/image 210.png,2219,0611,Cabinet with glass lift-up vitrine,0611,Glass display cabinet / Vitrine,是,图片是玻璃展示柜，建议去掉过窄的 lift-up 描述。
pictureX/0611/A-frame chalkboard_Blackboard easel/001.jpg,图片和附件/da3b55b879873f76d1ca5c31d2ac14d2_9k=.jpg,2223,0611,Floor-standing drafting table,0611,A-frame chalkboard / Blackboard easel,是,图片是落地黑板/白板式 A 字架，不是制图桌。
pictureX/0611/C-shaped sofa side table/001.jpg,图片和附件/4e3ab99c41c36f0d9673207be849147e_9k=.jpg,2227,0611,C-shaped sofa side table,0611,C-shaped sofa side table,否,0611 大类按用户要求保留；该图片小类基本匹配。
pictureX/0611/Folding sofa bed/001.png,图片和附件/image 831.png,2231,0611,Folding sofa bed,0611,Folding sofa bed,否,0611 大类按用户要求保留；该图片小类基本匹配。
pictureX/0611/Folding sofa bed/002.png,图片和附件/image 456.png,2235,0611,Folding sofa bed,0611,Folding sofa bed,否,0611 大类按用户要求保留；该图片小类基本匹配。
pictureX/0611/Folding sofa bed/003.png,图片和附件/image 867.png,2237,0611,Folding sofa bed,0611,Folding sofa bed,否,0611 大类按用户要求保留；该图片小类基本匹配。
pictureX/0611/Folding sofa bed/004.png,图片和附件/image 3.png,2239,0611,Folding sofa bed,0611,Folding sofa bed,否,0611 大类按用户要求保留；该图片小类基本匹配。
pictureX/0611/Folding sofa bed/005.png,图片和附件/image 587.png,2241,0611,Folding sofa bed,0611,Folding sofa bed,否,0611 大类按用户要求保留；该图片小类基本匹配。
pictureX/0611/Folding sofa bed/006.png,图片和附件/image 290.png,2243,0611,Folding sofa bed,0611,Folding sofa bed,否,0611 大类按用户要求保留；该图片小类基本匹配。
pictureX/0611/Dressing table/001.png,图片和附件/image 316.png,2247,0611,Dressing table,0611,Dressing table,否,0611 大类按用户要求保留；该图片小类基本匹配。
pictureX/0611/Dressing table/002.png,图片和附件/image 848.png,2249,0611,Dressing table,0611,Dressing table,否,0611 大类按用户要求保留；该图片小类基本匹配。
pictureX/0611/Dressing table/003.png,图片和附件/image 60.png,2251,0611,Dressing table,0611,Dressing table,否,0611 大类按用户要求保留；该图片小类基本匹配。
pictureX/0611/Dressing table/004.png,图片和附件/image 444.png,2253,0611,Dressing table,0611,Dressing table,否,0611 大类按用户要求保留；该图片小类基本匹配。
pictureX/0611/Dressing table/005.png,图片和附件/image 265.png,2255,0611,Dressing table,0611,Dressing table,否,0611 大类按用户要求保留；该图片小类基本匹配。
pictureX/0611/Dressing table/006.png,图片和附件/image 732.png,2257,0611,Dressing table,0611,Dressing table,否,0611 大类按用户要求保留；该图片小类基本匹配。
pictureX/0611/Table with drawers/001.png,图片和附件/image 467.png,2261,0611,Table with drawers,0611,Table with drawers,否,0611 大类按用户要求保留；该图片小类基本匹配。
pictureX/0611/Table with drawers/002.png,图片和附件/image 296.png,2263,0611,Table with drawers,0611,Table with drawers,否,0611 大类按用户要求保留；该图片小类基本匹配。
pictureX/0611/Table with drawers/003.png,图片和附件/image 800.png,2265,0611,Table with drawers,0611,Table with drawers,否,0611 大类按用户要求保留；该图片小类基本匹配。
pictureX/0611/Table with drawers/004.png,图片和附件/image 390.png,2267,0611,Table with drawers,0611,Table with drawers,否,0611 大类按用户要求保留；该图片小类基本匹配。
pictureX/0611/Table with drawers/005.png,图片和附件/image 540.png,2269,0611,Table with drawers,0611,Table with drawers,否,0611 大类按用户要求保留；该图片小类基本匹配。
pictureX/0611/Table with drawers/006.png,图片和附件/image 171.png,2271,0611,Table with drawers,0611,Table with drawers,否,0611 大类按用户要求保留；该图片小类基本匹配。
pictureX/0611/Table with drawers/007.png,图片和附件/image 282.png,2273,0611,Table with drawers,0611,Table with drawers,否,0611 大类按用户要求保留；该图片小类基本匹配。
pictureX/0611/Table with drawers/008.png,图片和附件/image 593.png,2275,0611,Table with drawers,0611,Table with drawers,否,0611 大类按用户要求保留；该图片小类基本匹配。
pictureX/0611/Table with doors and drawers/001.png,图片和附件/image 579.png,2281,0611,Table with doors and drawers,0611,Table with doors and drawers,否,0611 大类按用户要求保留；该图片小类基本匹配。
pictureX/0611/Table with doors and drawers/002.png,图片和附件/image 630.png,2283,0611,Table with doors and drawers,0611,Table with doors and drawers,否,0611 大类按用户要求保留；该图片小类基本匹配。
pictureX/0611/Office table with doors or drawers/001.png,图片和附件/image 502.png,2287,0611,Office table with doors or drawers,0611,Office table with doors or drawers,否,0611 大类按用户要求保留；该图片小类基本匹配。
pictureX/0611/Office table with doors or drawers/002.png,图片和附件/image 77.png,2289,0611,Office table with doors or drawers,0611,Office table with doors or drawers,否,0611 大类按用户要求保留；该图片小类基本匹配。
pictureX/0611/Office table with doors or drawers/003.png,图片和附件/image 66.png,2291,0611,Office table with doors or drawers,0611,Office table with doors or drawers,否,0611 大类按用户要求保留；该图片小类基本匹配。
pictureX/0611/lazy susan/001.png,图片和附件/image 153.png,2295,0611,lazy susan,0611,lazy susan,否,0611 大类按用户要求保留；该图片小类基本匹配。
pictureX/0611/lazy susan/002.png,图片和附件/image 8.png,2297,0611,lazy susan,0611,lazy susan,否,0611 大类按用户要求保留；该图片小类基本匹配。
pictureX/0611/Bench Vise/001.png,图片和附件/image 816.png,2303,0611,Bench Vise,0611,Bench Vise,否,0611 大类按用户要求保留；该图片小类基本匹配。
pictureX/0611/table tennis table/001.png,图片和附件/image 323.png,2307,0611,table tennis table,0611,table tennis table,否,0611 大类按用户要求保留；该图片小类基本匹配。
pictureX/0611/table tennis table/002.png,图片和附件/image 180.png,2309,0611,table tennis table,0611,table tennis table,否,0611 大类按用户要求保留；该图片小类基本匹配。
pictureX/0611/table tennis table/003.png,图片和附件/image 231.png,2311,0611,table tennis table,0611,table tennis table,否,0611 大类按用户要求保留；该图片小类基本匹配。
pictureX/0611/table tennis table/004.png,图片和附件/image 604.png,2313,0611,table tennis table,0611,table tennis table,否,0611 大类按用户要求保留；该图片小类基本匹配。
pictureX/0611/Industrial rolling work table/001.png,图片和附件/image 815.png,2317,0611,Industrial rolling work table,0611,Industrial rolling work table,否,0611 大类按用户要求保留；该图片小类基本匹配。
pictureX/0611/AV cart_Mobile monitor cart/001.png,图片和附件/image 158.png,2319,0611,Industrial rolling work table,0611,AV cart / Mobile monitor cart,是,图片是带显示器/设备层板的移动 AV 推车，不像工业作业台。
pictureX/0611/Industrial rolling work table/002.png,图片和附件/image 27.png,2321,0611,Industrial rolling work table,0611,Industrial rolling work table,否,0611 大类按用户要求保留；该图片小类基本匹配。
pictureX/0611/Industrial rolling work table/003.png,图片和附件/image 557.png,2323,0611,Industrial rolling work table,0611,Industrial rolling work table,否,0611 大类按用户要求保留；该图片小类基本匹配。
pictureX/0611/pulley/001.png,图片和附件/image 850.png,2327,0611,pulley,0611,pulley,否,0611 大类按用户要求保留；该图片小类基本匹配。
pictureX/0611/scanner/001.png,图片和附件/image 598.png,2333,0611,scanner,0611,scanner,否,0611 大类按用户要求保留；该图片小类基本匹配。
pictureX/0611/scanner/002.png,图片和附件/image 841.png,2335,0611,scanner,0611,scanner,否,0611 大类按用户要求保留；该图片小类基本匹配。
pictureX/0611/scanner/003.png,图片和附件/image 430.png,2337,0611,scanner,0611,scanner,否,0611 大类按用户要求保留；该图片小类基本匹配。
pictureX/0611/Golf cart/001.png,图片和附件/image 463.png,2341,0611,Golf cart,0611,Golf cart,否,0611 大类按用户要求保留；该图片小类基本匹配。
pictureX/0611/Hydraulic scissor lift table/001.png,图片和附件/image 833.png,2345,0611,hydraulic jack,0611,Hydraulic scissor lift table,是,图片是剪叉式液压升降台，不是常见液压千斤顶。
pictureX/0611/Hydraulic lift cart_Scissor lift table/001.png,图片和附件/image 387.png,2347,0611,hydraulic jack,0611,Hydraulic lift cart / Scissor lift table,是,图片是带轮剪叉式液压升降车/升降平台。
pictureX/0611/hydraulic jack/001.png,图片和附件/image 863.png,2349,0611,hydraulic jack,0611,hydraulic jack,否,0611 大类按用户要求保留；该图片小类基本匹配。
pictureX/0611/hydraulic jack/002.png,图片和附件/image 408.png,2351,0611,hydraulic jack,0611,hydraulic jack,否,0611 大类按用户要求保留；该图片小类基本匹配。
pictureX/0611/hydraulic jack/003.png,图片和附件/image 124.png,2353,0611,hydraulic jack,0611,hydraulic jack,否,0611 大类按用户要求保留；该图片小类基本匹配。
pictureX/0611/Hydraulic engine hoist_Shop crane/001.png,图片和附件/image 318.png,2357,0611,industrial crane featuring advanced hydraulic,0611,Hydraulic engine hoist / Shop crane,是,图片更像车间发动机吊/移动式液压小吊。
pictureX/0611/Hydraulic engine hoist_Shop crane/002.png,图片和附件/image 198.png,2359,0611,industrial crane featuring advanced hydraulic,0611,Hydraulic engine hoist / Shop crane,是,图片更像车间发动机吊/移动式液压小吊。
pictureX/0611/mechanical press/001.png,图片和附件/image 578.png,2365,0611,mechanical press,0611,mechanical press,否,0611 大类按用户要求保留；该图片小类基本匹配。
pictureX/0611/mechanical press/002.png,图片和附件/image 653.png,2367,0611,mechanical press,0611,mechanical press,否,0611 大类按用户要求保留；该图片小类基本匹配。
pictureX/0611/Hutch Cabinet/001.png,图片和附件/image 174.png,2371,0611,Hutch Cabinet,0611,Hutch Cabinet,否,0611 大类按用户要求保留；该图片小类基本匹配。
pictureX/0611/bookcase/001.png,图片和附件/image 38.png,2375,0611,bookcase,0611,bookcase,否,0611 大类按用户要求保留；该图片小类基本匹配。
pictureX/0611/bookcase/002.png,图片和附件/image 509.png,2377,0611,bookcase,0611,bookcase,否,0611 大类按用户要求保留；该图片小类基本匹配。
pictureX/0611/bookcase/003.png,图片和附件/image 708.png,2379,0611,bookcase,0611,bookcase,否,0611 大类按用户要求保留；该图片小类基本匹配。
pictureX/0611/bookcase/004.png,图片和附件/image 580.png,2381,0611,bookcase,0611,bookcase,否,0611 大类按用户要求保留；该图片小类基本匹配。
pictureX/0611/bookcase/005.png,图片和附件/image 529.png,2383,0611,bookcase,0611,bookcase,否,0611 大类按用户要求保留；该图片小类基本匹配。
pictureX/0611/bookcase/006.png,图片和附件/image 542.png,2385,0611,bookcase,0611,bookcase,否,0611 大类按用户要求保留；该图片小类基本匹配。
pictureX/0611/bookcase/007.png,图片和附件/image 698.png,2387,0611,bookcase,0611,bookcase,否,0611 大类按用户要求保留；该图片小类基本匹配。
pictureX/0611/bookcase/008.png,图片和附件/image 710.png,2389,0611,bookcase,0611,bookcase,否,0611 大类按用户要求保留；该图片小类基本匹配。
pictureX/0611/bookcase/009.png,图片和附件/image 766.png,2391,0611,bookcase,0611,bookcase,否,0611 大类按用户要求保留；该图片小类基本匹配。
pictureX/0611/bookcase/010.png,图片和附件/image 383.png,2393,0611,bookcase,0611,bookcase,否,0611 大类按用户要求保留；该图片小类基本匹配。
pictureX/0611/bookcase/011.png,图片和附件/image 102.png,2395,0611,bookcase,0611,bookcase,否,0611 大类按用户要求保留；该图片小类基本匹配。
pictureX/0611/bookcase/012.png,图片和附件/image 581.png,2397,0611,bookcase,0611,bookcase,否,0611 大类按用户要求保留；该图片小类基本匹配。
pictureX/0611/ball transfer unit with spring loaded ball/001.png,图片和附件/image 54.png,2401,0611,ball transfer unit with spring loaded ball,0611,ball transfer unit with spring loaded ball,否,0611 大类按用户要求保留；该图片小类基本匹配。
pictureX/0611/ball valve with quarter turn handle/001.png,图片和附件/image 400.png,2405,0611,ball valve with quarter turn handle,0611,ball valve with quarter turn handle,否,0611 大类按用户要求保留；该图片小类基本匹配。
pictureX/0611/bevel gear pair with perpendicular shafts/001.png,图片和附件/image 858.png,2409,0611,bevel gear pair with perpendicular shafts,0611,bevel gear pair with perpendicular shafts,否,0611 大类按用户要求保留；该图片小类基本匹配。
pictureX/0611/bevel gear pair with perpendicular shafts/002.png,图片和附件/image 350.png,2411,0611,bevel gear pair with perpendicular shafts,0611,bevel gear pair with perpendicular shafts,否,0611 大类按用户要求保留；该图片小类基本匹配。
pictureX/0611/butterfly valve with lever operator/001.png,图片和附件/image 691.png,2415,0611,butterfly valve with lever operator,0611,butterfly valve with lever operator,否,0611 大类按用户要求保留；该图片小类基本匹配。
pictureX/0611/car scissor jack with screw mechanism/001.png,图片和附件/image 146.png,2419,0611,car scissor jack with screw mechanism,0611,car scissor jack with screw mechanism,否,0611 大类按用户要求保留；该图片小类基本匹配。
pictureX/0611/drafting table with adjustable tilt surface/001.png,图片和附件/image 249.png,2431,0611,drafting table with adjustable tilt surface,0611,drafting table with adjustable tilt surface,否,0611 大类按用户要求保留；该图片小类基本匹配。
pictureX/0611/drafting table with adjustable tilt surface/002.png,图片和附件/image 554.png,2433,0611,drafting table with adjustable tilt surface,0611,drafting table with adjustable tilt surface,否,0611 大类按用户要求保留；该图片小类基本匹配。
pictureX/0611/drafting table with adjustable tilt surface/003.png,图片和附件/image 571.png,2435,0611,drafting table with adjustable tilt surface,0611,drafting table with adjustable tilt surface,否,0611 大类按用户要求保留；该图片小类基本匹配。
pictureX/0611/drafting table with adjustable tilt surface/004.png,图片和附件/image 342.png,2437,0611,drafting table with adjustable tilt surface,0611,drafting table with adjustable tilt surface,否,0611 大类按用户要求保留；该图片小类基本匹配。
pictureX/0611/drafting table with adjustable tilt surface/005.png,图片和附件/image 519.png,2439,0611,drafting table with adjustable tilt surface,0611,drafting table with adjustable tilt surface,否,0611 大类按用户要求保留；该图片小类基本匹配。
pictureX/0611/drum pedal with beater and spring return/001.png,图片和附件/image 164.png,2443,0611,drum pedal with beater and spring return,0611,drum pedal with beater and spring return,否,0611 大类按用户要求保留；该图片小类基本匹配。
pictureX/0611/elevator button panel/001.png,图片和附件/image 668.png,2447,0611,elevator button panel,0611,elevator button panel,否,0611 大类按用户要求保留；该图片小类基本匹配。
pictureX/0611/elevator button panel/002.png,图片和附件/image 505.png,2449,0611,elevator button panel,0611,elevator button panel,否,0611 大类按用户要求保留；该图片小类基本匹配。
pictureX/0611/Clamp-mounted laptop stand_Adjustable laptop arm/001.png,图片和附件/image 326.png,2453,0611,ergonomic clamp with adjustable components,0611,Clamp-mounted laptop stand / Adjustable laptop arm,是,图片是夹桌式笔记本电脑支臂/支架。
pictureX/0611/Clamp-mounted laptop stand_Adjustable laptop arm/002.png,图片和附件/image 403.png,2455,0611,ergonomic clamp with adjustable components,0611,Clamp-mounted laptop stand / Adjustable laptop arm,是,图片是可调笔记本电脑支臂/支架。
pictureX/0611/Clamp-on keyboard tray/001.png,图片和附件/image 483.png,2457,0611,ergonomic clamp with adjustable components,0611,Clamp-on keyboard tray,是,图片是键盘托架夹具，不是泛泛的 ergonomic clamp。
pictureX/0611/Adjustable laptop stand/001.png,图片和附件/image 58.png,2459,0611,ergonomic clamp with adjustable components,0611,Adjustable laptop stand,是,图片是可调笔记本支架，没有夹具结构。
pictureX/0611/flaring tool with cone and clamp/001.png,图片和附件/image 78.png,2463,0611,flaring tool with cone and clamp,0611,flaring tool with cone and clamp,否,0611 大类按用户要求保留；该图片小类基本匹配。
pictureX/0611/flaring tool with cone and clamp/002.png,图片和附件/image 312.png,2465,0611,flaring tool with cone and clamp,0611,flaring tool with cone and clamp,否,0611 大类按用户要求保留；该图片小类基本匹配。
pictureX/0611/flexible track lighting system/001.png,图片和附件/image 381.png,2469,0611,flexible track lighting system,0611,flexible track lighting system,否,0611 大类按用户要求保留；该图片小类基本匹配。
pictureX/0611/flexible track lighting system/002.png,图片和附件/image 127.png,2471,0611,flexible track lighting system,0611,flexible track lighting system,否,0611 大类按用户要求保留；该图片小类基本匹配。
pictureX/0611/Folding ruler/001.png,图片和附件/image 190.png,2475,0611,Folding ruler,0611,Folding ruler,否,0611 大类按用户要求保留；该图片小类基本匹配。
pictureX/0611/Folding ruler/002.png,图片和附件/image 212.png,2477,0611,Folding ruler,0611,Folding ruler,否,0611 大类按用户要求保留；该图片小类基本匹配。
pictureX/0611/garlic press/001.png,图片和附件/image 404.png,2481,0611,garlic press,0611,garlic press,否,0611 大类按用户要求保留；该图片小类基本匹配。
pictureX/0611/garlic press/002.png,图片和附件/image 236.png,2483,0611,garlic press,0611,garlic press,否,0611 大类按用户要求保留；该图片小类基本匹配。
pictureX/0611/garlic press/003.png,图片和附件/image 678.png,2485,0611,garlic press,0611,garlic press,否,0611 大类按用户要求保留；该图片小类基本匹配。
pictureX/0611/garlic press/004.png,图片和附件/image 92.png,2487,0611,garlic press,0611,garlic press,否,0611 大类按用户要求保留；该图片小类基本匹配。
pictureX/0611/garlic press/005.png,图片和附件/image 361.png,2489,0611,garlic press,0611,garlic press,否,0611 大类按用户要求保留；该图片小类基本匹配。
pictureX/0611/garlic press/006.png,图片和附件/image 64.png,2491,0611,garlic press,0611,garlic press,否,0611 大类按用户要求保留；该图片小类基本匹配。
pictureX/0611/guitar tuning peg mechanism/001.png,图片和附件/image 552.png,2495,0611,guitar tuning peg mechanism,0611,guitar tuning peg mechanism,否,0611 大类按用户要求保留；该图片小类基本匹配。
pictureX/0611/gyroscope with spinning wheel and gimbal rings/001.png,图片和附件/image 806.png,2499,0611,gyroscope with spinning wheel and gimbal rings,0611,gyroscope with spinning wheel and gimbal rings,否,0611 大类按用户要求保留；该图片小类基本匹配。
pictureX/0611/gyroscope with spinning wheel and gimbal rings/002.png,图片和附件/image 218.png,2501,0611,gyroscope with spinning wheel and gimbal rings,0611,gyroscope with spinning wheel and gimbal rings,否,0611 大类按用户要求保留；该图片小类基本匹配。
pictureX/0611/Ice cream machine/001.png,图片和附件/image 586.png,2507,0611,Ice crream machine,0611,Ice cream machine,是,修正 crream 拼写错误。
pictureX/0611/Ice cream machine/002.png,图片和附件/image 59.png,2509,0611,Ice crream machine,0611,Ice cream machine,是,修正 crream 拼写错误。
pictureX/0611/Ice cream machine/003.png,图片和附件/image 191.png,2511,0611,Ice crream machine,0611,Ice cream machine,是,修正 crream 拼写错误。
pictureX/0611/Ice cream machine/004.png,图片和附件/image 406.png,2513,0611,Ice crream machine,0611,Ice cream machine,是,修正 crream 拼写错误。
pictureX/0611/Manual shaved ice machine_Ice shaver/001.png,图片和附件/image 477.png,2515,0611,Ice crream machine,0611,Manual shaved ice machine / Ice shaver,是,图片是手动刨冰机，不是冰淇淋机。
pictureX/0611/compass/001.png,图片和附件/image 672.png,2519,0611,compass,0611,compass,否,0611 大类按用户要求保留；该图片小类基本匹配。
pictureX/0611/Mechanical calculator/001.png,图片和附件/image 514.png,2523,0611,Mechanical calculator,0611,Mechanical calculator,否,0611 大类按用户要求保留；该图片小类基本匹配。
pictureX/0611/Mechanical calculator/002.png,图片和附件/image 385.png,2525,0611,Mechanical calculator,0611,Mechanical calculator,否,0611 大类按用户要求保留；该图片小类基本匹配。
pictureX/0611/Mechanical calculator/003.png,图片和附件/image 830.png,2527,0611,Mechanical calculator,0611,Mechanical calculator,否,0611 大类按用户要求保留；该图片小类基本匹配。
pictureX/0611/Air blower/001.png,图片和附件/image 454.png,2531,0611,Air blower,0611,Air blower,否,0611 大类按用户要求保留；该图片小类基本匹配。
pictureX/0611/Air blower/002.png,图片和附件/image 278.png,2533,0611,Air blower,0611,Air blower,否,0611 大类按用户要求保留；该图片小类基本匹配。
pictureX/0611/Butter maker/001.png,图片和附件/image 139.png,2537,0611,Butter maker,0611,Butter maker,否,0611 大类按用户要求保留；该图片小类基本匹配。
pictureX/0611/Centrifuge machine/001.png,图片和附件/image 516.png,2547,0611,centrifuge machine1,0611,Centrifuge machine,是,不建议用编号 1/2 作为小类名。
pictureX/0611/Centrifuge machine/002.png,图片和附件/image 25.png,2551,0611,centrifuge machine2,0611,Centrifuge machine,是,不建议用编号 1/2 作为小类名。
pictureX/0611/Manual cream separator/001.png,图片和附件/image 353.png,2553,0611,centrifuge machine2,0611,Manual cream separator,是,图片是手动奶油/牛奶分离器，不是实验室离心机。
pictureX/0611/Chain separator/001.png,图片和附件/image 798.png,2557,0611,Chain separator,0611,Chain separator,否,0611 大类按用户要求保留；该图片小类基本匹配。
pictureX/0611/meat grinder/001.png,图片和附件/image 17.png,2561,0611,meat grinder,0611,meat grinder,否,0611 大类按用户要求保留；该图片小类基本匹配。
pictureX/0611/meat grinder/002.png,图片和附件/image 287.png,2563,0611,meat grinder,0611,meat grinder,否,0611 大类按用户要求保留；该图片小类基本匹配。
pictureX/0611/meat grinder/003.png,图片和附件/image 521.png,2565,0611,meat grinder,0611,meat grinder,否,0611 大类按用户要求保留；该图片小类基本匹配。
pictureX/0611/hand operated metal brake for bending sheet metal/001.png,图片和附件/image 451.png,2569,0611,hand operated metal brake for bending sheet metal,0611,hand operated metal brake for bending sheet metal,否,0611 大类按用户要求保留；该图片小类基本匹配。
pictureX/0611/Metal bender_Ornamental metal bender/001.png,图片和附件/image 836.png,2573,0611,Metal blender,0611,Metal bender / Ornamental metal bender,是,原名 blender 应为 bender；图片是金属弯曲器。
pictureX/0611/hand operated pasta maker with rollers and crank/001.png,图片和附件/image 714.png,2579,0611,hand operated pasta maker with rollers and crank,0611,hand operated pasta maker with rollers and crank,否,0611 大类按用户要求保留；该图片小类基本匹配。
pictureX/0611/rivet squeeze/001.png,图片和附件/image 291.png,2583,0611,rivet squeeze,0611,rivet squeeze,否,0611 大类按用户要求保留；该图片小类基本匹配。
pictureX/0611/rivet squeeze/002.png,图片和附件/image 438.png,2585,0611,rivet squeeze,0611,rivet squeeze,否,0611 大类按用户要求保留；该图片小类基本匹配。
pictureX/0611/rivet squeeze/003.png,图片和附件/image 216.png,2587,0611,rivet squeeze,0611,rivet squeeze,否,0611 大类按用户要求保留；该图片小类基本匹配。
pictureX/0611/rivet squeeze/004.png,图片和附件/image 331.png,2589,0611,rivet squeeze,0611,rivet squeeze,否,0611 大类按用户要求保留；该图片小类基本匹配。
pictureX/0611/seeder/001.png,图片和附件/image 497.png,2593,0611,seeder,0611,seeder,否,0611 大类按用户要求保留；该图片小类基本匹配。
pictureX/0611/seeder/002.png,图片和附件/image 225.png,2595,0611,seeder,0611,seeder,否,0611 大类按用户要求保留；该图片小类基本匹配。
pictureX/0611/seeder/003.png,图片和附件/image 475.png,2597,0611,seeder,0611,seeder,否,0611 大类按用户要求保留；该图片小类基本匹配。
pictureX/0611/generator/001.png,图片和附件/image 680.png,2607,0611,generator,0611,generator,否,0611 大类按用户要求保留；该图片小类基本匹配。
pictureX/0611/generator/002.png,图片和附件/image 23.png,2609,0611,generator,0611,generator,否,0611 大类按用户要求保留；该图片小类基本匹配。
pictureX/0611/generator/003.png,图片和附件/image 523.png,2611,0611,generator,0611,generator,否,0611 大类按用户要求保留；该图片小类基本匹配。
pictureX/0611/generator/004.png,图片和附件/image 178.png,2613,0611,generator,0611,generator,否,0611 大类按用户要求保留；该图片小类基本匹配。
pictureX/0611/Garden pruner/001.png,图片和附件/image 168.png,2617,0611,Garden pruner,0611,Garden pruner,否,0611 大类按用户要求保留；该图片小类基本匹配。
pictureX/0611/Garden pruner/002.png,图片和附件/image 686.png,2619,0611,Garden pruner,0611,Garden pruner,否,0611 大类按用户要求保留；该图片小类基本匹配。
pictureX/0611/Manual water dispenser pump/001.png,图片和附件/image 118.png,2623,0611,Manual water dispenser pump,0611,Manual water dispenser pump,否,0611 大类按用户要求保留；该图片小类基本匹配。
pictureX/0611/Manual water dispenser pump/002.png,图片和附件/image 677.png,2625,0611,Manual water dispenser pump,0611,Manual water dispenser pump,否,0611 大类按用户要求保留；该图片小类基本匹配。
pictureX/0611/laser level tripod/001.png,图片和附件/image 603.png,2629,0611,laser level tripod,0611,laser level tripod,否,0611 大类按用户要求保留；该图片小类基本匹配。
pictureX/0611/folders/001.png,图片和附件/image 201.png,2633,0611,folders,0611,folders,否,0611 大类按用户要求保留；该图片小类基本匹配。
pictureX/0611/linear bearing slide with rail/001.png,图片和附件/image 828.png,2637,0611,linear bearing slide with rail,0611,linear bearing slide with rail,否,0611 大类按用户要求保留；该图片小类基本匹配。
pictureX/0611/linear bearing slide with rail/002.png,图片和附件/image 228.png,2639,0611,linear bearing slide with rail,0611,linear bearing slide with rail,否,0611 大类按用户要求保留；该图片小类基本匹配。
pictureX/0611/Can opener/001.png,图片和附件/image 238.png,2643,0611,Lid opener,0611,Can opener,是,图片是开罐器。
pictureX/0611/juicer press with handle/001.png,图片和附件/image 757.png,2647,0611,juicer press with handle,0611,juicer press with handle,否,0611 大类按用户要求保留；该图片小类基本匹配。
pictureX/0611/Hand-crank clothes wringer/001.png,图片和附件/image 371.png,2651,0611,Hand-crank clothes wringer,0611,Hand-crank clothes wringer,否,0611 大类按用户要求保留；该图片小类基本匹配。
pictureX/0611/manual coffee grinder/001.png,图片和附件/image 376.png,2655,0611,manual coffee grinder,0611,manual coffee grinder,否,0611 大类按用户要求保留；该图片小类基本匹配。
pictureX/0611/manual coffee grinder/002.png,图片和附件/image 657.png,2657,0611,manual coffee grinder,0611,manual coffee grinder,否,0611 大类按用户要求保留；该图片小类基本匹配。
pictureX/0611/manual coffee grinder/003.png,图片和附件/image 719.png,2659,0611,manual coffee grinder,0611,manual coffee grinder,否,0611 大类按用户要求保留；该图片小类基本匹配。
pictureX/0611/manual grain mill/001.png,图片和附件/image 640.png,2663,0611,manual grain mill,0611,manual grain mill,否,0611 大类按用户要求保留；该图片小类基本匹配。
pictureX/0611/manual grain mill/002.png,图片和附件/image 308.png,2665,0611,manual grain mill,0611,manual grain mill,否,0611 大类按用户要求保留；该图片小类基本匹配。
pictureX/0611/manual hand drill/001.png,图片和附件/image 104.png,2669,0611,manual hand drill,0611,manual hand drill,否,0611 大类按用户要求保留；该图片小类基本匹配。
pictureX/0611/manual pipe bender/001.png,图片和附件/image 564.png,2673,0611,manual pipe bender,0611,manual pipe bender,否,0611 大类按用户要求保留；该图片小类基本匹配。
pictureX/0611/manual pipe bender/002.png,图片和附件/image 716.png,2675,0611,manual pipe bender,0611,manual pipe bender,否,0611 大类按用户要求保留；该图片小类基本匹配。
pictureX/0611/manual pipe bender/003.png,图片和附件/image 614.png,2677,0611,manual pipe bender,0611,manual pipe bender,否,0611 大类按用户要求保留；该图片小类基本匹配。
pictureX/0611/manual pipe bender/004.png,图片和附件/image 95.png,2679,0611,manual pipe bender,0611,manual pipe bender,否,0611 大类按用户要求保留；该图片小类基本匹配。
pictureX/0611/manual pipe bender/005.png,图片和附件/image 726.png,2681,0611,manual pipe bender,0611,manual pipe bender,否,0611 大类按用户要求保留；该图片小类基本匹配。
pictureX/0611/mechanical metronome with pendulum/001.png,图片和附件/image 486.png,2685,0611,mechanical metronome with pendulum,0611,mechanical metronome with pendulum,否,0611 大类按用户要求保留；该图片小类基本匹配。
pictureX/0611/mechanical timer with rotating dial/001.png,图片和附件/image 703.png,2689,0611,mechanical timer with rotating dial,0611,mechanical timer with rotating dial,否,0611 大类按用户要求保留；该图片小类基本匹配。
pictureX/0611/mechanical timer with rotating dial/002.png,图片和附件/image 229.png,2691,0611,mechanical timer with rotating dial,0611,mechanical timer with rotating dial,否,0611 大类按用户要求保留；该图片小类基本匹配。
pictureX/0611/mechanical timer with rotating dial/003.png,图片和附件/image 270.png,2693,0611,mechanical timer with rotating dial,0611,mechanical timer with rotating dial,否,0611 大类按用户要求保留；该图片小类基本匹配。
pictureX/0611/mechanical timer with rotating dial/004.png,图片和附件/image 862.png,2695,0611,mechanical timer with rotating dial,0611,mechanical timer with rotating dial,否,0611 大类按用户要求保留；该图片小类基本匹配。
pictureX/0611/microphone boom arm/001.png,图片和附件/image 311.png,2701,0611,microphone boom arm,0611,microphone boom arm,否,0611 大类按用户要求保留；该图片小类基本匹配。
pictureX/0611/microphone boom arm/002.png,图片和附件/image 21.png,2703,0611,microphone boom arm,0611,microphone boom arm,否,0611 大类按用户要求保留；该图片小类基本匹配。
pictureX/0611/microphone boom arm/003.png,图片和附件/image 555.png,2705,0611,microphone boom arm,0611,microphone boom arm,否,0611 大类按用户要求保留；该图片小类基本匹配。
pictureX/0611/microphone boom arm/004.png,图片和附件/image 606.png,2707,0611,microphone boom arm,0611,microphone boom arm,否,0611 大类按用户要求保留；该图片小类基本匹配。
pictureX/0611/Book stand_Reading stand/001.png,图片和附件/image 222.png,2711,0611,Music stand,0611,Book stand / Reading stand,是,图片是桌面读书架/书本支架，不是乐谱架。
pictureX/0611/Adjustable book stand_Reading stand/001.png,图片和附件/image 196.png,2713,0611,Music stand,0611,Adjustable book stand / Reading stand,是,图片是可升降读书架/书本支架，不是乐谱架。
pictureX/0611/Music stand/001.png,图片和附件/image 658.png,2715,0611,Music stand,0611,Music stand,否,0611 大类按用户要求保留；该图片小类基本匹配。
pictureX/0611/Music stand/002.png,图片和附件/image 576.png,2717,0611,Music stand,0611,Music stand,否,0611 大类按用户要求保留；该图片小类基本匹配。
pictureX/0611/Music stand/003.png,图片和附件/image 808.png,2719,0611,Music stand,0611,Music stand,否,0611 大类按用户要求保留；该图片小类基本匹配。
pictureX/0611/Music stand/004.png,图片和附件/image 114.png,2721,0611,Music stand,0611,Music stand,否,0611 大类按用户要求保留；该图片小类基本匹配。
pictureX/0611/overhead projector with articulating mirror/001.png,图片和附件/image 443.png,2725,0611,overhead projector with articulating mirror,0611,overhead projector with articulating mirror,否,0611 大类按用户要求保留；该图片小类基本匹配。
pictureX/0611/projector/001.png,图片和附件/image 303.png,2729,0611,projector,0611,projector,否,0611 大类按用户要求保留；该图片小类基本匹配。
pictureX/0611/Hole punch/001.png,图片和附件/image 479.png,2733,0611,Hole punch,0611,Hole punch,否,0611 大类按用户要求保留；该图片小类基本匹配。
pictureX/0611/Hole punch/002.png,图片和附件/image 266.png,2735,0611,Hole punch,0611,Hole punch,否,0611 大类按用户要求保留；该图片小类基本匹配。
pictureX/0611/Hole punch/003.png,图片和附件/image 487.png,2737,0611,Hole punch,0611,Hole punch,否,0611 大类按用户要求保留；该图片小类基本匹配。
pictureX/0611/Hole punch/004.png,图片和附件/image 195.png,2739,0611,Hole punch,0611,Hole punch,否,0611 大类按用户要求保留；该图片小类基本匹配。
pictureX/0611/Hole punch/005.png,图片和附件/image 498.png,2741,0611,Hole punch,0611,Hole punch,否,0611 大类按用户要求保留；该图片小类基本匹配。
pictureX/0611/pepper mill with rotating grinder mechanism/001.png,图片和附件/image 67.png,2745,0611,pepper mill with rotating grinder mechanism,0611,pepper mill with rotating grinder mechanism,否,0611 大类按用户要求保留；该图片小类基本匹配。
pictureX/0611/piano bench/001.png,图片和附件/image 415.png,2751,0611,piano bench,0611,piano bench,否,0611 大类按用户要求保留；该图片小类基本匹配。
pictureX/0611/piano bench/002.png,图片和附件/image 298.png,2753,0611,piano bench,0611,piano bench,否,0611 大类按用户要求保留；该图片小类基本匹配。
pictureX/0611/piano bench/003.png,图片和附件/image 441.png,2755,0611,piano bench,0611,piano bench,否,0611 大类按用户要求保留；该图片小类基本匹配。
pictureX/0611/protractor with swing arm/001.png,图片和附件/image 172.png,2759,0611,protractor with swing arm,0611,protractor with swing arm,否,0611 大类按用户要求保留；该图片小类基本匹配。
pictureX/0611/protractor with swing arm/002.png,图片和附件/image 623.png,2761,0611,protractor with swing arm,0611,protractor with swing arm,否,0611 大类按用户要求保留；该图片小类基本匹配。
pictureX/0611/protractor with swing arm/003.png,图片和附件/image 436.png,2763,0611,protractor with swing arm,0611,protractor with swing arm,否,0611 大类按用户要求保留；该图片小类基本匹配。
pictureX/0611/ratchet strap/001.png,图片和附件/image 144.png,2769,0611,ratchet strap,0611,ratchet strap,否,0611 大类按用户要求保留；该图片小类基本匹配。
pictureX/0611/ratchet strap/002.png,图片和附件/image 655.png,2771,0611,ratchet strap,0611,ratchet strap,否,0611 大类按用户要求保留；该图片小类基本匹配。
pictureX/0611/Manual hand winch_Trailer winch/001.png,图片和附件/image 88.png,2775,0611,sailboat winch with pawl and handle,0611,Manual hand winch / Trailer winch,是,图片是通用手摇绞盘/拖车绞盘，非帆船专用。
pictureX/0611/Manual hand winch_Trailer winch/002.png,图片和附件/image 362.png,2777,0611,sailboat winch with pawl and handle,0611,Manual hand winch / Trailer winch,是,图片是通用手摇绞盘，非帆船专用。
pictureX/0611/Manual hand winch_Trailer winch/003.png,图片和附件/image 671.png,2779,0611,sailboat winch with pawl and handle,0611,Manual hand winch / Trailer winch,是,图片是通用手摇绞盘，非帆船专用。
pictureX/0611/sprinkler head with rotating arms/001.png,图片和附件/image 805.png,2783,0611,sprinkler head with rotating arms,0611,sprinkler head with rotating arms,否,0611 大类按用户要求保留；该图片小类基本匹配。
pictureX/0611/sprinkler head with rotating arms/002.png,图片和附件/image 101.png,2785,0611,sprinkler head with rotating arms,0611,sprinkler head with rotating arms,否,0611 大类按用户要求保留；该图片小类基本匹配。
pictureX/0611/sprinkler head with rotating arms/003.png,图片和附件/image 203.png,2787,0611,sprinkler head with rotating arms,0611,sprinkler head with rotating arms,否,0611 大类按用户要求保留；该图片小类基本匹配。
pictureX/0611/telescoping fishing rod/001.png,图片和附件/image 494.png,2791,0611,telescoping fishing rod,0611,telescoping fishing rod,否,0611 大类按用户要求保留；该图片小类基本匹配。
pictureX/0611/telescoping fishing rod/002.png,图片和附件/image 220.png,2793,0611,telescoping fishing rod,0611,telescoping fishing rod,否,0611 大类按用户要求保留；该图片小类基本匹配。
pictureX/0611/telescoping pointer/001.png,图片和附件/image 242.png,2797,0611,telescoping pointer,0611,telescoping pointer,否,0611 大类按用户要求保留；该图片小类基本匹配。
pictureX/0611/trombone/001.png,图片和附件/image 472.png,2801,0611,trombone,0611,trombone,否,0611 大类按用户要求保留；该图片小类基本匹配。
pictureX/0611/trombone/002.png,图片和附件/image 609.png,2803,0611,trombone,0611,trombone,否,0611 大类按用户要求保留；该图片小类基本匹配。
pictureX/0611/trumpet/001.png,图片和附件/image 128.png,2807,0611,trumpet,0611,trumpet,否,0611 大类按用户要求保留；该图片小类基本匹配。
pictureX/0611/trumpet/002.png,图片和附件/image 156.png,2809,0611,trumpet,0611,trumpet,否,0611 大类按用户要求保留；该图片小类基本匹配。
pictureX/0611/tube cutter/001.png,图片和附件/image 336.png,2813,0611,tube cutter,0611,tube cutter,否,0611 大类按用户要求保留；该图片小类基本匹配。
pictureX/0611/tube cutter/002.png,图片和附件/image 504.png,2815,0611,tube cutter,0611,tube cutter,否,0611 大类按用户要求保留；该图片小类基本匹配。
pictureX/0611/tube cutter/003.png,图片和附件/image 670.png,2817,0611,tube cutter,0611,tube cutter,否,0611 大类按用户要求保留；该图片小类基本匹配。
pictureX/0611/turnbuckle/001.png,图片和附件/image 297.png,2821,0611,turnbuckle,0611,turnbuckle,否,0611 大类按用户要求保留；该图片小类基本匹配。
pictureX/0611/speed gate/001.png,图片和附件/image 325.png,2825,0611,speed gate,0611,speed gate,否,0611 大类按用户要求保留；该图片小类基本匹配。
pictureX/0611/speed gate/002.png,图片和附件/image 1.png,2827,0611,speed gate,0611,speed gate,否,0611 大类按用户要求保留；该图片小类基本匹配。
pictureX/0611/full height turnstile/001.png,图片和附件/image 556.png,2833,0611,full height turnstile,0611,full height turnstile,否,0611 大类按用户要求保留；该图片小类基本匹配。
pictureX/0611/full height turnstile/002.png,图片和附件/image 163.png,2835,0611,full height turnstile,0611,full height turnstile,否,0611 大类按用户要求保留；该图片小类基本匹配。
pictureX/0611/full height turnstile/003.png,图片和附件/image 402.png,2837,0611,full height turnstile,0611,full height turnstile,否,0611 大类按用户要求保留；该图片小类基本匹配。
pictureX/0611/full height turnstile/004.png,图片和附件/image 846.png,2839,0611,full height turnstile,0611,full height turnstile,否,0611 大类按用户要求保留；该图片小类基本匹配。
pictureX/0611/sliding turnstile/001.png,图片和附件/71d68472-0b3a-4dcb-a247-62fea5bc6fee.png,2845,0611,sliding turnstile,0611,sliding turnstile,否,0611 大类按用户要求保留；该图片小类基本匹配。
pictureX/0611/sliding turnstile/002.png,图片和附件/image2_speed_gate.png,2847,0611,sliding turnstile,0611,sliding turnstile,否,0611 大类按用户要求保留；该图片小类基本匹配。
pictureX/0611/sliding turnstile/003.png,图片和附件/637648978659378970200.png,2849,0611,sliding turnstile,0611,sliding turnstile,否,0611 大类按用户要求保留；该图片小类基本匹配。
pictureX/0611/sliding turnstile/004.png,图片和附件/image1_flap_barrier.png,2851,0611,sliding turnstile,0611,sliding turnstile,否,0611 大类按用户要求保留；该图片小类基本匹配。
pictureX/0611/flap barrier turnstile/001.png,图片和附件/flap_turnstile_j281.png,2857,0611,flap barrier turnstile,0611,flap barrier turnstile,否,0611 大类按用户要求保留；该图片小类基本匹配。
pictureX/0611/flap barrier turnstile/002.png,图片和附件/翼中翼.png,2859,0611,flap barrier turnstile,0611,flap barrier turnstile,否,0611 大类按用户要求保留；该图片小类基本匹配。
pictureX/0611/flap barrier turnstile/003.png,图片和附件/flap_barrier_turnstile.png,2861,0611,flap barrier turnstile,0611,flap barrier turnstile,否,0611 大类按用户要求保留；该图片小类基本匹配。
pictureX/0611/tv wall mount/001.png,图片和附件/image 597.png,2867,0611,tv wall mount,0611,tv wall mount,否,0611 大类按用户要求保留；该图片小类基本匹配。
pictureX/0611/tv wall mount/002.png,图片和附件/image 791.png,2869,0611,tv wall mount,0611,tv wall mount,否,0611 大类按用户要求保留；该图片小类基本匹配。
pictureX/0611/tv wall mount/003.png,图片和附件/image 348.png,2871,0611,tv wall mount,0611,tv wall mount,否,0611 大类按用户要求保留；该图片小类基本匹配。
pictureX/0611/tv wall mount/004.png,图片和附件/image 611.png,2873,0611,tv wall mount,0611,tv wall mount,否,0611 大类按用户要求保留；该图片小类基本匹配。
pictureX/0611/universal joint/001.png,图片和附件/image 421.png,2877,0611,universal joint,0611,universal joint,否,0611 大类按用户要求保留；该图片小类基本匹配。
pictureX/0611/universal joint/002.png,图片和附件/image 341.png,2879,0611,universal joint,0611,universal joint,否,0611 大类按用户要求保留；该图片小类基本匹配。
pictureX/0611/waffle maker/001.png,图片和附件/image 41.png,2883,0611,waffle maker,0611,waffle maker,否,0611 大类按用户要求保留；该图片小类基本匹配。
pictureX/0611/waffle maker/002.png,图片和附件/image 106.png,2885,0611,waffle maker,0611,waffle maker,否,0611 大类按用户要求保留；该图片小类基本匹配。
pictureX/0611/waffle maker/003.png,图片和附件/image 508.png,2887,0611,waffle maker,0611,waffle maker,否,0611 大类按用户要求保留；该图片小类基本匹配。
pictureX/0611/waffle maker/004.png,图片和附件/image 232.png,2889,0611,waffle maker,0611,waffle maker,否,0611 大类按用户要求保留；该图片小类基本匹配。
pictureX/0611/waffle maker/005.png,图片和附件/image 809.png,2891,0611,waffle maker,0611,waffle maker,否,0611 大类按用户要求保留；该图片小类基本匹配。
pictureX/0611/Walking cane/001.png,图片和附件/image 515.png,2895,0611,Walking cane,0611,Walking cane,否,0611 大类按用户要求保留；该图片小类基本匹配。
pictureX/0611/Walking cane/002.png,图片和附件/image 562.png,2897,0611,Walking cane,0611,Walking cane,否,0611 大类按用户要求保留；该图片小类基本匹配。
pictureX/0611/Walking cane/003.png,图片和附件/image 459.png,2899,0611,Walking cane,0611,Walking cane,否,0611 大类按用户要求保留；该图片小类基本匹配。
pictureX/0611/worm gear and wheel assembly/001.png,图片和附件/image 530.png,2904,0611,worm gear and wheel assembly,0611,worm gear and wheel assembly,否,0611 大类按用户要求保留；该图片小类基本匹配。
pictureX/0611/worm gear and wheel assembly/002.png,图片和附件/image 829.png,2906,0611,worm gear and wheel assembly,0611,worm gear and wheel assembly,否,0611 大类按用户要求保留；该图片小类基本匹配。
pictureX/0611/watch/001.png,图片和附件/image 199.png,2910,0611,watch,0611,watch,否,0611 大类按用户要求保留；该图片小类基本匹配。
pictureX/0611/watch/002.png,图片和附件/image 774.png,2912,0611,watch,0611,watch,否,0611 大类按用户要求保留；该图片小类基本匹配。
pictureX/0611/watch/003.png,图片和附件/image 767.png,2914,0611,watch,0611,watch,否,0611 大类按用户要求保留；该图片小类基本匹配。
pictureX/0611/watch/004.png,图片和附件/image 489.png,2916,0611,watch,0611,watch,否,0611 大类按用户要求保留；该图片小类基本匹配。
pictureX/0611/watch/005.png,图片和附件/image 248.png,2918,0611,watch,0611,watch,否,0611 大类按用户要求保留；该图片小类基本匹配。
