generator_index,generator_name,source_type,picture_category,picture_label,color_hex,color_rgb
G0001,Accessories_Cushion,picture_backed,Accessories,Cushion,#e818e8,"232,24,232"
G0002,Accessories_glasses,picture_backed,Accessories,glasses,#18e818,"24,232,24"
G0003,adjustable_monitor_arm,picture_backed,Workspace,Adjustable monitor arm,#184818,"24,72,24"
G0004,animal_feeding_bowl_stand,picture_backed,Pet_Animal related,Animal feeding bowl stand,#2818e8,"40,24,232"
G0005,aquarium,picture_backed,Pet_Animal related,Aquarium,#d87818,"216,120,24"
G0006,Art_Drawing_Models_Articulated_mannequin_Poseable_figure_mannequin,picture_backed,Art_Drawing Models,Articulated mannequin_Poseable figure mannequin,#18a8e8,"24,168,232"
G0007,articulated_task_lamp,builtin_no_picture,builtin_no_picture,,#881868,"136,24,104"
G0008,astronomical_telescope_on_tripod,builtin_no_picture,builtin_no_picture,,#189838,"24,152,56"
G0009,Astronomy_Antenna_dish,picture_backed,Astronomy,Antenna dish,#e8a8e8,"232,168,232"
G0010,Astronomy_Astronaut_helmet,picture_backed,Astronomy,Astronaut helmet,#286898,"40,104,152"
G0011,Astronomy_Lunar_rover,picture_backed,Astronomy,Lunar rover,#b8c888,"184,200,136"
G0012,Astronomy_Mars_rover,picture_backed,Astronomy,Mars rover,#e81868,"232,24,104"
G0013,Astronomy_Pressurised_module_door,picture_backed,Astronomy,Pressurised module door,#8858e8,"136,88,232"
G0014,Astronomy_Retractable_landing_gear,picture_backed,Astronomy,Retractable landing gear,#885828,"136,88,40"
G0015,Astronomy_Return_capsule,picture_backed,Astronomy,Return capsule,#a87898,"168,120,152"
G0016,Astronomy_Rocket_engine,picture_backed,Astronomy,Rocket engine,#382888,"56,40,136"
G0017,Astronomy_Satellite,picture_backed,Astronomy,Satellite,#682818,"104,40,24"
G0018,Astronomy_Space_shuttle,picture_backed,Astronomy,Space shuttle,#48d8e8,"72,216,232"
G0019,automotive_differential_differential_gear,picture_backed,Mechanical Components_Drivetrain,Automotive differential_Differential gear,#18b898,"24,184,152"
G0020,badge_id_holder_clip,picture_backed,Workspace,Badge_ID holder clip,#7818b8,"120,24,184"
G0021,Bag_Suitcase_Box,picture_backed,Bag_Suitcase,Box,#c878e8,"200,120,232"
G0022,Bag_Suitcase_Luggage_bag,picture_backed,Bag_Suitcase,Luggage bag,#b81818,"184,24,24"
G0023,Bag_Suitcase_Shopping_bucket,picture_backed,Bag_Suitcase,Shopping bucket,#b818a8,"184,24,168"
G0024,Bag_Suitcase_Suitcase,picture_backed,Bag_Suitcase,Suitcase,#98a818,"152,168,24"
G0025,Bag_Suitcase_Treasure_chest,picture_backed,Bag_Suitcase,Treasure chest,#1878e8,"24,120,232"
G0026,Bar_Piano,picture_backed,Bar,Piano,#788868,"120,136,104"
G0027,barcode_scanner,picture_backed,Retail_Shop Fixtures,Barcode scanner,#386848,"56,104,72"
G0028,barrier_gate_boom,builtin_no_picture,builtin_no_picture,,#e89888,"232,152,136"
G0029,barrier_gate_leaf_gate,builtin_no_picture,builtin_no_picture,,#584868,"88,72,104"
G0030,Bathroom_Hair_dryer,picture_backed,Bathroom,Hair dryer,#a84878,"168,72,120"
G0031,Bathroom_toilet,picture_backed,Bathroom,toilet,#e86898,"232,104,152"
G0032,Bathroom_washmachine,picture_backed,Bathroom,washmachine,#e8a818,"232,168,24"
G0033,bell_tower_with_swinging_bell,builtin_no_picture,builtin_no_picture,,#98a8c8,"152,168,200"
G0034,Bench_Wood_Swing,picture_backed,Bench,Wood Swing,#4848b8,"72,72,184"
G0035,bicycle_crankset_and_pedal_assembly,builtin_no_picture,builtin_no_picture,,#48d888,"72,216,136"
G0036,bird_cage,picture_backed,Pet_Animal related,Bird cage,#8888e8,"136,136,232"
G0037,blender_countertop,builtin_no_picture,builtin_no_picture,,#a8d828,"168,216,40"
G0038,box_fan_with_control_knob,builtin_no_picture,builtin_no_picture,,#28b818,"40,184,24"
G0039,branching_tree_with_three_independent_rotary_branches,builtin_no_picture,builtin_no_picture,,#4888a8,"72,136,168"
G0040,branching_tree_with_two_independent_rotary_branches,builtin_no_picture,builtin_no_picture,,#d84828,"216,72,40"
G0041,camcorder_with_flipout_screen,builtin_no_picture,builtin_no_picture,,#7868a8,"120,104,168"
G0042,camera_flash,builtin_no_picture,builtin_no_picture,,#a818e8,"168,24,232"
G0043,camera_lens,builtin_no_picture,builtin_no_picture,,#e818a8,"232,24,168"
G0044,camp_chair,picture_backed,Camping_Outdoor Gear,Camp chair,#687818,"104,120,24"
G0045,camping_lantern,picture_backed,Camping_Outdoor Gear,Camping Lantern,#98a888,"152,168,136"
G0046,candy_vending_machine,builtin_no_picture,builtin_no_picture,,#184858,"24,72,88"
G0047,cannon,builtin_no_picture,builtin_no_picture,,#a858b8,"168,88,184"
G0048,cantilever_articulated_arm,builtin_no_picture,builtin_no_picture,,#584818,"88,72,24"
G0049,car_axles,builtin_no_picture,builtin_no_picture,,#581868,"88,24,104"
G0050,cash_register,picture_backed,Retail_Shop Fixtures,Cash register,#a86858,"168,104,88"
G0051,casino_machine,builtin_no_picture,builtin_no_picture,,#6828e8,"104,40,232"
G0052,cat_flap,picture_backed,Pet_Animal related,Cat flap,#a88818,"168,136,24"
G0053,cctv_mast_with_pantilt_camera_head,builtin_no_picture,builtin_no_picture,,#883848,"136,56,72"
G0054,ceiling_fan,builtin_no_picture,builtin_no_picture,,#188868,"24,136,104"
G0055,ceiling_light_fixture_adjustable,builtin_no_picture,builtin_no_picture,,#a8c8d8,"168,200,216"
G0056,Chair_Chair,picture_backed,Chair,Chair,#184888,"24,72,136"
G0057,Chair_Folding_chair,picture_backed,Chair,Folding chair,#4818b8,"72,24,184"
G0058,chest_freezer_with_hinged_lid,builtin_no_picture,builtin_no_picture,,#883898,"136,56,152"
G0059,clock_tower_with_rotating_hour_and_minute_hands,builtin_no_picture,builtin_no_picture,,#e858c8,"232,88,200"
G0060,clothing_rack,picture_backed,Retail_Shop Fixtures,Clothing rack,#c888b8,"200,136,184"
G0061,coaxial_rotary_stack,builtin_no_picture,builtin_no_picture,,#b88868,"184,136,104"
G0062,Container_Barrel,picture_backed,Container,Barrel,#187818,"24,120,24"
G0063,Container_Basket,picture_backed,Container,Basket,#78c8a8,"120,200,168"
G0064,Container_Bottle,picture_backed,Container,Bottle,#d8b8a8,"216,184,168"
G0065,Container_Bottle_serum,picture_backed,Container,Bottle serum,#1858e8,"24,88,232"
G0066,Container_Box,picture_backed,Container,Box,#48b8c8,"72,184,200"
G0067,Container_Can,picture_backed,Container,Can,#1818a8,"24,24,168"
G0068,Container_Cosmetic,picture_backed,Container,Cosmetic,#785878,"120,88,120"
G0069,Container_Cup,picture_backed,Container,Cup,#c84898,"200,72,152"
G0070,Container_Dispenser,picture_backed,Container,Dispenser,#a81858,"168,24,88"
G0071,Container_Gas_cylinder,picture_backed,Container,Gas cylinder,#e86858,"232,104,88"
G0072,Container_Glass_bottle,picture_backed,Container,Glass bottle,#b858e8,"184,88,232"
G0073,Container_Jar,picture_backed,Container,Jar,#587878,"88,120,120"
G0074,Container_Kettle,picture_backed,Container,Kettle,#7898a8,"120,152,168"
G0075,Container_laundry_detergent_bottle,picture_backed,Container,laundry detergent bottle,#58a858,"88,168,88"
G0076,Container_Lipstick,picture_backed,Container,Lipstick,#682848,"104,40,72"
G0077,Container_Locker,picture_backed,Container,Locker,#78c818,"120,200,24"
G0078,Container_Paint_spray,picture_backed,Container,Paint spray,#583888,"88,56,136"
G0079,Container_Plastic_can,picture_backed,Container,Plastic can,#b898e8,"184,152,232"
G0080,Container_Primer_bottle,picture_backed,Container,Primer bottle,#c85868,"200,88,104"
G0081,Container_Pump,picture_backed,Container,Pump,#e888d8,"232,136,216"
G0082,Container_Shipping_container,picture_backed,Container,Shipping container,#a84848,"168,72,72"
G0083,Container_Tube,picture_backed,Container,Tube,#c89838,"200,152,56"
G0084,crane_tower,builtin_no_picture,builtin_no_picture,,#a878c8,"168,120,200"
G0085,Curtain_blind,picture_backed,Curtain,blind,#6858c8,"104,88,200"
G0086,defibrillator_case,picture_backed,Emergency Equipment,Defibrillator case,#383868,"56,56,104"
G0087,desk_with_drawer,builtin_no_picture,builtin_no_picture,,#c8a8c8,"200,168,200"
G0088,desk_with_drawer_card_catalog,builtin_no_picture,builtin_no_picture,,#881818,"136,24,24"
G0089,desktop_monitor_with_tilt_swivel_stand,builtin_no_picture,builtin_no_picture,,#c81878,"200,24,120"
G0090,desktop_pc_tower,builtin_no_picture,builtin_no_picture,,#b8b838,"184,184,56"
G0091,differential_drive_wheel,picture_backed,Robotics,Differential drive wheel,#781888,"120,24,136"
G0092,dishwasher_with_dropdown_door_and_sliding_racks,builtin_no_picture,builtin_no_picture,,#9818b8,"152,24,184"
G0093,display_freezer_with_sliding_glass_lids,builtin_no_picture,builtin_no_picture,,#6878d8,"104,120,216"
G0094,dj_equipment,builtin_no_picture,builtin_no_picture,,#78b878,"120,184,120"
G0095,Door_Door,picture_backed,Door,Door,#385818,"56,88,24"
G0096,Door_Double_Door,picture_backed,Door,Double Door,#983818,"152,56,24"
G0097,Door_folding_door,picture_backed,Door,folding door,#c838c8,"200,56,200"
G0098,Door_Folding_gate,picture_backed,Door,Folding gate,#489888,"72,152,136"
G0099,Door_Garage_shutter,picture_backed,Door,Garage shutter,#b86818,"184,104,24"
G0100,Door_Gate,picture_backed,Door,Gate,#b89898,"184,152,152"
G0101,Door_Other,picture_backed,Door,Other,#585898,"88,88,152"
G0102,Door_Scifi_Gate,picture_backed,Door,Scifi Gate,#385858,"56,88,88"
G0103,Door_Sliding_Door,picture_backed,Door,Sliding Door,#c8a878,"200,168,120"
G0104,Door_Trap_door,picture_backed,Door,Trap door,#d81838,"216,24,56"
G0105,Door_wooden_plank_door_with_a_ring_pull,picture_backed,Door,wooden plank door with a ring pull,#581898,"88,24,152"
G0106,drafting_table,picture_backed,Workspace,Drafting table,#1838b8,"24,56,184"
G0107,drawer_cabinet_with_sliding_drawers,builtin_no_picture,builtin_no_picture,,#c868b8,"200,104,184"
G0108,drone,builtin_no_picture,builtin_no_picture,,#686848,"104,104,72"
G0109,dual_independent_finger_chains,builtin_no_picture,builtin_no_picture,,#e8b878,"232,184,120"
G0110,Electrical_Wiring_Cable_reel,picture_backed,Electrical_Wiring,Cable reel,#8828d8,"136,40,216"
G0111,Electrical_Wiring_Circuit_breaker,picture_backed,Electrical_Wiring,Circuit breaker,#2878b8,"40,120,184"
G0112,Electrical_Wiring_Conduit_bender,picture_backed,Electrical_Wiring,Conduit bender,#889858,"136,152,88"
G0113,Electrical_Wiring_Distribution_board_panel,picture_backed,Electrical_Wiring,Distribution board panel,#98d878,"152,216,120"
G0114,Electrical_Wiring_Junction_box,picture_backed,Electrical_Wiring,Junction box,#887838,"136,120,56"
G0115,Electrical_Wiring_Surge_protector_switch,picture_backed,Electrical_Wiring,Surge protector switch,#8888b8,"136,136,184"
G0116,Electrical_Wiring_Wire_stripper,picture_backed,Electrical_Wiring,Wire stripper,#483818,"72,56,24"
G0117,elevator_shaft,builtin_no_picture,builtin_no_picture,,#18d858,"24,216,88"
G0118,emergency_exit_door,picture_backed,Emergency Equipment,Emergency exit door,#78b8e8,"120,184,232"
G0119,Equipment_Control_panel,picture_backed,Equipment,Control panel,#a82888,"168,40,136"
G0120,Equipment_Game_console,picture_backed,Equipment,Game console,#783878,"120,56,120"
G0121,Equipment_LED_work_light,picture_backed,Equipment,LED work light,#e84858,"232,72,88"
G0122,Equipment_Lock,picture_backed,Equipment,Lock,#6898d8,"104,152,216"
G0123,Equipment_Pipeline,picture_backed,Equipment,Pipeline,#684848,"104,72,72"
G0124,Equipment_Power_switch,picture_backed,Equipment,Power switch,#e898b8,"232,152,184"
G0125,Equipment_Pump2,picture_backed,Equipment,Pump2,#c87888,"200,120,136"
G0126,fabric_scissors,picture_backed,Textiles_Fabric,Fabric scissors,#1858a8,"24,88,168"
G0127,Facade_Element_Air_conditioner_outdoor_unit,picture_backed,Facade Element,Air conditioner outdoor unit,#886868,"136,104,104"
G0128,Facade_Element_Gutter_downchain,picture_backed,Facade Element,Gutter downchain,#c818e8,"200,24,232"
G0129,Facade_Element_Lamp1,picture_backed,Facade Element,Lamp1,#e84898,"232,72,152"
G0130,Fence_Cascade_fences_MORE_THAN_1,picture_backed,Fence,Cascade fences (MORE THAN 1),#88b8b8,"136,184,184"
G0131,ferris_wheel,builtin_no_picture,builtin_no_picture,,#18d8b8,"24,216,184"
G0132,fingerlike_phalanx_chain,builtin_no_picture,builtin_no_picture,,#789818,"120,152,24"
G0133,fire_escape_ladder,picture_backed,Emergency Equipment,Fire escape ladder,#d858e8,"216,88,232"
G0134,folding_arm_chain,builtin_no_picture,builtin_no_picture,,#68a898,"104,168,152"
G0135,folding_camp_table,picture_backed,Camping_Outdoor Gear,Folding camp table,#1898c8,"24,152,200"
G0136,Fountain_Drick_fountain,picture_backed,Fountain,Drick fountain,#4838d8,"72,56,216"
G0137,gear_assemblies,builtin_no_picture,builtin_no_picture,,#685818,"104,88,24"
G0138,globe,builtin_no_picture,builtin_no_picture,,#185878,"24,88,120"
G0139,graphics_card_with_cooling_fans,builtin_no_picture,builtin_no_picture,,#a838c8,"168,56,200"
G0140,greenhouse_vent_roof,picture_backed,Agricultural,Greenhouse vent roof,#e88858,"232,136,88"
G0141,hamster_wheel,picture_backed,Pet_Animal related,Hamster wheel,#985898,"152,88,152"
G0142,hand_cultivator,picture_backed,Agricultural,Hand cultivator,#787898,"120,120,152"
G0143,hand_operated_pasta_maker_with_rollers_and_crank,picture_backed,0611,hand_operated_pasta_maker_with_rollers_and_crank,#8848b8,"136,72,184"
G0144,Handtools_caulking_gun,picture_backed,Handtools,caulking gun,#3888d8,"56,136,216"
G0145,Handtools_Clamp,picture_backed,Handtools,Clamp,#8868c8,"136,104,200"
G0146,Handtools_clothes_peg,picture_backed,Handtools,clothes peg,#a8a858,"168,168,88"
G0147,Handtools_dial_caliper,picture_backed,Handtools,dial caliper,#68b848,"104,184,72"
G0148,Handtools_Hand_plane,picture_backed,Handtools,Hand plane,#1868c8,"24,104,200"
G0149,Handtools_Knife,picture_backed,Handtools,Knife,#b84818,"184,72,24"
G0150,Handtools_Paint_roller,picture_backed,Handtools,Paint roller,#6838a8,"104,56,168"
G0151,Handtools_Pen,picture_backed,Handtools,Pen,#18a8b8,"24,168,184"
G0152,Handtools_Stapler,picture_backed,Handtools,Stapler,#486868,"72,104,104"
G0153,Handtools_Tool_cart,picture_backed,Handtools,Tool cart,#187888,"24,120,136"
G0154,Handtools_wooden_tongs,picture_backed,Handtools,wooden tongs,#5868e8,"88,104,232"
G0155,Handtools_Wrench,picture_backed,Handtools,Wrench,#783818,"120,56,24"
G0156,harmonic_drive,picture_backed,Robotics,Harmonic drive,#a8b8e8,"168,184,232"
G0157,harvester,picture_backed,Agricultural,Harvester vehicle (arm),#586888,"88,104,136"
G0158,Headwear_Racing_helmet,picture_backed,Headwear,Racing helmet,#487848,"72,120,72"
G0159,Healthcare_Adjustable_hospital_bed,picture_backed,Healthcare,Adjustable hospital bed,#583838,"88,56,56"
G0160,Healthcare_Crutches,picture_backed,Healthcare,Crutches,#486818,"72,104,24"
G0161,Healthcare_First_aid_box,picture_backed,Healthcare,First aid box,#881848,"136,24,72"
G0162,Healthcare_Pill_bottle_box,picture_backed,Healthcare,Pill bottle_box,#c8c818,"200,200,24"
G0163,Healthcare_Prosthetic_limb,picture_backed,Healthcare,Prosthetic limb,#9898d8,"152,152,216"
G0164,Healthcare_Wheelchair,picture_backed,Healthcare,Wheelchair,#987878,"152,120,120"
G0165,hole_punch,picture_backed,Workspace,Hole punch,#986888,"152,104,136"
G0166,Household_Laundry_Clothes_drying_rack_Laundry_drying_rack,picture_backed,Household_Laundry,Clothes drying rack_Laundry drying rack,#18c868,"24,200,104"
G0167,immersion_blender,builtin_no_picture,builtin_no_picture,,#c86848,"200,104,72"
G0168,Industrial_Blast_door,picture_backed,Industrial,Blast door,#5868b8,"88,104,184"
G0169,Industrial_Drill_press_table,picture_backed,Industrial,Drill press table,#588848,"88,136,72"
G0170,Industrial_Electric_Saw,picture_backed,Industrial,Electric Saw,#284838,"40,72,56"
G0171,Industrial_Hydraulic_press,picture_backed,Industrial,Hydraulic press,#78d8c8,"120,216,200"
G0172,Industrial_Industrial_vice,picture_backed,Industrial,Industrial vice,#183898,"24,56,152"
G0173,Industrial_Mine_cart,picture_backed,Industrial,Mine cart,#288888,"40,136,136"
G0174,Industrial_Ore_crusher_jaw,picture_backed,Industrial,Ore crusher jaw,#289868,"40,152,104"
G0175,Industrial_Safety_cage,picture_backed,Industrial,Safety cage,#785858,"120,88,88"
G0176,ironing_board,picture_backed,Textiles_Fabric,Ironing board,#18c8e8,"24,200,232"
G0177,jet_engine,builtin_no_picture,builtin_no_picture,,#a8b898,"168,184,152"
G0178,Kitchen_Air_fryer,picture_backed,Kitchen,Air fryer,#78c868,"120,200,104"
G0179,Kitchen_Coffee_machine,picture_backed,Kitchen,Coffee machine,#187868,"24,120,104"
G0180,Kitchen_Corkscrew,picture_backed,Kitchen,Corkscrew,#78d858,"120,216,88"
G0181,Kitchen_Dish_washer,picture_backed,Kitchen,Dish washer,#786818,"120,104,24"
G0182,Kitchen_Hood,picture_backed,Kitchen,Hood,#6838c8,"104,56,200"
G0183,Kitchen_Knife_set,picture_backed,Kitchen,Knife set,#d88888,"216,136,136"
G0184,Kitchen_Microwave,picture_backed,Kitchen,Microwave,#38c898,"56,200,152"
G0185,Kitchen_Toaster,picture_backed,Kitchen,Toaster,#b85888,"184,88,136"
G0186,laptop_stand,picture_backed,Workspace,Laptop stand,#58a818,"88,168,24"
G0187,lever_chain,builtin_no_picture,builtin_no_picture,,#484898,"72,72,152"
G0188,Light_Latern,picture_backed,Light,Latern,#1818c8,"24,24,200"
G0189,linear_actuator,picture_backed,Robotics,Linear actuator,#28e878,"40,232,120"
G0190,loom_shuttle,picture_backed,Textiles_Fabric,Loom shuttle,#c83868,"200,56,104"
G0191,louvered_shutter_assembly,builtin_no_picture,builtin_no_picture,,#682868,"104,40,104"
G0192,Machinery_Watermill,picture_backed,Machinery,Watermill,#986838,"152,104,56"
G0193,makeup,picture_backed,0611,Makeup,#888828,"136,136,40"
G0194,makeup1,picture_backed,0611,Makeup1,#981898,"152,24,152"
G0195,makeup2,picture_backed,0611,Makeup2,#b82848,"184,40,72"
G0196,makeup3,picture_backed,0611,Makeup3,#a88888,"168,136,136"
G0197,manual_coffee_grinder,picture_backed,0611,manual_coffee_grinder,#983868,"152,56,104"
G0198,manual_grain_mill1,picture_backed,0611,manual_grain_mill1,#a868a8,"168,104,168"
G0199,manual_grain_mill2,picture_backed,0611,manual_grain_mill2,#d878c8,"216,120,200"
G0200,manual_hand_drill,picture_backed,0611,manual_hand_drill,#188818,"24,136,24"
G0201,manual_pipe_bender,picture_backed,0611,manual_pipe_bender,#688888,"104,136,136"
G0202,manual_water_dispenser_pump,picture_backed,0611,Manual_water_dispenser_pump,#684888,"104,72,136"
G0203,meat_grinder,picture_backed,0611,meat_grinder,#5848e8,"88,72,232"
G0204,Mechanical_calculator,picture_backed,0611,Mechanical_calculator,#58c8c8,"88,200,200"
G0205,mechanical_metronome_with_pendulum,picture_backed,0611,mechanical_metronome_with_pendulum,#988858,"152,136,88"
G0206,mechanical_timer_with_rotating_dial,picture_backed,0611,mechanical_timer_with_rotating_dial,#68a8c8,"104,168,200"
G0207,metal_blender,picture_backed,0611,Metal_blender,#c86898,"200,104,152"
G0208,metronome,builtin_no_picture,builtin_no_picture,,#985868,"152,88,104"
G0209,microphone_boom_arm,picture_backed,0611,microphone_boom_arm,#e85818,"232,88,24"
G0210,Military_Aircraft,picture_backed,Military,Aircraft,#a888b8,"168,136,184"
G0211,Military_Granade,picture_backed,Military,Granade,#a868d8,"168,104,216"
G0212,Military_Gun,picture_backed,Military,Gun,#183878,"24,56,120"
G0213,Military_helicopter,picture_backed,Military,helicopter,#a89868,"168,152,104"
G0214,Military_knife,picture_backed,Military,knife,#e818c8,"232,24,200"
G0215,Military_Military_knife,picture_backed,Military,Military knife,#485878,"72,88,120"
G0216,Military_Radio,picture_backed,Military,Radio,#e81888,"232,24,136"
G0217,Military_Rifle,picture_backed,Military,Rifle,#485838,"72,88,56"
G0218,Military_sword,picture_backed,Military,sword,#7848d8,"120,72,216"
G0219,Military_Tank,picture_backed,Military,Tank,#a888e8,"168,136,232"
G0220,Military_Turret,picture_backed,Military,Turret,#6878b8,"104,120,184"
G0221,missile_launcher,builtin_no_picture,builtin_no_picture,,#1898a8,"24,152,168"
G0222,miter_saw_arm_assembly,builtin_no_picture,builtin_no_picture,,#38c818,"56,200,24"
G0223,monitor_mount,builtin_no_picture,builtin_no_picture,,#18b868,"24,184,104"
G0224,multisegment_foldout_arm,builtin_no_picture,builtin_no_picture,,#884888,"136,72,136"
G0225,Music_Amplifier,picture_backed,Music,Amplifier,#384868,"56,72,104"
G0226,Music_CD_case,picture_backed,Music,CD case,#e878e8,"232,120,232"
G0227,Music_Headphone,picture_backed,Music,Headphone,#c8a8e8,"200,168,232"
G0228,Music_keyboard,picture_backed,Music,keyboard,#18a888,"24,168,136"
G0229,music_stand,picture_backed,0611,Music_stand,#c8b868,"200,184,104"
G0230,music_stand1,picture_backed,0611,Music_stand1,#583858,"88,56,88"
G0231,Music_Violin_case,picture_backed,Music,Violin case,#d84878,"216,72,120"
G0232,Music_Vocal_mic,picture_backed,Music,Vocal mic,#e89838,"232,152,56"
G0233,n_joint_revolute_chain,builtin_no_picture,builtin_no_picture,,#d848b8,"216,72,184"
G0234,needle_case,picture_backed,Textiles_Fabric,Needle case,#c82898,"200,40,152"
G0235,nutcracker,picture_backed,0611,nutcracker,#c8a8a8,"200,168,168"
G0236,office_table_with_doors_or_drawers,picture_backed,0611,Office_table_with_doors_or_drawers,#687858,"104,120,88"
G0237,Other_Air_conditioner,picture_backed,Other,Air conditioner,#487898,"72,120,152"
G0238,Other_armchair,picture_backed,Other,armchair,#b898b8,"184,152,184"
G0239,Other_Bedside,picture_backed,Other,Bedside,#e8a8a8,"232,168,168"
G0240,Other_Built_in_oven,picture_backed,Other,Built-in oven,#68a878,"104,168,120"
G0241,Other_Cabinet,picture_backed,Other,Cabinet,#d8b818,"216,184,24"
G0242,Other_cauldron,picture_backed,Other,cauldron,#a8c8b8,"168,200,184"
G0243,Other_Coffin,picture_backed,Other,Coffin,#98b858,"152,184,88"
G0244,Other_Folding_screen,picture_backed,Other,Folding screen,#186878,"24,104,120"
G0245,Other_high_arc_gooseneck_faucet,picture_backed,Other,high_arc_gooseneck_faucet,#b87848,"184,120,72"
G0246,Other_Lighter,picture_backed,Other,Lighter,#18b8e8,"24,184,232"
G0247,Other_Metal_drain,picture_backed,Other,Metal drain,#884838,"136,72,56"
G0248,Other_pliers,picture_backed,Other,pliers,#989828,"152,152,40"
G0249,Other_Scale,picture_backed,Other,Scale,#589848,"88,152,72"
G0250,Other_single_hole_basin_faucet,picture_backed,Other,single_hole_basin_faucet,#2848c8,"40,72,200"
G0251,Other_stove,picture_backed,Other,stove,#6888c8,"104,136,200"
G0252,Other_Switch,picture_backed,Other,Switch,#987858,"152,120,88"
G0253,Other_Tripod_Turnstile,picture_backed,Other,Tripod Turnstile,#188848,"24,136,72"
G0254,Other_TV,picture_backed,Other,TV,#9848d8,"152,72,216"
G0255,Other_Vent,picture_backed,Other,Vent,#985848,"152,88,72"
G0256,Other_Water_dispenser,picture_backed,Other,Water dispenser,#1898e8,"24,152,232"
G0257,Other_widespread_two_handle_faucet,picture_backed,Other,widespread_two_handle_faucet,#68a8e8,"104,168,232"
G0258,Others_Binocular,picture_backed,Others,Binocular,#789888,"120,152,136"
G0259,Others_blacksmith_tongs,picture_backed,Others,blacksmith tongs,#981838,"152,24,56"
G0260,Others_Matchbox,picture_backed,Others,Matchbox,#d8b8c8,"216,184,200"
G0261,Others_Safe,picture_backed,Others,Safe,#786888,"120,104,136"
G0262,overhead_projector_with_articulating_mirror,picture_backed,0611,overhead_projector_with_articulating_mirror,#4858c8,"72,88,200"
G0263,overshot_waterwheel,builtin_no_picture,builtin_no_picture,,#78d8a8,"120,216,168"
G0264,paper_cutter_guillotine,builtin_no_picture,builtin_no_picture,,#78c8e8,"120,200,232"
G0265,paper_shredder,picture_backed,Workspace,Paper shredder,#782838,"120,40,56"
G0266,parabolic_dish_on_azimuth_elevation_mount,builtin_no_picture,builtin_no_picture,,#c87868,"200,120,104"
G0267,Parts_quick_release_clamp,picture_backed,Parts,quick release clamp,#785898,"120,88,152"
G0268,pepper_mill_with_rotating_grinder_mechanism,picture_backed,0611,pepper_mill_with_rotating_grinder_mechanism,#c888d8,"200,136,216"
G0269,pet_carrier,picture_backed,Pet_Animal related,Pet carrier,#186818,"24,104,24"
G0270,pet_stroller,picture_backed,Pet_Animal related,Pet stroller,#68d818,"104,216,24"
G0271,piano_bench,picture_backed,0611,piano_bench,#c8a828,"200,168,40"
G0272,pictureX_0611_Air_blower,picture_backed,0611,Air_blower,#88a8a8,"136,168,168"
G0273,pictureX_0611_ball_transfer_unit_with_spring_loaded_ball,picture_backed,0611,ball_transfer_unit_with_spring_loaded_ball,#5818d8,"88,24,216"
G0274,pictureX_0611_ball_valve_with_quarter_turn_handle,picture_backed,0611,ball_valve_with_quarter_turn_handle,#4838a8,"72,56,168"
G0275,pictureX_0611_bevel_gear_pair_with_perpendicular_shafts,picture_backed,0611,bevel_gear_pair_with_perpendicular_shafts,#88a858,"136,168,88"
G0276,pictureX_0611_bi_fold_closet_door_system,picture_backed,0611,bi_fold_closet_door_system,#a87828,"168,120,40"
G0277,pictureX_0611_bookcase,picture_backed,0611,bookcase,#c84848,"200,72,72"
G0278,pictureX_0611_bookcase1,picture_backed,0611,bookcase1,#784868,"120,72,104"
G0279,pictureX_0611_bookcase2,picture_backed,0611,bookcase2,#8878b8,"136,120,184"
G0280,pictureX_0611_Bookshelf_with_books,picture_backed,0611,Bookshelf_with_books,#d898e8,"216,152,232"
G0281,pictureX_0611_Butter_maker,picture_backed,0611,Butter_maker,#9878e8,"152,120,232"
G0282,pictureX_0611_butterfly_valve_with_lever_operator,picture_backed,0611,butterfly_valve_with_lever_operator,#e87888,"232,120,136"
G0283,pictureX_0611_C_shaped_sofa_side_table,picture_backed,0611,C-shaped_sofa_side_table,#98b818,"152,184,24"
G0284,pictureX_0611_Cabinet_with_doors,picture_backed,0611,Cabinet_with_doors,#78b898,"120,184,152"
G0285,pictureX_0611_Cabinet_with_doors_and_drawers,picture_backed,0611,Cabinet_with_doors_and_drawers,#e82828,"232,40,40"
G0286,pictureX_0611_Cabinet_with_drawers,picture_backed,0611,Cabinet_with_drawers,#a8c858,"168,200,88"
G0287,pictureX_0611_Cabinet_with_glass_lift_up_vitrine,picture_backed,0611,Cabinet_with_glass_lift-up_vitrine,#9898b8,"152,152,184"
G0288,pictureX_0611_car_scissor_jack_with_screw_mechanism,picture_backed,0611,car_scissor_jack_with_screw_mechanism,#185838,"24,88,56"
G0289,pictureX_0611_centrifuge_machine1,picture_backed,0611,centrifuge_machine1,#3828c8,"56,40,200"
G0290,pictureX_0611_centrifuge_machine2,picture_backed,0611,centrifuge_machine2,#88c888,"136,200,136"
G0291,pictureX_0611_Chain_separator,picture_backed,0611,Chain_separator,#18a848,"24,168,72"
G0292,pictureX_0611_compass,picture_backed,0611,compass,#c85818,"200,88,24"
G0293,pictureX_0611_crimping_tool,picture_backed,0611,crimping_tool,#482868,"72,40,104"
G0294,pictureX_0611_Desk_with_drawers_no_door,picture_backed,0611,Desk_with_drawers（no_door）,#98a8e8,"152,168,232"
G0295,pictureX_0611_drafting_table_with_adjustable_tilt_surface,picture_backed,0611,drafting_table_with_adjustable_tilt_surface,#1848a8,"24,72,168"
G0296,pictureX_0611_drawing_compass_with_adjustable_legs,picture_backed,0611,drawing_compass_with_adjustable_legs,#c88848,"200,136,72"
G0297,pictureX_0611_Dressing_table,picture_backed,0611,Dressing_table,#b83888,"184,56,136"
G0298,pictureX_0611_drum_pedal_with_beater_and_spring_return,picture_backed,0611,drum_pedal_with_beater_and_spring_return,#a85818,"168,88,24"
G0299,pictureX_0611_elevator_button_panel,picture_backed,0611,elevator_button_panel,#a838a8,"168,56,168"
G0300,pictureX_0611_ergonomic_clamp_with_adjustable,picture_backed,0611,ergonomic_clamp_with_adjustable,#c89878,"200,152,120"
G0301,pictureX_0611_ergonomic_clamp_with_adjustable_components,picture_backed,0611,ergonomic_clamp_with_adjustable_components,#588818,"88,136,24"
G0302,pictureX_0611_flaring_tool_with_cone_and_clamp,picture_backed,0611,flaring_tool_with_cone_and_clamp,#a84898,"168,72,152"
G0303,pictureX_0611_flexible_track_lighting_system,picture_backed,0611,flexible_track_lighting_system,#e85878,"232,88,120"
G0304,pictureX_0611_Floor_standing_drafting_table,picture_backed,0611,Floor-standing_drafting_table,#e868b8,"232,104,184"
G0305,pictureX_0611_folders,picture_backed,0611,folders,#782858,"120,40,88"
G0306,pictureX_0611_Folding_ruler,picture_backed,0611,Folding_ruler,#582858,"88,40,88"
G0307,pictureX_0611_Folding_sofa_bed,picture_backed,0611,Folding_sofa_bed,#b86878,"184,104,120"
G0308,pictureX_0611_Folding_sofa_bed1,picture_backed,0611,Folding_sofa_bed1,#a8b878,"168,184,120"
G0309,pictureX_0611_Folding_sofa_bed2,picture_backed,0611,Folding_sofa_bed2,#c858c8,"200,88,200"
G0310,pictureX_0611_Folding_sofa_bed3,picture_backed,0611,Folding_sofa_bed3,#6818c8,"104,24,200"
G0311,pictureX_0611_Folding_table,picture_backed,0611,Folding_table,#689868,"104,152,104"
G0312,pictureX_0611_Folding_table1,picture_backed,0611,Folding_table1,#d868d8,"216,104,216"
G0313,pictureX_0611_Folding_table2,picture_backed,0611,Folding_table2,#d878a8,"216,120,168"
G0314,pictureX_0611_Folding_table3,picture_backed,0611,Folding_table3,#784818,"120,72,24"
G0315,pictureX_0611_Folding_table4,picture_backed,0611,Folding_table4,#c8b8e8,"200,184,232"
G0316,pictureX_0611_Folding_table5,picture_backed,0611,Folding_table5,#6888e8,"104,136,232"
G0317,pictureX_0611_full_height_turnstile,picture_backed,0611,full_height_turnstile,#681878,"104,24,120"
G0318,pictureX_0611_Garden_pruner,picture_backed,0611,Garden_pruner,#b818c8,"184,24,200"
G0319,pictureX_0611_garlic_press,picture_backed,0611,garlic_press,#c82818,"200,40,24"
G0320,pictureX_0611_generator,picture_backed,0611,generator,#981878,"152,24,120"
G0321,pictureX_0611_Golf_cart,picture_backed,0611,Golf_cart,#e8a878,"232,168,120"
G0322,pictureX_0611_guitar_tuning_peg_mechanism,picture_backed,0611,guitar_tuning_peg_mechanism,#b82868,"184,40,104"
G0323,pictureX_0611_gyroscope_with_spinning_wheel_and_gimbal_rings,picture_backed,0611,gyroscope_with_spinning_wheel_and_gimbal_rings,#d8a858,"216,168,88"
G0324,pictureX_0611_Hall_tree_with_flip_top_seat,picture_backed,0611,Hall_tree_with_flip-top_seat,#d83858,"216,56,88"
G0325,pictureX_0611_Hand_crank_clothes_wringer,picture_backed,0611,Hand-crank_clothes_wringer,#6848b8,"104,72,184"
G0326,pictureX_0611_hand_operated_metal_brake_for_bending_sheet_metal,picture_backed,0611,hand_operated_metal_brake_for_bending_sheet_metal,#7868e8,"120,104,232"
G0327,pictureX_0611_Hole_punch,picture_backed,0611,Hole_punch,#6818a8,"104,24,168"
G0328,pictureX_0611_Hutch_Cabinet,picture_backed,0611,Hutch_Cabinet,#b85848,"184,88,72"
G0329,pictureX_0611_hydraulic_jack,picture_backed,0611,hydraulic_jack,#5898b8,"88,152,184"
G0330,pictureX_0611_hydraulic_jack1,picture_backed,0611,hydraulic_jack1,#88c8c8,"136,200,200"
G0331,pictureX_0611_hydraulic_jack2,picture_backed,0611,hydraulic_jack2,#683848,"104,56,72"
G0332,pictureX_0611_Ice_crream_machine,picture_backed,0611,Ice_crream_machine,#1838d8,"24,56,216"
G0333,pictureX_0611_industrial_crane_featuring_advanced_hydraulic,picture_backed,0611,industrial_crane_featuring_advanced_hydraulic,#588868,"88,136,104"
G0334,pictureX_0611_Industrial_rolling_work_table,picture_backed,0611,Industrial_rolling_work_table,#4818e8,"72,24,232"
G0335,pictureX_0611_ironing_board2,picture_backed,0611,ironing_board2,#8818a8,"136,24,168"
G0336,pictureX_0611_juicer_press_with_handle,picture_backed,0611,juicer_press_with_handle,#78a838,"120,168,56"
G0337,pictureX_0611_kitchen_cabinet,picture_backed,0611,kitchen_cabinet,#18c8b8,"24,200,184"
G0338,pictureX_0611_Kitchen_set,picture_backed,0611,Kitchen_set,#d858a8,"216,88,168"
G0339,pictureX_0611_laser_level_tripod,picture_backed,0611,laser_level_tripod,#b858a8,"184,88,168"
G0340,pictureX_0611_lazy_susan,picture_backed,0611,lazy_susan,#b848b8,"184,72,184"
G0341,pictureX_0611_Lid_opener,picture_backed,0611,Lid_opener,#5828b8,"88,40,184"
G0342,pictureX_0611_linear_bearing_slide_with_rail,picture_backed,0611,linear_bearing_slide_with_rail,#582878,"88,40,120"
G0343,pictureX_0611_Locker_box,picture_backed,0611,Locker_box,#483878,"72,56,120"
G0344,pilers_cutting_pliers,picture_backed,0611,Pilers_cutting_pliers,#2868e8,"40,104,232"
G0345,pilers_fencing_pliers,picture_backed,0611,Pilers_fencing_pliers,#3818a8,"56,24,168"
G0346,pilers_linesman_pliers,picture_backed,0611,Pilers_linesman_pliers,#a8c818,"168,200,24"
G0347,pilers_locking_pliers,picture_backed,0611,Pilers_locking_pliers,#d86878,"216,104,120"
G0348,pilers_needle_nose_pliers,picture_backed,0611,Pilers_needle_nose_pliers,#9858c8,"152,88,200"
G0349,pilers_slip_joint_pliers,picture_backed,0611,Pilers_slip_joint_pliers,#e8b848,"232,184,72"
G0350,pilers_tongue_groove_pliers,picture_backed,0611,Pilers_tongue_groove_pliers,#6858e8,"104,88,232"
G0351,pilers_wire_strippers,picture_backed,0611,Pilers_wire_strippers,#784898,"120,72,152"
G0352,platform_cart,builtin_no_picture,builtin_no_picture,,#481888,"72,24,136"
G0353,Playground_playground_chair_swing_carousel,picture_backed,Playground,playground chair swing carousel,#a82838,"168,40,56"
G0354,Playground_playground_merry_go_round,picture_backed,Playground,playground merry-go-round,#984858,"152,72,88"
G0355,Playground_Seesaw,picture_backed,Playground,Seesaw,#18d818,"24,216,24"
G0356,Playground_swing,picture_backed,Playground,swing,#c8c868,"200,200,104"
G0357,playground_swing,builtin_no_picture,builtin_no_picture,,#7838b8,"120,56,184"
G0358,Playground_swing_circular,picture_backed,Playground,swing circular,#e8a8c8,"232,168,200"
G0359,point_of_sale_terminal,picture_backed,Retail_Shop Fixtures,Point-of-sale terminal,#9848a8,"152,72,168"
G0360,Powertools_angle_grinder,picture_backed,Powertools,angle grinder,#e848d8,"232,72,216"
G0361,Powertools_drill,picture_backed,Powertools,drill,#e888b8,"232,136,184"
G0362,Powertools_Lawn_mower,picture_backed,Powertools,Lawn mower,#9838b8,"152,56,184"
G0363,projector,picture_backed,0611,projector,#885888,"136,88,136"
G0364,protractor_with_swing_arm,picture_backed,0611,protractor_with_swing_arm,#d82878,"216,40,120"
G0365,pulley,picture_backed,0611,pulley,#a83858,"168,56,88"
G0366,pushpull_plunger_chain,builtin_no_picture,builtin_no_picture,,#b838e8,"184,56,232"
G0367,rabbit_hutch,picture_backed,Pet_Animal related,Rabbit hutch,#b84858,"184,72,88"
G0368,rack_and_pinion_slider,picture_backed,Robotics,Rack-and-pinion slider,#d88818,"216,136,24"
G0369,ratchet_strap,picture_backed,0611,ratchet_strap,#c8b888,"200,184,136"
G0370,refrigerator_with_hinged_doors,builtin_no_picture,builtin_no_picture,,#d818b8,"216,24,184"
G0371,remote_weapon_station,builtin_no_picture,builtin_no_picture,,#8858a8,"136,88,168"
G0372,retractable_patio_awning,picture_backed,0611,retractable_patio_awning,#b868c8,"184,104,200"
G0373,retractable_utility_knife,builtin_no_picture,builtin_no_picture,,#589818,"88,152,24"
G0374,revolving_door,builtin_no_picture,builtin_no_picture,,#7818d8,"120,24,216"
G0375,ring_blinder,picture_backed,Workspace,ring-blinder,#482898,"72,40,152"
G0376,riot_shield,picture_backed,Law Enforcement_Protective Gear,Riot shield,#d818d8,"216,24,216"
G0377,rivet_squeeze,picture_backed,0611,rivet_squeeze,#4878c8,"72,120,200"
G0378,rivet_squeeze1,picture_backed,0611,rivet_squeeze1,#487818,"72,120,24"
G0379,robotic_arms,builtin_no_picture,builtin_no_picture,,#384818,"56,72,24"
G0380,robotic_leg,builtin_no_picture,builtin_no_picture,,#d86828,"216,104,40"
G0381,roller_conveyor,picture_backed,0611,roller_conveyor,#18a868,"24,168,104"
G0382,rolling_toolbox_with_telescoping_handle,builtin_no_picture,builtin_no_picture,,#683868,"104,56,104"
G0383,rope_pulley,picture_backed,Camping_Outdoor Gear,Rope pulley,#484878,"72,72,120"
G0384,rotary_table_with_tilting_trunnion,builtin_no_picture,builtin_no_picture,,#383888,"56,56,136"
G0385,rotating_observatory_dome,builtin_no_picture,builtin_no_picture,,#b878a8,"184,120,168"
G0386,round_cabinet,picture_backed,0611,Round_cabinet,#b83838,"184,56,56"
G0387,sailboat_winch_with_pawl_and_handle,picture_backed,0611,sailboat_winch_with_pawl_and_handle,#9868e8,"152,104,232"
G0388,satellite_with_articulated_solar_panels,builtin_no_picture,builtin_no_picture,,#783838,"120,56,56"
G0389,scanner,picture_backed,0611,scanner,#e81848,"232,24,72"
G0390,Science_Capsule,picture_backed,Science,Capsule,#e87838,"232,120,56"
G0391,Science_Dental_setup,picture_backed,Science,Dental setup,#9868b8,"152,104,184"
G0392,Science_First_aid_cabinet,picture_backed,Science,First aid cabinet,#a85878,"168,88,120"
G0393,Science_microscope,picture_backed,Science,microscope,#1858c8,"24,88,200"
G0394,Science_Surgical_bed,picture_backed,Science,Surgical bed,#c848e8,"200,72,232"
G0395,Science_Surgical_chair,picture_backed,Science,Surgical chair,#e89868,"232,152,104"
G0396,Science_Syringe,picture_backed,Science,Syringe,#6858a8,"104,88,168"
G0397,screwcap_bottle,builtin_no_picture,builtin_no_picture,,#7858b8,"120,88,184"
G0398,screwin_light_bulb_with_socket,builtin_no_picture,builtin_no_picture,,#d85858,"216,88,88"
G0399,searchlight_tower,builtin_no_picture,builtin_no_picture,,#c878b8,"200,120,184"
G0400,seed_spreader,picture_backed,Agricultural,Seed spreader,#187848,"24,120,72"
G0401,seeder,picture_backed,0611,seeder,#a89848,"168,152,72"
G0402,serial_elbow_arm,builtin_no_picture,builtin_no_picture,,#a83828,"168,56,40"
G0403,sewing_machine,picture_backed,Textiles_Fabric,Sewing machine,#b88898,"184,136,152"
G0404,shelving_unit_with_adjustable_shelves,picture_backed,0611,Shelving_unit_with_adjustable_shelves,#c81858,"200,24,88"
G0405,shelving_unit_with_folding_shelves,picture_backed,0611,Shelving_unit_with_folding_shelves,#681858,"104,24,88"
G0406,shoulderelbowwrist_arm,builtin_no_picture,builtin_no_picture,,#e88898,"232,136,152"
G0407,Sign_sign,picture_backed,Sign,sign,#682888,"104,40,136"
G0408,simple_aframe_step_ladder,builtin_no_picture,builtin_no_picture,,#c86868,"200,104,104"
G0409,simple_drying_rack,builtin_no_picture,builtin_no_picture,,#886898,"136,104,152"
G0410,single_revolute_hinge,builtin_no_picture,builtin_no_picture,,#983888,"152,56,136"
G0411,single_rotor_helicopter,builtin_no_picture,builtin_no_picture,,#a85858,"168,88,88"
G0412,single_wheelbarrow,picture_backed,Agricultural,Single-Wheelbarrow,#1888b8,"24,136,184"
G0413,singleleaf_drawbridge,builtin_no_picture,builtin_no_picture,,#b878d8,"184,120,216"
G0414,sliding_turnstile,picture_backed,0611,sliding_turnstile,#685888,"104,88,136"
G0415,sliding_window_classic,builtin_no_picture,builtin_no_picture,,#c88878,"200,136,120"
G0416,sluice_gate_with_vertical_lift_panel,builtin_no_picture,builtin_no_picture,,#d888c8,"216,136,200"
G0417,soft_pneumatic_gripper,picture_backed,Robotics,Soft pneumatic gripper,#5848a8,"88,72,168"
G0418,speed_gate,picture_backed,0611,speed_gate,#683828,"104,56,40"
G0419,Sports_Baby_cycle,picture_backed,Sports,Baby cycle,#783858,"120,56,88"
G0420,Sports_Bike,picture_backed,Sports,Bike,#7838e8,"120,56,232"
G0421,Sports_Carabiner,picture_backed,Sports,Carabiner,#d87878,"216,120,120"
G0422,Sports_Dumble,picture_backed,Sports,Dumble,#d898a8,"216,152,168"
G0423,Sports_Exercise_bike,picture_backed,Sports,Exercise bike,#d888e8,"216,136,232"
G0424,Sports_Fidget_Spinner,picture_backed,Sports,Fidget Spinner,#18a818,"24,168,24"
G0425,Sports_game_console,picture_backed,Sports,game console,#3848e8,"56,72,232"
G0426,Sports_Karting,picture_backed,Sports,Karting,#882888,"136,40,136"
G0427,Sports_Roller_scates,picture_backed,Sports,Roller scates,#385898,"56,88,152"
G0428,Sports_Scooter_Racer,picture_backed,Sports,Scooter Racer,#781818,"120,24,24"
G0429,Sports_Skateboard,picture_backed,Sports,Skateboard,#c898c8,"200,152,200"
G0430,Sports_Skincare_Roller,picture_backed,Sports,Skincare Roller,#d888a8,"216,136,168"
G0431,Sports_Table_football,picture_backed,Sports,Table football,#9838e8,"152,56,232"
G0432,Sports_Toy_car,picture_backed,Sports,Toy car,#b888c8,"184,136,200"
G0433,sprinkler_head_with_rotating_arms,picture_backed,0611,sprinkler_head_with_rotating_arms,#4858e8,"72,88,232"
G0434,Stairs_Escalator,picture_backed,Stairs,Escalator,#982828,"152,40,40"
G0435,stand_mixer,builtin_no_picture,builtin_no_picture,,#681838,"104,24,56"
G0436,standing_desk_with_synchronous_telescoping_legs_and_articulated_controls,builtin_no_picture,builtin_no_picture,,#5848c8,"88,72,200"
G0437,Stationary_Calculater,picture_backed,Stationary,Calculater,#a848e8,"168,72,232"
G0438,Stationary_Clip,picture_backed,Stationary,Clip,#883828,"136,56,40"
G0439,Stationary_Clipboard,picture_backed,Stationary,Clipboard,#984818,"152,72,24"
G0440,Stationary_Folder,picture_backed,Stationary,Folder,#586838,"88,104,56"
G0441,Stationary_Pen,picture_backed,Stationary,Pen,#282898,"40,40,152"
G0442,Stationary_Pencil_sharpener,picture_backed,Stationary,Pencil sharpener,#781868,"120,24,104"
G0443,Stationary_Scissors,picture_backed,Stationary,Scissors,#9878a8,"152,120,168"
G0444,storage_cart_with_drawers_on_wheels,picture_backed,0611,Storage_cart_with_drawers_on_wheels,#e898d8,"232,152,216"
G0445,stretcher,picture_backed,Emergency Equipment,Stretcher,#8878d8,"136,120,216"
G0446,Structure_Elevator,picture_backed,Structure,Elevator,#686898,"104,104,152"
G0447,studio_lamp,picture_backed,0611,studio_lamp,#186838,"24,104,56"
G0448,studio_spotlight_on_yoke,builtin_no_picture,builtin_no_picture,,#b848d8,"184,72,216"
G0449,table_tennis_table,picture_backed,0611,table_tennis_table,#3838b8,"56,56,184"
G0450,table_with_doors_and_drawers,picture_backed,0611,Table_with_doors_and_drawers,#7888a8,"120,136,168"
G0451,table_with_drawers_no_door,picture_backed,0611,Table_with_drawers（no_door）,#b89818,"184,152,24"
G0452,tackle_box_with_simple_hinged_lid,builtin_no_picture,builtin_no_picture,,#b87878,"184,120,120"
G0453,tailor_s_dummy,picture_backed,Textiles_Fabric,Tailor's dummy,#e84838,"232,72,56"
G0454,Technology_Audio_Device,picture_backed,Technology,Audio_Device,#981858,"152,24,88"
G0455,Technology_Conference_Phone,picture_backed,Technology,Conference_Phone,#685838,"104,88,56"
G0456,Technology_Flashlight,picture_backed,Technology,Flashlight,#d83898,"216,56,152"
G0457,Technology_Graphics_Card,picture_backed,Technology,Graphics_Card,#a858d8,"168,88,216"
G0458,Technology_Keyboard,picture_backed,Technology,Keyboard,#6868c8,"104,104,200"
G0459,Technology_Laptop,picture_backed,Technology,Laptop,#c868e8,"200,104,232"
G0460,Technology_Mobile_Phone,picture_backed,Technology,Mobile_Phone,#48b8a8,"72,184,168"
G0461,Technology_Monitor,picture_backed,Technology,Monitor,#a87868,"168,120,104"
G0462,Technology_Printer,picture_backed,Technology,Printer,#9888c8,"152,136,200"
G0463,Technology_Remote_Control,picture_backed,Technology,Remote_Control,#38b848,"56,184,72"
G0464,Technology_Security_Camera,picture_backed,Technology,Security_Camera,#e88878,"232,136,120"
G0465,Technology_Telescope,picture_backed,Technology,Telescope,#788848,"120,136,72"
G0466,telescoping_boom,builtin_no_picture,builtin_no_picture,,#e878b8,"232,120,184"
G0467,telescoping_fishing_rod,picture_backed,0611,telescoping_fishing_rod,#d89858,"216,152,88"
G0468,telescoping_pointer,picture_backed,0611,telescoping_pointer,#a81898,"168,24,152"
G0469,threestage_telescoping_slide,builtin_no_picture,builtin_no_picture,,#782898,"120,40,152"
G0470,tractor,picture_backed,Agricultural,Tractor,#487868,"72,120,104"
G0471,traditional_windmill,builtin_no_picture,builtin_no_picture,,#b81878,"184,24,120"
G0472,trekking_pole_collapsible,picture_backed,Camping_Outdoor Gear,Trekking pole collapsible,#4858a8,"72,88,168"
G0473,tricycle,picture_backed,0611,tricycle,#d87858,"216,120,88"
G0474,tripod,picture_backed,0611,tripod,#d838e8,"216,56,232"
G0475,trombone,picture_backed,0611,trombone,#882838,"136,40,56"
G0476,trumpet,picture_backed,0611,trumpet,#4868a8,"72,104,168"
G0477,tube_cutter,picture_backed,0611,tube_cutter,#e87868,"232,120,104"
G0478,turnbuckle,picture_backed,0611,turnbuckle,#7878e8,"120,120,232"
G0479,turnstile_gates,builtin_no_picture,builtin_no_picture,,#d81858,"216,24,88"
G0480,turntable,builtin_no_picture,builtin_no_picture,,#9818d8,"152,24,216"
G0481,tv_cabinet,picture_backed,0611,TV_cabinet,#78d888,"120,216,136"
G0482,tv_wall_mount,picture_backed,0611,tv_wall_mount,#c81838,"200,24,56"
G0483,twojoint_prismatic_chain,builtin_no_picture,builtin_no_picture,,#a818b8,"168,24,184"
G0484,twojoint_revolute_chain,builtin_no_picture,builtin_no_picture,,#d8a8d8,"216,168,216"
G0485,universal_joint,picture_backed,0611,universal_joint,#9888a8,"152,136,168"
G0486,Urban_Environment_bucket1,picture_backed,Urban Environment,bucket1,#18e858,"24,232,88"
G0487,Urban_Environment_bucket2,picture_backed,Urban Environment,bucket2,#7858d8,"120,88,216"
G0488,Urban_Environment_Caster_Trolley,picture_backed,Urban Environment,Caster Trolley,#58c848,"88,200,72"
G0489,Urban_Environment_Caster_Trolley2,picture_backed,Urban Environment,Caster Trolley2,#5858b8,"88,88,184"
G0490,Urban_Environment_Draft_Wagon,picture_backed,Urban Environment,Draft Wagon,#b88838,"184,136,56"
G0491,Urban_Environment_Fire_cabinet,picture_backed,Urban Environment,Fire cabinet,#782878,"120,40,120"
G0492,Urban_Environment_Fire_Extinguisher,picture_backed,Urban Environment,Fire Extinguisher,#e838b8,"232,56,184"
G0493,Urban_Environment_Fire_Hydrant,picture_backed,Urban Environment,Fire Hydrant,#58b888,"88,184,136"
G0494,Urban_Environment_Garbage_bin,picture_backed,Urban Environment,Garbage bin,#a81818,"168,24,24"
G0495,Urban_Environment_Large_Trashcan,picture_backed,Urban Environment,Large Trashcan,#384888,"56,72,136"
G0496,Urban_Environment_Mailbox,picture_backed,Urban Environment,Mailbox,#5878a8,"88,120,168"
G0497,Urban_Environment_Manhole_cover,picture_backed,Urban Environment,Manhole cover,#d8a8b8,"216,168,184"
G0498,Urban_Environment_Phone_box,picture_backed,Urban Environment,Phone box,#58b868,"88,184,104"
G0499,Urban_Environment_Public_toilet,picture_backed,Urban Environment,Public toilet,#d868a8,"216,104,168"
G0500,Urban_Environment_Public_toilet1,picture_backed,Urban Environment,Public toilet,#88a878,"136,168,120"
G0501,Urban_Environment_Roof_antena,picture_backed,Urban Environment,Roof antena,#d82818,"216,40,24"
G0502,Urban_Environment_sci_fi_satellite_dish,picture_backed,Urban Environment,sci-fi satellite dish,#781848,"120,24,72"
G0503,Urban_Environment_Tilt_Truck1,picture_backed,Urban Environment,Tilt Truck1,#8838c8,"136,56,200"
G0504,Urban_Environment_Tilt_Truck2,picture_backed,Urban Environment,Tilt Truck2,#c818b8,"200,24,184"
G0505,Urban_Environment_Trashcan1,picture_backed,Urban Environment,Trashcan1,#684828,"104,72,40"
G0506,Urban_Environment_Trashcan2,picture_backed,Urban Environment,Trashcan2,#983848,"152,56,72"
G0507,Urban_Environment_utility_box,picture_backed,Urban Environment,utility box,#98b8d8,"152,184,216"
G0508,Urban_Environment_Well_lid,picture_backed,Urban Environment,Well lid,#a898c8,"168,152,200"
G0509,usb_drive_with_swivel_cover,builtin_no_picture,builtin_no_picture,,#b8a8d8,"184,168,216"
G0510,vane_array_with_independent_pivots,builtin_no_picture,builtin_no_picture,,#a84828,"168,72,40"
G0511,Vehicle_Sports_car,picture_backed,Vehicle,Sports car_,#883868,"136,56,104"
G0512,waffle_maker,picture_backed,0611,waffle_maker,#886828,"136,104,40"
G0513,walking_cane,picture_backed,0611,Walking_cane,#7878c8,"120,120,200"
G0514,wall_safe_with_hinged_door_and_dial,builtin_no_picture,builtin_no_picture,,#b8a868,"184,168,104"
G0515,watch,picture_backed,0611,watch,#5858d8,"88,88,216"
G0516,water_filter_pump,picture_backed,Camping_Outdoor Gear,Water filter pump,#2818b8,"40,24,184"
G0517,watering_can,picture_backed,Agricultural,Watering can,#886848,"136,104,72"
G0518,wheelbarrow,builtin_no_picture,builtin_no_picture,,#d8a898,"216,168,152"
G0519,wheelie_bin_with_hinged_lid,builtin_no_picture,builtin_no_picture,,#b838a8,"184,56,168"
G0520,whiteboard_easel,picture_backed,Workspace,Whiteboard easel,#e868e8,"232,104,232"
G0521,wind_turbine,builtin_no_picture,builtin_no_picture,,#a83878,"168,56,120"
G0522,Window_Sliding_window,picture_backed,Window,Sliding window,#98d858,"152,216,88"
G0523,Window_Window,picture_backed,Window,Window,#d88868,"216,136,104"
G0524,windshield_wiper_assembly,builtin_no_picture,builtin_no_picture,,#98c8a8,"152,200,168"
G0525,wine_cabinet,picture_backed,0611,wine_cabinet,#d81888,"216,24,136"
G0526,wine_cabinet1,picture_backed,0611,wine_cabinet1,#4868d8,"72,104,216"
G0527,wine_cabinet2,picture_backed,0611,wine_cabinet2,#7898e8,"120,152,232"
G0528,wine_rack,picture_backed,0611,Wine_rack,#68b8b8,"104,184,184"
G0529,worm_gear_and_wheel_assembly,picture_backed,0611,worm_gear_and_wheel_assembly,#8828b8,"136,40,184"
G0530,wrench_set,picture_backed,0611,Wrench_set,#c84818,"200,72,24"
G0531,zippo_lighter,builtin_no_picture,builtin_no_picture,,#b838c8,"184,56,200"
