generator_index,generator_name,source_type,picture_category,sample_count,color_hex,centroid_tsne_x,centroid_tsne_y
G0001,Accessories_Cushion,picture_backed,Accessories,5,#e818e8,17.4431057,7.40289783
G0002,Accessories_glasses,picture_backed,Accessories,5,#18e818,-38.5634766,15.6128597
G0003,adjustable_monitor_arm,picture_backed,Workspace,5,#184818,-16.4239883,7.17526102
G0004,animal_feeding_bowl_stand,picture_backed,Pet_Animal related,5,#2818e8,-14.0531712,-0.0805530548
G0005,aquarium,picture_backed,Pet_Animal related,5,#d87818,28.9589806,-7.95305347
G0006,Art_Drawing_Models_Articulated_mannequin_Poseable_figure_mannequin,picture_backed,Art_Drawing Models,5,#18a8e8,-41.0383911,23.5147171
G0007,articulated_task_lamp,builtin_no_picture,builtin_no_picture,5,#881868,-22.3509331,4.01321173
G0008,astronomical_telescope_on_tripod,builtin_no_picture,builtin_no_picture,5,#189838,-36.6575241,19.6662693
G0009,Astronomy_Antenna_dish,picture_backed,Astronomy,5,#e8a8e8,17.7063408,14.6149616
G0010,Astronomy_Astronaut_helmet,picture_backed,Astronomy,5,#286898,4.41744566,-29.8850822
G0011,Astronomy_Lunar_rover,picture_backed,Astronomy,5,#b8c888,-2.70047045,43.7703056
G0012,Astronomy_Mars_rover,picture_backed,Astronomy,5,#e81868,-4.39595747,42.5901833
G0013,Astronomy_Pressurised_module_door,picture_backed,Astronomy,5,#8858e8,-0.625750899,-35.88731
G0014,Astronomy_Retractable_landing_gear,picture_backed,Astronomy,5,#885828,-17.3273811,15.012044
G0015,Astronomy_Return_capsule,picture_backed,Astronomy,5,#a87898,5.09755993,-32.388855
G0016,Astronomy_Rocket_engine,picture_backed,Astronomy,5,#382888,-9.04070473,-28.7241306
G0017,Astronomy_Satellite,picture_backed,Astronomy,5,#682818,-24.8348217,40.9987373
G0018,Astronomy_Space_shuttle,picture_backed,Astronomy,5,#48d8e8,-37.8833542,40.4026604
G0019,automotive_differential_differential_gear,picture_backed,Mechanical Components_Drivetrain,5,#18b898,-27.2402554,-16.0929317
G0020,badge_id_holder_clip,picture_backed,Workspace,5,#7818b8,2.22109437,6.23396826
G0021,Bag_Suitcase_Box,picture_backed,Bag_Suitcase,5,#c878e8,47.7956352,6.73381424
G0022,Bag_Suitcase_Luggage_bag,picture_backed,Bag_Suitcase,5,#b81818,32.1281395,0.0201423652
G0023,Bag_Suitcase_Shopping_bucket,picture_backed,Bag_Suitcase,5,#b818a8,23.3116322,-10.2013416
G0024,Bag_Suitcase_Suitcase,picture_backed,Bag_Suitcase,5,#98a818,40.4122391,-2.32897568
G0025,Bag_Suitcase_Treasure_chest,picture_backed,Bag_Suitcase,5,#1878e8,51.7470818,-4.45917654
G0026,Bar_Piano,picture_backed,Bar,5,#788868,46.0858231,14.5401583
G0027,barcode_scanner,picture_backed,Retail_Shop Fixtures,5,#386848,-6.36505747,-5.30989075
G0028,barrier_gate_boom,builtin_no_picture,builtin_no_picture,5,#e89888,-23.9126472,22.6217365
G0029,barrier_gate_leaf_gate,builtin_no_picture,builtin_no_picture,5,#584868,26.3425636,-19.4649696
G0030,Bathroom_Hair_dryer,picture_backed,Bathroom,5,#a84878,-41.6877975,-16.2146397
G0031,Bathroom_toilet,picture_backed,Bathroom,5,#e86898,23.6533566,-17.6398277
G0032,Bathroom_washmachine,picture_backed,Bathroom,5,#e8a818,30.8898888,4.79846907
G0033,bell_tower_with_swinging_bell,builtin_no_picture,builtin_no_picture,5,#98a8c8,32.9137344,-23.389122
G0034,Bench_Wood_Swing,picture_backed,Bench,5,#4848b8,41.9704666,24.4599075
G0035,bicycle_crankset_and_pedal_assembly,builtin_no_picture,builtin_no_picture,5,#48d888,-23.5324516,-3.68085909
G0036,bird_cage,picture_backed,Pet_Animal related,5,#8888e8,42.0507584,-38.9208794
G0037,blender_countertop,builtin_no_picture,builtin_no_picture,5,#a8d828,22.1302357,-20.8388329
G0038,box_fan_with_control_knob,builtin_no_picture,builtin_no_picture,5,#28b818,12.4613905,-1.73843253
G0039,branching_tree_with_three_independent_rotary_branches,builtin_no_picture,builtin_no_picture,5,#4888a8,-19.5448818,6.44641018
G0040,branching_tree_with_two_independent_rotary_branches,builtin_no_picture,builtin_no_picture,5,#d84828,-8.99154472,-10.1286306
G0041,camcorder_with_flipout_screen,builtin_no_picture,builtin_no_picture,5,#7868a8,-31.8640194,-14.458704
G0042,camera_flash,builtin_no_picture,builtin_no_picture,5,#a818e8,-10.5914631,-9.14605141
G0043,camera_lens,builtin_no_picture,builtin_no_picture,5,#e818a8,-29.6318111,-22.3017006
G0044,camp_chair,picture_backed,Camping_Outdoor Gear,5,#687818,40.4486313,19.6979389
G0045,camping_lantern,picture_backed,Camping_Outdoor Gear,5,#98a888,-7.39360428,-32.515522
G0046,candy_vending_machine,builtin_no_picture,builtin_no_picture,5,#184858,6.64820719,-7.30300426
G0047,cannon,builtin_no_picture,builtin_no_picture,5,#a858b8,-38.4375763,-6.733603
G0048,cantilever_articulated_arm,builtin_no_picture,builtin_no_picture,5,#584818,-21.0038662,2.9878304
G0049,car_axles,builtin_no_picture,builtin_no_picture,5,#581868,-28.3589973,-13.0029678
G0050,cash_register,picture_backed,Retail_Shop Fixtures,5,#a86858,15.8543673,6.16072989
G0051,casino_machine,builtin_no_picture,builtin_no_picture,5,#6828e8,31.4835701,11.0725689
G0052,cat_flap,picture_backed,Pet_Animal related,5,#a88818,24.1595173,-8.86361885
G0053,cctv_mast_with_pantilt_camera_head,builtin_no_picture,builtin_no_picture,5,#883848,-17.402401,23.0335693
G0054,ceiling_fan,builtin_no_picture,builtin_no_picture,5,#188868,-18.1154175,2.44378662
G0055,ceiling_light_fixture_adjustable,builtin_no_picture,builtin_no_picture,5,#a8c8d8,-5.77412319,-0.84265691
G0056,Chair_Chair,picture_backed,Chair,5,#184888,-0.219901651,9.77523041
G0057,Chair_Folding_chair,picture_backed,Chair,5,#4818b8,30.1346474,29.8136902
G0058,chest_freezer_with_hinged_lid,builtin_no_picture,builtin_no_picture,5,#883898,26.6394444,4.52045155
G0059,clock_tower_with_rotating_hour_and_minute_hands,builtin_no_picture,builtin_no_picture,5,#e858c8,-31.4828854,-28.4246979
G0060,clothing_rack,picture_backed,Retail_Shop Fixtures,5,#c888b8,33.6947289,-36.6541901
G0061,coaxial_rotary_stack,builtin_no_picture,builtin_no_picture,5,#b88868,-10.4860277,-31.4239845
G0062,Container_Barrel,picture_backed,Container,5,#187818,-3.282763,-42.321888
G0063,Container_Basket,picture_backed,Container,5,#78c8a8,2.56735754,-45.408638
G0064,Container_Bottle,picture_backed,Container,5,#d8b8a8,-27.2925911,-42.9057503
G0065,Container_Bottle_serum,picture_backed,Container,5,#1858e8,-25.3562984,-36.2520065
G0066,Container_Box,picture_backed,Container,5,#48b8c8,46.5959969,-7.56630993
G0067,Container_Can,picture_backed,Container,5,#1818a8,16.8477898,-24.0104084
G0068,Container_Cosmetic,picture_backed,Container,5,#785878,1.22765148,-20.9456062
G0069,Container_Cup,picture_backed,Container,5,#c84898,-6.56370163,-42.3414917
G0070,Container_Dispenser,picture_backed,Container,5,#a81858,-24.842968,-41.3243294
G0071,Container_Gas_cylinder,picture_backed,Container,5,#e86858,-20.077404,-33.9349022
G0072,Container_Glass_bottle,picture_backed,Container,5,#b858e8,-28.0583401,-16.4671535
G0073,Container_Jar,picture_backed,Container,5,#587878,-3.26440811,-20.8822899
G0074,Container_Kettle,picture_backed,Container,5,#7898a8,-7.25525808,-32.142025
G0075,Container_laundry_detergent_bottle,picture_backed,Container,5,#58a858,-28.8457222,-45.6988144
G0076,Container_Lipstick,picture_backed,Container,5,#682848,-34.697422,-37.7714272
G0077,Container_Locker,picture_backed,Container,5,#78c818,35.9336929,-16.2915668
G0078,Container_Paint_spray,picture_backed,Container,5,#583888,-31.9704189,-38.5826721
G0079,Container_Plastic_can,picture_backed,Container,5,#b898e8,12.8509417,-22.5658569
G0080,Container_Primer_bottle,picture_backed,Container,5,#c85868,-8.69364643,-28.9769402
G0081,Container_Pump,picture_backed,Container,5,#e888d8,-29.9710999,-41.9470253
G0082,Container_Shipping_container,picture_backed,Container,5,#a84848,31.8045864,-17.7534599
G0083,Container_Tube,picture_backed,Container,5,#c89838,-28.3517876,-41.0039101
G0084,crane_tower,builtin_no_picture,builtin_no_picture,5,#a878c8,-19.4386616,19.0674305
G0085,Curtain_blind,picture_backed,Curtain,5,#6858c8,51.6426773,-23.2119141
G0086,defibrillator_case,picture_backed,Emergency Equipment,5,#383868,30.4146023,-9.30922985
G0087,desk_with_drawer,builtin_no_picture,builtin_no_picture,5,#c8a8c8,41.2936172,34.8444672
G0088,desk_with_drawer_card_catalog,builtin_no_picture,builtin_no_picture,5,#881818,59.1020012,-0.495784909
G0089,desktop_monitor_with_tilt_swivel_stand,builtin_no_picture,builtin_no_picture,5,#c81878,24.7607632,-7.88193417
G0090,desktop_pc_tower,builtin_no_picture,builtin_no_picture,5,#b8b838,30.7880516,-13.9811115
G0091,differential_drive_wheel,picture_backed,Robotics,5,#781888,-6.30586863,42.663353
G0092,dishwasher_with_dropdown_door_and_sliding_racks,builtin_no_picture,builtin_no_picture,5,#9818b8,24.5747318,-12.284112
G0093,display_freezer_with_sliding_glass_lids,builtin_no_picture,builtin_no_picture,5,#6878d8,30.8166542,-0.224679559
G0094,dj_equipment,builtin_no_picture,builtin_no_picture,5,#78b878,3.42580724,1.86196804
G0095,Door_Door,picture_backed,Door,5,#385818,53.2717171,-23.1165295
G0096,Door_Double_Door,picture_backed,Door,5,#983818,49.7662964,-26.9635773
G0097,Door_folding_door,picture_backed,Door,5,#c838c8,39.7081032,-24.1342106
G0098,Door_Folding_gate,picture_backed,Door,5,#489888,53.7053719,-25.0612679
G0099,Door_Garage_shutter,picture_backed,Door,5,#b86818,40.5815315,-17.1990185
G0100,Door_Gate,picture_backed,Door,5,#b89898,44.5134697,-28.005682
G0101,Door_Other,picture_backed,Door,5,#585898,44.7691422,-24.8428535
G0102,Door_Scifi_Gate,picture_backed,Door,5,#385858,46.7296638,-22.8107338
G0103,Door_Sliding_Door,picture_backed,Door,5,#c8a878,54.4222832,-23.1841564
G0104,Door_Trap_door,picture_backed,Door,5,#d81838,26.7774658,-15.2707167
G0105,Door_wooden_plank_door_with_a_ring_pull,picture_backed,Door,5,#581898,41.7556381,-26.1037865
G0106,drafting_table,picture_backed,Workspace,5,#1838b8,42.4349213,29.262867
G0107,drawer_cabinet_with_sliding_drawers,builtin_no_picture,builtin_no_picture,5,#c868b8,57.9592896,2.57025862
G0108,drone,builtin_no_picture,builtin_no_picture,5,#686848,-42.1207581,38.739151
G0109,dual_independent_finger_chains,builtin_no_picture,builtin_no_picture,5,#e8b878,-19.083559,0.708159745
G0110,Electrical_Wiring_Cable_reel,picture_backed,Electrical_Wiring,5,#8828d8,-22.9528866,-17.0890923
G0111,Electrical_Wiring_Circuit_breaker,picture_backed,Electrical_Wiring,5,#2878b8,0.804355979,-4.23475122
G0112,Electrical_Wiring_Conduit_bender,picture_backed,Electrical_Wiring,5,#889858,-31.5169125,6.92417145
G0113,Electrical_Wiring_Distribution_board_panel,picture_backed,Electrical_Wiring,5,#98d878,29.0044498,-9.19054985
G0114,Electrical_Wiring_Junction_box,picture_backed,Electrical_Wiring,5,#887838,2.13828897,-22.226263
G0115,Electrical_Wiring_Surge_protector_switch,picture_backed,Electrical_Wiring,5,#8888b8,-26.0350037,14.5941181
G0116,Electrical_Wiring_Wire_stripper,picture_backed,Electrical_Wiring,5,#483818,-52.3088303,5.74659443
G0117,elevator_shaft,builtin_no_picture,builtin_no_picture,5,#18d858,37.8183212,-32.1622696
G0118,emergency_exit_door,picture_backed,Emergency Equipment,5,#78b8e8,45.787838,-27.5174751
G0119,Equipment_Control_panel,picture_backed,Equipment,5,#a82888,26.081274,-14.1186237
G0120,Equipment_Game_console,picture_backed,Equipment,5,#783878,26.72855,-2.00315499
G0121,Equipment_LED_work_light,picture_backed,Equipment,5,#e84858,8.72685432,15.1233644
G0122,Equipment_Lock,picture_backed,Equipment,5,#6898d8,-1.43973887,-21.3037682
G0123,Equipment_Pipeline,picture_backed,Equipment,5,#684848,-30.1464424,-20.8300037
G0124,Equipment_Power_switch,picture_backed,Equipment,5,#e898b8,-16.8134308,2.29734492
G0125,Equipment_Pump2,picture_backed,Equipment,5,#c87888,-33.1426125,-22.9883385
G0126,fabric_scissors,picture_backed,Textiles_Fabric,5,#1858a8,-54.4184456,9.20938873
G0127,Facade_Element_Air_conditioner_outdoor_unit,picture_backed,Facade Element,5,#886868,40.1148186,7.65122509
G0128,Facade_Element_Gutter_downchain,picture_backed,Facade Element,5,#c818e8,-32.3924446,24.3756447
G0129,Facade_Element_Lamp1,picture_backed,Facade Element,5,#e84898,-10.9938221,-15.0614901
G0130,Fence_Cascade_fences_MORE_THAN_1,picture_backed,Fence,5,#88b8b8,-35.4820709,7.57803583
G0131,ferris_wheel,builtin_no_picture,builtin_no_picture,5,#18d8b8,1.92165852,31.4515648
G0132,fingerlike_phalanx_chain,builtin_no_picture,builtin_no_picture,5,#789818,9.79657173,-11.4782162
G0133,fire_escape_ladder,picture_backed,Emergency Equipment,5,#d858e8,19.0065002,6.67808819
G0134,folding_arm_chain,builtin_no_picture,builtin_no_picture,5,#68a898,-44.6560287,4.55936623
G0135,folding_camp_table,picture_backed,Camping_Outdoor Gear,5,#1898c8,38.0828934,30.4482632
G0136,Fountain_Drick_fountain,picture_backed,Fountain,5,#4838d8,12.3633404,-7.89813232
G0137,gear_assemblies,builtin_no_picture,builtin_no_picture,5,#685818,-12.144763,-16.1253452
G0138,globe,builtin_no_picture,builtin_no_picture,5,#185878,0.246344134,-29.1754456
G0139,graphics_card_with_cooling_fans,builtin_no_picture,builtin_no_picture,5,#a838c8,12.5699568,40.8051643
G0140,greenhouse_vent_roof,picture_backed,Agricultural,5,#e88858,8.8201437,3.08808184
G0141,hamster_wheel,picture_backed,Pet_Animal related,5,#985898,-0.731494844,-24.6126404
G0142,hand_cultivator,picture_backed,Agricultural,5,#787898,-20.3051872,29.2315826
G0143,hand_operated_pasta_maker_with_rollers_and_crank,picture_backed,0611,5,#8848b8,28.3090973,17.2735653
G0144,Handtools_caulking_gun,picture_backed,Handtools,5,#3888d8,-48.2071457,-6.34695625
G0145,Handtools_Clamp,picture_backed,Handtools,5,#8868c8,-22.5912266,-18.0556431
G0146,Handtools_clothes_peg,picture_backed,Handtools,5,#a8a858,11.7044744,-5.87431049
G0147,Handtools_dial_caliper,picture_backed,Handtools,5,#68b848,-38.2814751,1.7113781
G0148,Handtools_Hand_plane,picture_backed,Handtools,5,#1868c8,-5.87941742,0.749172688
G0149,Handtools_Knife,picture_backed,Handtools,5,#b84818,-49.3040543,0.915327907
G0150,Handtools_Paint_roller,picture_backed,Handtools,5,#6838a8,-48.4444733,-2.66694498
G0151,Handtools_Pen,picture_backed,Handtools,5,#18a8b8,-39.5152664,25.2306709
G0152,Handtools_Stapler,picture_backed,Handtools,5,#486868,4.77034235,1.04498589
G0153,Handtools_Tool_cart,picture_backed,Handtools,5,#187888,45.002327,6.42634869
G0154,Handtools_wooden_tongs,picture_backed,Handtools,5,#5868e8,-60.2930908,9.90907288
G0155,Handtools_Wrench,picture_backed,Handtools,5,#783818,-47.1679001,1.88169801
G0156,harmonic_drive,picture_backed,Robotics,5,#a8b8e8,-7.1083107,-33.938282
G0157,harvester,picture_backed,Agricultural,5,#586888,-17.7590599,19.4703789
G0158,Headwear_Racing_helmet,picture_backed,Headwear,5,#487848,3.87770414,-28.1652641
G0159,Healthcare_Adjustable_hospital_bed,picture_backed,Healthcare,5,#583838,35.9044876,24.8649216
G0160,Healthcare_Crutches,picture_backed,Healthcare,5,#486818,-27.1430168,30.3146515
G0161,Healthcare_First_aid_box,picture_backed,Healthcare,5,#881848,23.0332394,48.0892258
G0162,Healthcare_Pill_bottle_box,picture_backed,Healthcare,5,#c8c818,6.81501007,-2.50773478
G0163,Healthcare_Prosthetic_limb,picture_backed,Healthcare,5,#9898d8,-40.9079514,24.5262299
G0164,Healthcare_Wheelchair,picture_backed,Healthcare,5,#987878,-2.14169312,49.1306763
G0165,hole_punch,picture_backed,Workspace,5,#986888,-1.04843044,6.97075033
G0166,Household_Laundry_Clothes_drying_rack_Laundry_drying_rack,picture_backed,Household_Laundry,5,#18c868,43.0368156,-1.86163521
G0167,immersion_blender,builtin_no_picture,builtin_no_picture,5,#c86848,-30.4711418,-32.7689171
G0168,Industrial_Blast_door,picture_backed,Industrial,5,#5868b8,40.1556282,-18.2971687
G0169,Industrial_Drill_press_table,picture_backed,Industrial,5,#588848,-6.35088491,6.59292698
G0170,Industrial_Electric_Saw,picture_backed,Industrial,5,#284838,-26.3833408,-4.74780369
G0171,Industrial_Hydraulic_press,picture_backed,Industrial,5,#78d8c8,-7.00649405,0.790947199
G0172,Industrial_Industrial_vice,picture_backed,Industrial,5,#183898,-23.7064323,-8.21125698
G0173,Industrial_Mine_cart,picture_backed,Industrial,5,#288888,-7.08588171,24.889782
G0174,Industrial_Ore_crusher_jaw,picture_backed,Industrial,5,#289868,-16.819706,-16.9803123
G0175,Industrial_Safety_cage,picture_backed,Industrial,5,#785858,40.1800728,-25.482338
G0176,ironing_board,picture_backed,Textiles_Fabric,5,#18c8e8,31.9231529,39.1358414
G0177,jet_engine,builtin_no_picture,builtin_no_picture,5,#a8b898,-28.2678032,-4.61623192
G0178,Kitchen_Air_fryer,picture_backed,Kitchen,5,#78c868,30.4616508,2.95142293
G0179,Kitchen_Coffee_machine,picture_backed,Kitchen,5,#187868,24.4414062,7.05890036
G0180,Kitchen_Corkscrew,picture_backed,Kitchen,5,#78d858,-25.2857113,-23.4036369
G0181,Kitchen_Dish_washer,picture_backed,Kitchen,5,#786818,27.6813393,-13.6384506
G0182,Kitchen_Hood,picture_backed,Kitchen,5,#6838c8,15.777092,-16.7210636
G0183,Kitchen_Knife_set,picture_backed,Kitchen,5,#d88888,18.4911098,-22.4534512
G0184,Kitchen_Microwave,picture_backed,Kitchen,5,#38c898,30.8149052,7.65261602
G0185,Kitchen_Toaster,picture_backed,Kitchen,5,#b85888,30.6217346,9.46065521
G0186,laptop_stand,picture_backed,Workspace,5,#58a818,-25.4978218,10.9593773
G0187,lever_chain,builtin_no_picture,builtin_no_picture,5,#484898,-16.590519,0.628294468
G0188,Light_Latern,picture_backed,Light,5,#1818c8,-15.9854813,-36.9073219
G0189,linear_actuator,picture_backed,Robotics,5,#28e878,-30.6673546,4.28313303
G0190,loom_shuttle,picture_backed,Textiles_Fabric,5,#c83868,-56.323761,-1.34908891
G0191,louvered_shutter_assembly,builtin_no_picture,builtin_no_picture,5,#682868,55.2771072,-29.4655819
G0192,Machinery_Watermill,picture_backed,Machinery,5,#986838,1.17983735,22.9182549
G0193,makeup,picture_backed,0611,5,#888828,8.9206028,-2.22123694
G0194,makeup1,picture_backed,0611,5,#981898,9.47761726,5.10571194
G0195,makeup2,picture_backed,0611,5,#b82848,18.1475487,-9.05074883
G0196,makeup3,picture_backed,0611,5,#a88888,10.0314522,5.51333332
G0197,manual_coffee_grinder,picture_backed,0611,5,#983868,-24.6993141,-15.5071697
G0198,manual_grain_mill1,picture_backed,0611,5,#a868a8,-6.75271893,-10.5231352
G0199,manual_grain_mill2,picture_backed,0611,5,#d878c8,-8.39983845,-8.86274624
G0200,manual_hand_drill,picture_backed,0611,5,#188818,-27.0016937,17.3375034
G0201,manual_pipe_bender,picture_backed,0611,5,#688888,-9.84194374,11.3972034
G0202,manual_water_dispenser_pump,picture_backed,0611,5,#684888,-13.4991379,-43.5503006
G0203,meat_grinder,picture_backed,0611,5,#5848e8,-26.2414131,-21.3388119
G0204,Mechanical_calculator,picture_backed,0611,5,#58c8c8,19.7941437,17.6302681
G0205,mechanical_metronome_with_pendulum,picture_backed,0611,5,#988858,36.628109,-27.6707821
G0206,mechanical_timer_with_rotating_dial,picture_backed,0611,5,#68a8c8,15.203229,-10.049077
G0207,metal_blender,picture_backed,0611,5,#c86898,-13.3426771,17.1469975
G0208,metronome,builtin_no_picture,builtin_no_picture,5,#985868,34.4557266,-16.1538734
G0209,microphone_boom_arm,picture_backed,0611,5,#e85818,-25.8366032,11.2979851
G0210,Military_Aircraft,picture_backed,Military,5,#a888b8,-39.2443962,39.8580246
G0211,Military_Granade,picture_backed,Military,5,#a868d8,-19.9015312,-35.1465683
G0212,Military_Gun,picture_backed,Military,5,#183878,-48.4311905,-12.0077362
G0213,Military_helicopter,picture_backed,Military,5,#a89868,-39.5815964,42.4897919
G0214,Military_knife,picture_backed,Military,5,#e818c8,-23.7365227,19.2496624
G0215,Military_Military_knife,picture_backed,Military,5,#485878,-7.12900686,15.9099455
G0216,Military_Radio,picture_backed,Military,5,#e81888,-23.7372627,32.8143082
G0217,Military_Rifle,picture_backed,Military,5,#485838,-53.8457756,-15.482605
G0218,Military_sword,picture_backed,Military,5,#7848d8,-55.0077629,-0.879249573
G0219,Military_Tank,picture_backed,Military,5,#a888e8,-14.4221468,37.7636032
G0220,Military_Turret,picture_backed,Military,5,#6878b8,-28.6586189,-4.34142256
G0221,missile_launcher,builtin_no_picture,builtin_no_picture,5,#1898a8,-23.2908897,4.68649769
G0222,miter_saw_arm_assembly,builtin_no_picture,builtin_no_picture,5,#38c818,-9.80344868,6.37964392
G0223,monitor_mount,builtin_no_picture,builtin_no_picture,5,#18b868,-22.0768127,5.49748898
G0224,multisegment_foldout_arm,builtin_no_picture,builtin_no_picture,5,#884888,-32.3923569,5.26546097
G0225,Music_Amplifier,picture_backed,Music,5,#384868,27.1855774,7.82018375
G0226,Music_CD_case,picture_backed,Music,5,#e878e8,11.7735577,-1.01337147
G0227,Music_Headphone,picture_backed,Music,5,#c8a8e8,-3.14587903,-20.8455162
G0228,Music_keyboard,picture_backed,Music,5,#18a888,34.444149,13.6506348
G0229,music_stand,picture_backed,0611,5,#c8b868,26.8306122,34.252121
G0230,music_stand1,picture_backed,0611,5,#583858,16.0979786,32.9329109
G0231,Music_Violin_case,picture_backed,Music,5,#d84878,12.1101637,-6.41868734
G0232,Music_Vocal_mic,picture_backed,Music,5,#e89838,-30.2107944,-14.7637157
G0233,n_joint_revolute_chain,builtin_no_picture,builtin_no_picture,5,#d848b8,-37.3356819,3.64930916
G0234,needle_case,picture_backed,Textiles_Fabric,5,#c82898,4.91654062,9.76194572
G0235,nutcracker,picture_backed,0611,5,#c8a8a8,-48.1906281,11.20294
G0236,office_table_with_doors_or_drawers,picture_backed,0611,5,#687858,57.1978264,-2.25865483
G0237,Other_Air_conditioner,picture_backed,Other,5,#487898,13.9164791,-5.18220377
G0238,Other_armchair,picture_backed,Other,5,#b898b8,27.8703156,29.2624969
G0239,Other_Bedside,picture_backed,Other,5,#e8a8a8,54.6243706,1.12294054
G0240,Other_Built_in_oven,picture_backed,Other,5,#68a878,35.0694962,4.58909702
G0241,Other_Cabinet,picture_backed,Other,5,#d8b818,49.4131546,-9.21872616
G0242,Other_cauldron,picture_backed,Other,5,#a8c8b8,-9.6567688,-38.66119
G0243,Other_Coffin,picture_backed,Other,5,#98b858,31.9541073,2.93978405
G0244,Other_Folding_screen,picture_backed,Other,5,#186878,50.2225723,-28.0023708
G0245,Other_high_arc_gooseneck_faucet,picture_backed,Other,5,#b87848,-27.1336479,-24.127964
G0246,Other_Lighter,picture_backed,Other,5,#18b8e8,-19.9592514,-33.2590218
G0247,Other_Metal_drain,picture_backed,Other,5,#884838,-6.62714386,-31.9401245
G0248,Other_pliers,picture_backed,Other,5,#989828,-49.3757401,3.699054
G0249,Other_Scale,picture_backed,Other,5,#589848,0.980056465,-16.7302418
G0250,Other_single_hole_basin_faucet,picture_backed,Other,5,#2848c8,-18.1844273,-8.29387283
G0251,Other_stove,picture_backed,Other,5,#6888c8,31.1065311,9.39817524
G0252,Other_Switch,picture_backed,Other,5,#987858,41.7485619,-19.7402458
G0253,Other_Tripod_Turnstile,picture_backed,Other,5,#188848,11.1320162,-22.8735714
G0254,Other_TV,picture_backed,Other,5,#9848d8,28.6698341,6.18543434
G0255,Other_Vent,picture_backed,Other,5,#985848,-10.1540966,-21.4774666
G0256,Other_Water_dispenser,picture_backed,Other,5,#1898e8,9.20127678,-4.37104321
G0257,Other_widespread_two_handle_faucet,picture_backed,Other,5,#68a8e8,-13.7533598,-15.1260805
G0258,Others_Binocular,picture_backed,Others,5,#789888,-34.9591904,-16.7797813
G0259,Others_blacksmith_tongs,picture_backed,Others,5,#981838,-53.4462357,7.70225668
G0260,Others_Matchbox,picture_backed,Others,5,#d8b8c8,54.3759995,-5.55267239
G0261,Others_Safe,picture_backed,Others,5,#786888,34.8584824,4.32288074
G0262,overhead_projector_with_articulating_mirror,picture_backed,0611,5,#4858c8,-7.30658579,15.4483929
G0263,overshot_waterwheel,builtin_no_picture,builtin_no_picture,5,#78d8a8,9.06720638,21.5377331
G0264,paper_cutter_guillotine,builtin_no_picture,builtin_no_picture,5,#78c8e8,6.73022223,6.38461971
G0265,paper_shredder,picture_backed,Workspace,5,#782838,30.0570374,-0.811819553
G0266,parabolic_dish_on_azimuth_elevation_mount,builtin_no_picture,builtin_no_picture,5,#c87868,-1.82842481,29.7102051
G0267,Parts_quick_release_clamp,picture_backed,Parts,5,#785898,-32.5497856,-6.78865957
G0268,pepper_mill_with_rotating_grinder_mechanism,picture_backed,0611,5,#c888d8,-21.7563362,-37.8058395
G0269,pet_carrier,picture_backed,Pet_Animal related,5,#186818,32.3088303,-13.147542
G0270,pet_stroller,picture_backed,Pet_Animal related,5,#68d818,-6.81342173,46.6594582
G0271,piano_bench,picture_backed,0611,5,#c8a828,13.0233278,-1.18663824
G0272,pictureX_0611_Air_blower,picture_backed,0611,5,#88a8a8,-42.6982498,-8.68577003
G0273,pictureX_0611_ball_transfer_unit_with_spring_loaded_ball,picture_backed,0611,5,#5818d8,-16.2019691,-28.5130157
G0274,pictureX_0611_ball_valve_with_quarter_turn_handle,picture_backed,0611,5,#4838a8,-28.896698,-20.3263836
G0275,pictureX_0611_bevel_gear_pair_with_perpendicular_shafts,picture_backed,0611,5,#88a858,-22.0873661,-18.3383827
G0276,pictureX_0611_bi_fold_closet_door_system,picture_backed,0611,5,#a87828,51.0377083,-20.0104027
G0277,pictureX_0611_bookcase,picture_backed,0611,5,#c84848,52.5356064,-13.0988264
G0278,pictureX_0611_bookcase1,picture_backed,0611,5,#784868,46.746624,-15.7873354
G0279,pictureX_0611_bookcase2,picture_backed,0611,5,#8878b8,46.5782738,-17.5308971
G0280,pictureX_0611_Bookshelf_with_books,picture_backed,0611,5,#d898e8,51.5211182,-8.13103294
G0281,pictureX_0611_Butter_maker,picture_backed,0611,5,#9878e8,-24.3012085,-25.2767239
G0282,pictureX_0611_butterfly_valve_with_lever_operator,picture_backed,0611,5,#e87888,-21.9043388,-20.6589432
G0283,pictureX_0611_C_shaped_sofa_side_table,picture_backed,0611,5,#98b818,36.8002357,24.3771172
G0284,pictureX_0611_Cabinet_with_doors,picture_backed,0611,5,#78b898,46.864502,-10.756547
G0285,pictureX_0611_Cabinet_with_doors_and_drawers,picture_backed,0611,5,#e82828,57.5625229,1.30896592
G0286,pictureX_0611_Cabinet_with_drawers,picture_backed,0611,5,#a8c858,58.1587753,4.60655355
G0287,pictureX_0611_Cabinet_with_glass_lift_up_vitrine,picture_backed,0611,5,#9898b8,48.5990868,-11.0959148
G0288,pictureX_0611_car_scissor_jack_with_screw_mechanism,picture_backed,0611,5,#185838,-11.4613361,11.6497145
G0289,pictureX_0611_centrifuge_machine1,picture_backed,0611,5,#3828c8,21.1171112,-9.22455692
G0290,pictureX_0611_centrifuge_machine2,picture_backed,0611,5,#88c888,-19.7964382,-7.27766657
G0291,pictureX_0611_Chain_separator,picture_backed,0611,5,#18a848,-25.2253456,4.61378002
G0292,pictureX_0611_compass,picture_backed,0611,5,#c85818,1.32261944,-10.916132
G0293,pictureX_0611_crimping_tool,picture_backed,0611,5,#482868,-45.8166924,4.26117611
G0294,pictureX_0611_Desk_with_drawers_no_door,picture_backed,0611,5,#98a8e8,52.7687302,12.5613585
G0295,pictureX_0611_drafting_table_with_adjustable_tilt_surface,picture_backed,0611,5,#1848a8,34.9760971,29.5292416
G0296,pictureX_0611_drawing_compass_with_adjustable_legs,picture_backed,0611,5,#c88848,-32.9877396,16.5263977
G0297,pictureX_0611_Dressing_table,picture_backed,0611,5,#b83888,45.8693619,33.595192
G0298,pictureX_0611_drum_pedal_with_beater_and_spring_return,picture_backed,0611,5,#a85818,-10.1063766,6.7853713
G0299,pictureX_0611_elevator_button_panel,picture_backed,0611,5,#a838a8,25.1900368,-5.92318916
G0300,pictureX_0611_ergonomic_clamp_with_adjustable,picture_backed,0611,5,#c89878,-18.798069,7.68897009
G0301,pictureX_0611_ergonomic_clamp_with_adjustable_components,picture_backed,0611,5,#588818,-15.9601564,4.31505966
G0302,pictureX_0611_flaring_tool_with_cone_and_clamp,picture_backed,0611,5,#a84898,-23.6161976,4.86649036
G0303,pictureX_0611_flexible_track_lighting_system,picture_backed,0611,5,#e85878,-22.8264427,18.419754
G0304,pictureX_0611_Floor_standing_drafting_table,picture_backed,0611,5,#e868b8,42.5057373,27.5862846
G0305,pictureX_0611_folders,picture_backed,0611,5,#782858,52.0925407,-9.26701832
G0306,pictureX_0611_Folding_ruler,picture_backed,0611,5,#582858,-49.2510262,8.34427643
G0307,pictureX_0611_Folding_sofa_bed,picture_backed,0611,5,#b86878,37.7015953,15.8100948
G0308,pictureX_0611_Folding_sofa_bed1,picture_backed,0611,5,#a8b878,29.8889275,12.6407509
G0309,pictureX_0611_Folding_sofa_bed2,picture_backed,0611,5,#c858c8,23.9316444,-2.07727504
G0310,pictureX_0611_Folding_sofa_bed3,picture_backed,0611,5,#6818c8,22.6557159,-4.12654591
G0311,pictureX_0611_Folding_table,picture_backed,0611,5,#689868,38.2164078,31.0075741
G0312,pictureX_0611_Folding_table1,picture_backed,0611,5,#d868d8,33.6664429,18.6152649
G0313,pictureX_0611_Folding_table2,picture_backed,0611,5,#d878a8,31.0915775,25.9390984
G0314,pictureX_0611_Folding_table3,picture_backed,0611,5,#784818,36.5933914,38.605011
G0315,pictureX_0611_Folding_table4,picture_backed,0611,5,#c8b8e8,37.416729,40.5706825
G0316,pictureX_0611_Folding_table5,picture_backed,0611,5,#6888e8,36.1746979,35.5722122
G0317,pictureX_0611_full_height_turnstile,picture_backed,0611,5,#681878,29.6851444,-30.8545742
G0318,pictureX_0611_Garden_pruner,picture_backed,0611,5,#b818c8,-44.4297905,-3.91622591
G0319,pictureX_0611_garlic_press,picture_backed,0611,5,#c82818,-30.3190651,5.37244892
G0320,pictureX_0611_generator,picture_backed,0611,5,#981878,-16.396822,-5.84037304
G0321,pictureX_0611_Golf_cart,picture_backed,0611,5,#e8a878,-4.46862555,45.3253212
G0322,pictureX_0611_guitar_tuning_peg_mechanism,picture_backed,0611,5,#b82868,-23.7332935,-8.9455595
G0323,pictureX_0611_gyroscope_with_spinning_wheel_and_gimbal_rings,picture_backed,0611,5,#d8a858,-1.41843319,17.8973618
G0324,pictureX_0611_Hall_tree_with_flip_top_seat,picture_backed,0611,5,#d83858,50.8283424,-20.0285587
G0325,pictureX_0611_Hand_crank_clothes_wringer,picture_backed,0611,5,#6848b8,28.6826687,22.0858364
G0326,pictureX_0611_hand_operated_metal_brake_for_bending_sheet_metal,picture_backed,0611,5,#7868e8,-1.85873318,14.4612904
G0327,pictureX_0611_Hole_punch,picture_backed,0611,5,#6818a8,-3.94418669,13.2979612
G0328,pictureX_0611_Hutch_Cabinet,picture_backed,0611,5,#b85848,49.8355293,-13.602953
G0329,pictureX_0611_hydraulic_jack,picture_backed,0611,5,#5898b8,0.713802218,2.8849175
G0330,pictureX_0611_hydraulic_jack1,picture_backed,0611,5,#88c8c8,-26.0863094,-6.09208441
G0331,pictureX_0611_hydraulic_jack2,picture_backed,0611,5,#683848,-24.0379295,18.5852413
G0332,pictureX_0611_Ice_crream_machine,picture_backed,0611,5,#1838d8,-4.61236143,-23.9359779
G0333,pictureX_0611_industrial_crane_featuring_advanced_hydraulic,picture_backed,0611,5,#588868,-12.5809298,15.8862963
G0334,pictureX_0611_Industrial_rolling_work_table,picture_backed,0611,5,#4818e8,36.2964821,22.4544792
G0335,pictureX_0611_ironing_board2,picture_backed,0611,5,#8818a8,18.0162735,25.2212734
G0336,pictureX_0611_juicer_press_with_handle,picture_backed,0611,5,#78a838,-10.9258738,-10.2063694
G0337,pictureX_0611_kitchen_cabinet,picture_backed,0611,5,#18c8b8,53.0750313,4.30387688
G0338,pictureX_0611_Kitchen_set,picture_backed,0611,5,#d858a8,47.7845993,-8.60481453
G0339,pictureX_0611_laser_level_tripod,picture_backed,0611,5,#b858a8,-32.8581161,17.1550789
G0340,pictureX_0611_lazy_susan,picture_backed,0611,5,#b848b8,6.93719721,1.0116775
G0341,pictureX_0611_Lid_opener,picture_backed,0611,5,#5828b8,-44.8139267,7.23084259
G0342,pictureX_0611_linear_bearing_slide_with_rail,picture_backed,0611,5,#582878,-21.0375404,2.36093712
G0343,pictureX_0611_Locker_box,picture_backed,0611,5,#483878,24.063015,-18.0902405
G0344,pilers_cutting_pliers,picture_backed,0611,5,#2868e8,-43.3108749,9.72403526
G0345,pilers_fencing_pliers,picture_backed,0611,5,#3818a8,-55.4341545,6.86316442
G0346,pilers_linesman_pliers,picture_backed,0611,5,#a8c818,-54.5988274,5.36002731
G0347,pilers_locking_pliers,picture_backed,0611,5,#d86878,-42.2050552,5.69441891
G0348,pilers_needle_nose_pliers,picture_backed,0611,5,#9858c8,-54.4802322,7.64539719
G0349,pilers_slip_joint_pliers,picture_backed,0611,5,#e8b848,-57.7241936,6.10140848
G0350,pilers_tongue_groove_pliers,picture_backed,0611,5,#6858e8,-45.3783264,11.4154606
G0351,pilers_wire_strippers,picture_backed,0611,5,#784898,-56.3461914,9.43754959
G0352,platform_cart,builtin_no_picture,builtin_no_picture,5,#481888,4.96297789,31.1250401
G0353,Playground_playground_chair_swing_carousel,picture_backed,Playground,5,#a82838,-22.9540043,23.5045376
G0354,Playground_playground_merry_go_round,picture_backed,Playground,5,#984858,-4.01144123,12.5410452
G0355,Playground_Seesaw,picture_backed,Playground,5,#18d818,-24.7736263,17.8919468
G0356,Playground_swing,picture_backed,Playground,5,#c8c868,26.9099522,7.19283962
G0357,playground_swing,builtin_no_picture,builtin_no_picture,5,#7838b8,22.8867607,30.4001579
G0358,Playground_swing_circular,picture_backed,Playground,5,#e8a8c8,28.578537,-8.96681786
G0359,point_of_sale_terminal,picture_backed,Retail_Shop Fixtures,5,#9848a8,15.4847431,18.1022911
G0360,Powertools_angle_grinder,picture_backed,Powertools,5,#e848d8,-41.8393326,-12.6217213
G0361,Powertools_drill,picture_backed,Powertools,5,#e888b8,-28.5773525,-13.1086636
G0362,Powertools_Lawn_mower,picture_backed,Powertools,5,#9838b8,-17.6143074,36.6288528
G0363,projector,picture_backed,0611,5,#885888,0.0380886085,20.3642139
G0364,protractor_with_swing_arm,picture_backed,0611,5,#d82878,-18.0062981,6.87925959
G0365,pulley,picture_backed,0611,5,#a83858,-19.2285347,-5.22779799
G0366,pushpull_plunger_chain,builtin_no_picture,builtin_no_picture,5,#b838e8,-40.8487167,8.48626804
G0367,rabbit_hutch,picture_backed,Pet_Animal related,5,#b84858,46.9809494,17.3284435
G0368,rack_and_pinion_slider,picture_backed,Robotics,5,#d88818,-29.2007694,7.36025095
G0369,ratchet_strap,picture_backed,0611,5,#c8b888,-39.3067322,4.53347349
G0370,refrigerator_with_hinged_doors,builtin_no_picture,builtin_no_picture,5,#d818b8,34.6436043,1.82772899
G0371,remote_weapon_station,builtin_no_picture,builtin_no_picture,5,#8858a8,-27.0613899,-8.98959255
G0372,retractable_patio_awning,picture_backed,0611,5,#b868c8,24.3858643,20.1845779
G0373,retractable_utility_knife,builtin_no_picture,builtin_no_picture,5,#589818,-17.2678013,4.7425704
G0374,revolving_door,builtin_no_picture,builtin_no_picture,5,#7818d8,-4.09909821,-26.5399132
G0375,ring_blinder,picture_backed,Workspace,5,#482898,6.89186478,8.51970482
G0376,riot_shield,picture_backed,Law Enforcement_Protective Gear,5,#d818d8,26.432663,-14.0919619
G0377,rivet_squeeze,picture_backed,0611,5,#4878c8,-33.497345,-0.901856601
G0378,rivet_squeeze1,picture_backed,0611,5,#487818,-38.6091843,3.25054979
G0379,robotic_arms,builtin_no_picture,builtin_no_picture,5,#384818,-28.3360901,-3.25529361
G0380,robotic_leg,builtin_no_picture,builtin_no_picture,5,#d86828,-28.7844124,0.250118643
G0381,roller_conveyor,picture_backed,0611,5,#18a868,36.634037,21.3888149
G0382,rolling_toolbox_with_telescoping_handle,builtin_no_picture,builtin_no_picture,5,#683868,35.4698868,4.19618416
G0383,rope_pulley,picture_backed,Camping_Outdoor Gear,5,#484878,-21.4538174,-8.45947838
G0384,rotary_table_with_tilting_trunnion,builtin_no_picture,builtin_no_picture,5,#383888,-10.5247927,-13.5064878
G0385,rotating_observatory_dome,builtin_no_picture,builtin_no_picture,5,#b878a8,2.7929883,-31.538065
G0386,round_cabinet,picture_backed,0611,5,#b83838,31.6087646,-14.6125011
G0387,sailboat_winch_with_pawl_and_handle,picture_backed,0611,5,#9868e8,-11.6125746,-9.50578308
G0388,satellite_with_articulated_solar_panels,builtin_no_picture,builtin_no_picture,5,#783838,13.48244,-2.23492122
G0389,scanner,picture_backed,0611,5,#e81848,9.16962719,3.68496513
G0390,Science_Capsule,picture_backed,Science,5,#e87838,-40.96101,-43.3698654
G0391,Science_Dental_setup,picture_backed,Science,5,#9868b8,-10.9236012,11.2484493
G0392,Science_First_aid_cabinet,picture_backed,Science,5,#a85878,27.563715,-13.4416122
G0393,Science_microscope,picture_backed,Science,5,#1858c8,-21.5540123,-11.7056179
G0394,Science_Surgical_bed,picture_backed,Science,5,#c848e8,9.76281738,21.2394981
G0395,Science_Surgical_chair,picture_backed,Science,5,#e89868,-16.4753494,3.39185452
G0396,Science_Syringe,picture_backed,Science,5,#6858a8,-50.2985764,0.00598914642
G0397,screwcap_bottle,builtin_no_picture,builtin_no_picture,5,#7858b8,-27.7339745,-41.386425
G0398,screwin_light_bulb_with_socket,builtin_no_picture,builtin_no_picture,5,#d85858,-21.7381916,-25.8094692
G0399,searchlight_tower,builtin_no_picture,builtin_no_picture,5,#c878b8,-27.4225121,-3.47145414
G0400,seed_spreader,picture_backed,Agricultural,5,#187848,-4.35197544,50.55513
G0401,seeder,picture_backed,0611,5,#a89848,-8.26106834,45.6610489
G0402,serial_elbow_arm,builtin_no_picture,builtin_no_picture,5,#a83828,-30.5726719,-0.0443344116
G0403,sewing_machine,picture_backed,Textiles_Fabric,5,#b88898,14.8218355,14.6857662
G0404,shelving_unit_with_adjustable_shelves,picture_backed,0611,5,#c81858,59.0475273,-18.6689377
G0405,shelving_unit_with_folding_shelves,picture_backed,0611,5,#681858,42.0492744,-7.66544199
G0406,shoulderelbowwrist_arm,builtin_no_picture,builtin_no_picture,5,#e88898,-30.3218842,7.82668543
G0407,Sign_sign,picture_backed,Sign,5,#682888,24.779211,-11.535799
G0408,simple_aframe_step_ladder,builtin_no_picture,builtin_no_picture,5,#c86868,19.9150829,32.372963
G0409,simple_drying_rack,builtin_no_picture,builtin_no_picture,5,#886898,42.0356026,0.108114198
G0410,single_revolute_hinge,builtin_no_picture,builtin_no_picture,5,#983888,26.2739449,-16.8194447
G0411,single_rotor_helicopter,builtin_no_picture,builtin_no_picture,5,#a85858,-39.0351982,42.5022049
G0412,single_wheelbarrow,picture_backed,Agricultural,5,#1888b8,-13.132823,33.7115898
G0413,singleleaf_drawbridge,builtin_no_picture,builtin_no_picture,5,#b878d8,4.5387907,3.81319618
G0414,sliding_turnstile,picture_backed,0611,5,#685888,9.70612907,-23.0643234
G0415,sliding_window_classic,builtin_no_picture,builtin_no_picture,5,#c88878,51.5842056,-25.0957127
G0416,sluice_gate_with_vertical_lift_panel,builtin_no_picture,builtin_no_picture,5,#d888c8,39.2604446,-24.3937187
G0417,soft_pneumatic_gripper,picture_backed,Robotics,5,#5848a8,-18.7993298,-4.46246958
G0418,speed_gate,picture_backed,0611,5,#683828,17.1107502,-27.6998043
G0419,Sports_Baby_cycle,picture_backed,Sports,5,#783858,-14.9192457,40.9784851
G0420,Sports_Bike,picture_backed,Sports,5,#7838e8,-9.97134304,50.4272156
G0421,Sports_Carabiner,picture_backed,Sports,5,#d87878,-16.9259949,-15.4598484
G0422,Sports_Dumble,picture_backed,Sports,5,#d898a8,-30.6957912,-14.6279964
G0423,Sports_Exercise_bike,picture_backed,Sports,5,#d888e8,-9.77317905,20.1795311
G0424,Sports_Fidget_Spinner,picture_backed,Sports,5,#18a818,-9.30840111,-19.1588993
G0425,Sports_game_console,picture_backed,Sports,5,#3848e8,12.2960491,2.53402853
G0426,Sports_Karting,picture_backed,Sports,5,#882888,-15.4673634,40.1240768
G0427,Sports_Roller_scates,picture_backed,Sports,5,#385898,-10.7579298,33.4259682
G0428,Sports_Scooter_Racer,picture_backed,Sports,5,#781818,-13.4340878,40.7803383
G0429,Sports_Skateboard,picture_backed,Sports,5,#c898c8,-15.8743639,50.9639473
G0430,Sports_Skincare_Roller,picture_backed,Sports,5,#d888a8,-39.6089478,-29.8658714
G0431,Sports_Table_football,picture_backed,Sports,5,#9838e8,34.5777664,12.7990084
G0432,Sports_Toy_car,picture_backed,Sports,5,#b888c8,-10.5244312,39.093689
G0433,sprinkler_head_with_rotating_arms,picture_backed,0611,5,#4858e8,-29.4385929,22.7621956
G0434,Stairs_Escalator,picture_backed,Stairs,5,#982828,-22.2851658,3.21735501
G0435,stand_mixer,builtin_no_picture,builtin_no_picture,5,#681838,-12.0779228,-14.1713486
G0436,standing_desk_with_synchronous_telescoping_legs_and_articulated_controls,builtin_no_picture,builtin_no_picture,5,#5848c8,37.7918205,36.1443176
G0437,Stationary_Calculater,picture_backed,Stationary,5,#a848e8,10.730257,14.9582701
G0438,Stationary_Clip,picture_backed,Stationary,5,#883828,-3.42461467,-6.1288538
G0439,Stationary_Clipboard,picture_backed,Stationary,5,#984818,9.93968487,7.44034863
G0440,Stationary_Folder,picture_backed,Stationary,5,#586838,44.5603714,-14.0157986
G0441,Stationary_Pen,picture_backed,Stationary,5,#282898,-27.3319855,-7.01263523
G0442,Stationary_Pencil_sharpener,picture_backed,Stationary,5,#781868,-8.79687881,-16.018116
G0443,Stationary_Scissors,picture_backed,Stationary,5,#9878a8,-56.6860161,13.5837688
G0444,storage_cart_with_drawers_on_wheels,picture_backed,0611,5,#e898d8,48.9819984,4.70105934
G0445,stretcher,picture_backed,Emergency Equipment,5,#8878d8,34.2195473,26.8677521
G0446,Structure_Elevator,picture_backed,Structure,5,#686898,34.2780304,-11.1690063
G0447,studio_lamp,picture_backed,0611,5,#186838,12.1893606,22.9657555
G0448,studio_spotlight_on_yoke,builtin_no_picture,builtin_no_picture,5,#b848d8,-35.3835068,5.02735376
G0449,table_tennis_table,picture_backed,0611,5,#3838b8,31.1123199,21.5764847
G0450,table_with_doors_and_drawers,picture_backed,0611,5,#7888a8,58.1573715,-1.54729998
G0451,table_with_drawers_no_door,picture_backed,0611,5,#b89818,42.4550247,33.4950142
G0452,tackle_box_with_simple_hinged_lid,builtin_no_picture,builtin_no_picture,5,#b87878,18.1525192,6.06755638
G0453,tailor_s_dummy,picture_backed,Textiles_Fabric,5,#e84838,-38.331398,23.3079262
G0454,Technology_Audio_Device,picture_backed,Technology,5,#981858,21.9055595,9.52987289
G0455,Technology_Conference_Phone,picture_backed,Technology,5,#685838,10.779376,7.34115458
G0456,Technology_Flashlight,picture_backed,Technology,5,#d83898,-32.5358925,-19.5518417
G0457,Technology_Graphics_Card,picture_backed,Technology,5,#a858d8,3.95808029,11.18542
G0458,Technology_Keyboard,picture_backed,Technology,5,#6868c8,11.7108326,17.4311771
G0459,Technology_Laptop,picture_backed,Technology,5,#c868e8,8.82194042,9.87565422
G0460,Technology_Mobile_Phone,picture_backed,Technology,5,#48b8a8,13.0624065,16.0125122
G0461,Technology_Monitor,picture_backed,Technology,5,#a87868,21.0725212,-6.26753139
G0462,Technology_Printer,picture_backed,Technology,5,#9888c8,18.3578663,11.208189
G0463,Technology_Remote_Control,picture_backed,Technology,5,#38b848,10.675931,12.1388788
G0464,Technology_Security_Camera,picture_backed,Technology,5,#e88878,-27.8105526,-9.29388618
G0465,Technology_Telescope,picture_backed,Technology,5,#788848,-34.7016106,-0.158683777
G0466,telescoping_boom,builtin_no_picture,builtin_no_picture,5,#e878b8,-25.4172516,-1.63271594
G0467,telescoping_fishing_rod,picture_backed,0611,5,#d89858,-25.1088753,27.1375732
G0468,telescoping_pointer,picture_backed,0611,5,#a81898,-31.4579983,33.3148155
G0469,threestage_telescoping_slide,builtin_no_picture,builtin_no_picture,5,#782898,-31.1741524,3.67108917
G0470,tractor,picture_backed,Agricultural,5,#487868,-4.67058849,43.718132
G0471,traditional_windmill,builtin_no_picture,builtin_no_picture,5,#b81878,-20.510767,-19.1699867
G0472,trekking_pole_collapsible,picture_backed,Camping_Outdoor Gear,5,#4858a8,-27.0045986,27.0721378
G0473,tricycle,picture_backed,0611,5,#d87858,-6.96165085,47.9680672
G0474,tripod,picture_backed,0611,5,#d838e8,-31.6300869,21.6225395
G0475,trombone,picture_backed,0611,5,#882838,-42.0430145,-2.15445018
G0476,trumpet,picture_backed,0611,5,#4868a8,-40.9709053,-6.30077028
G0477,tube_cutter,picture_backed,0611,5,#e87868,-15.2008238,-20.1635571
G0478,turnbuckle,picture_backed,0611,5,#7878e8,-48.7673416,0.58216995
G0479,turnstile_gates,builtin_no_picture,builtin_no_picture,5,#d81858,-14.9268036,23.1261787
G0480,turntable,builtin_no_picture,builtin_no_picture,5,#9818d8,-3.48906827,-6.56018686
G0481,tv_cabinet,picture_backed,0611,5,#78d888,54.7699471,0.546827137
G0482,tv_wall_mount,picture_backed,0611,5,#c81838,-21.9194298,0.0449615717
G0483,twojoint_prismatic_chain,builtin_no_picture,builtin_no_picture,5,#a818b8,-2.44658399,7.64476109
G0484,twojoint_revolute_chain,builtin_no_picture,builtin_no_picture,5,#d8a8d8,-27.4803925,7.62782574
G0485,universal_joint,picture_backed,0611,5,#9888a8,-36.7410355,-18.6097107
G0486,Urban_Environment_bucket1,picture_backed,Urban Environment,5,#18e858,-2.9403069,-47.6176147
G0487,Urban_Environment_bucket2,picture_backed,Urban Environment,5,#7858d8,0.507836223,-43.2110786
G0488,Urban_Environment_Caster_Trolley,picture_backed,Urban Environment,5,#58c848,16.349453,12.7406158
G0489,Urban_Environment_Caster_Trolley2,picture_backed,Urban Environment,5,#5858b8,2.01352191,51.1635475
G0490,Urban_Environment_Draft_Wagon,picture_backed,Urban Environment,5,#b88838,-6.28426266,51.0626945
G0491,Urban_Environment_Fire_cabinet,picture_backed,Urban Environment,5,#782878,35.7874146,-7.07466125
G0492,Urban_Environment_Fire_Extinguisher,picture_backed,Urban Environment,5,#e838b8,-26.2708225,-30.1556969
G0493,Urban_Environment_Fire_Hydrant,picture_backed,Urban Environment,5,#58b888,-29.3278599,-29.8186493
G0494,Urban_Environment_Garbage_bin,picture_backed,Urban Environment,5,#a81818,48.2729759,3.53585887
G0495,Urban_Environment_Large_Trashcan,picture_backed,Urban Environment,5,#384888,47.0241737,5.02699995
G0496,Urban_Environment_Mailbox,picture_backed,Urban Environment,5,#5878a8,28.8266964,3.23324823
G0497,Urban_Environment_Manhole_cover,picture_backed,Urban Environment,5,#d8a8b8,11.1800251,-26.7037048
G0498,Urban_Environment_Phone_box,picture_backed,Urban Environment,5,#58b868,34.4643936,-23.4080696
G0499,Urban_Environment_Public_toilet,picture_backed,Urban Environment,5,#d868a8,25.8107033,-1.20425415
G0500,Urban_Environment_Public_toilet1,picture_backed,Urban Environment,5,#88a878,8.61331367,0.470281899
G0501,Urban_Environment_Roof_antena,picture_backed,Urban Environment,5,#d82818,-17.361475,25.0874939
G0502,Urban_Environment_sci_fi_satellite_dish,picture_backed,Urban Environment,5,#781848,3.50264621,25.6026001
G0503,Urban_Environment_Tilt_Truck1,picture_backed,Urban Environment,5,#8838c8,-3.01177549,50.6226768
G0504,Urban_Environment_Tilt_Truck2,picture_backed,Urban Environment,5,#c818b8,-3.66436696,44.658596
G0505,Urban_Environment_Trashcan1,picture_backed,Urban Environment,5,#684828,-2.75349188,-44.761837
G0506,Urban_Environment_Trashcan2,picture_backed,Urban Environment,5,#983848,20.9408817,-19.9392967
G0507,Urban_Environment_utility_box,picture_backed,Urban Environment,5,#98b8d8,36.8976402,1.80205572
G0508,Urban_Environment_Well_lid,picture_backed,Urban Environment,5,#a898c8,-4.09879971,-31.2399864
G0509,usb_drive_with_swivel_cover,builtin_no_picture,builtin_no_picture,5,#b8a8d8,12.7843876,-3.31085157
G0510,vane_array_with_independent_pivots,builtin_no_picture,builtin_no_picture,5,#a84828,55.7908134,-29.1427364
G0511,Vehicle_Sports_car,picture_backed,Vehicle,5,#883868,-30.5413818,48.0230942
G0512,waffle_maker,picture_backed,0611,5,#886828,7.78004456,-6.29252481
G0513,walking_cane,picture_backed,0611,5,#7878c8,-27.1909676,27.9896488
G0514,wall_safe_with_hinged_door_and_dial,builtin_no_picture,builtin_no_picture,5,#b8a868,34.0422211,8.56552124
G0515,watch,picture_backed,0611,5,#5858d8,-31.5419807,7.3873415
G0516,water_filter_pump,picture_backed,Camping_Outdoor Gear,5,#2818b8,-29.9078217,-11.2587414
G0517,watering_can,picture_backed,Agricultural,5,#886848,-9.5027256,-43.5777321
G0518,wheelbarrow,builtin_no_picture,builtin_no_picture,5,#d8a898,-7.43476105,34.211998
G0519,wheelie_bin_with_hinged_lid,builtin_no_picture,builtin_no_picture,5,#b838a8,37.7852898,2.89704251
G0520,whiteboard_easel,picture_backed,Workspace,5,#e868e8,41.5543442,-23.0417652
G0521,wind_turbine,builtin_no_picture,builtin_no_picture,5,#a83878,-31.8157082,21.2851887
G0522,Window_Sliding_window,picture_backed,Window,5,#98d858,54.7962837,-24.2902718
G0523,Window_Window,picture_backed,Window,5,#d88868,48.2339058,-25.8160095
G0524,windshield_wiper_assembly,builtin_no_picture,builtin_no_picture,5,#98c8a8,-23.8218269,13.2427368
G0525,wine_cabinet,picture_backed,0611,5,#d81888,50.9074135,-13.3807774
G0526,wine_cabinet1,picture_backed,0611,5,#4868d8,47.3029099,-16.3721046
G0527,wine_cabinet2,picture_backed,0611,5,#7898e8,47.0253944,-14.5869427
G0528,wine_rack,picture_backed,0611,5,#68b8b8,9.92311668,-19.4702244
G0529,worm_gear_and_wheel_assembly,picture_backed,0611,5,#8828b8,27.7669888,18.4125767
G0530,wrench_set,picture_backed,0611,5,#c84818,19.8556061,-40.9492264
G0531,zippo_lighter,builtin_no_picture,builtin_no_picture,5,#b838c8,27.8189754,-19.0623837
