tsne_x,tsne_y,category,subcategory,image_id,image_path
-18.1506672,2.11261415,0611,Air_blower,001,0611/Air_blower/001.png
-33.2756729,-7.46512938,0611,Air_blower,002,0611/Air_blower/002.png
18.1532516,-2.01837969,0611,Bookshelf_with_books,001,0611/Bookshelf_with_books/001.png
-26.5470104,11.9814758,0611,Butter_maker,001,0611/Butter_maker/001.png
30.4886703,17.3190193,0611,C-shaped_sofa_side_table,001,0611/C-shaped_sofa_side_table/001.png
33.9324799,14.4111586,0611,Cabinet_with_doors,001,0611/Cabinet_with_doors/001.png
31.4821911,7.29763699,0611,Cabinet_with_doors,002,0611/Cabinet_with_doors/002.png
33.026989,5.39797592,0611,Cabinet_with_doors,003,0611/Cabinet_with_doors/003.png
34.0728722,5.48959923,0611,Cabinet_with_doors,004,0611/Cabinet_with_doors/004.png
38.4621964,7.13868093,0611,Cabinet_with_doors,005,0611/Cabinet_with_doors/005.png
35.1225624,14.6861153,0611,Cabinet_with_doors_and_drawers,001,0611/Cabinet_with_doors_and_drawers/001.png
37.8662529,7.86667013,0611,Cabinet_with_doors_and_drawers,002,0611/Cabinet_with_doors_and_drawers/002.png
34.5080452,17.3180122,0611,Cabinet_with_doors_and_drawers,003,0611/Cabinet_with_doors_and_drawers/003.png
29.7851696,12.4593706,0611,Cabinet_with_doors_and_drawers,004,0611/Cabinet_with_doors_and_drawers/004.png
38.5935097,8.76211357,0611,Cabinet_with_drawers,001,0611/Cabinet_with_drawers/001.png
33.5683556,13.6974545,0611,Cabinet_with_drawers,002,0611/Cabinet_with_drawers/002.png
38.2468529,12.7355337,0611,Cabinet_with_drawers,003,0611/Cabinet_with_drawers/003.png
34.1233635,12.8847752,0611,Cabinet_with_drawers,004,0611/Cabinet_with_drawers/004.png
37.3080826,12.2747555,0611,Cabinet_with_drawers,005,0611/Cabinet_with_drawers/005.png
31.7068539,11.6532688,0611,Cabinet_with_glass_lift-up_vitrine,001,0611/Cabinet_with_glass_lift-up_vitrine/001.png
35.479496,29.1243992,0611,Cabinet_with_glass_lift-up_vitrine,002,0611/Cabinet_with_glass_lift-up_vitrine/002.png
-29.8321037,-10.8896236,0611,Chain_separator,001,0611/Chain_separator/001.png
39.9793015,6.54499626,0611,Desk_with_drawers（no_door）,001,0611/Desk_with_drawers（no_door）/001.png
31.5226555,14.1633568,0611,Desk_with_drawers（no_door）,002,0611/Desk_with_drawers（no_door）/002.png
32.5745049,15.1081343,0611,Desk_with_drawers（no_door）,003,0611/Desk_with_drawers（no_door）/003.png
37.9257126,10.9037294,0611,Desk_with_drawers（no_door）,004,0611/Desk_with_drawers（no_door）/004.png
36.7841301,9.47798634,0611,Desk_with_drawers（no_door）,005,0611/Desk_with_drawers（no_door）/005.png
34.1523705,21.7374229,0611,Dressing_table,001,0611/Dressing_table/001.png
35.9827538,15.7072735,0611,Dressing_table,002,0611/Dressing_table/002.png
34.9584656,26.4080143,0611,Dressing_table,003,0611/Dressing_table/003.png
35.5689507,26.9886303,0611,Dressing_table,004,0611/Dressing_table/004.png
34.7411842,26.6145096,0611,Dressing_table,005,0611/Dressing_table/005.png
36.9510307,27.2328205,0611,Dressing_table,006,0611/Dressing_table/006.png
24.0806293,4.1467123,0611,Floor-standing_drafting_table,001,0611/Floor-standing_drafting_table/001.png
-20.4109001,-27.6091957,0611,Folding_ruler,001,0611/Folding_ruler/001.png
-22.0805149,-27.1120396,0611,Folding_ruler,002,0611/Folding_ruler/002.png
29.6865978,25.5198326,0611,Folding_sofa_bed,001,0611/Folding_sofa_bed/001.png
33.1962166,28.5125237,0611,Folding_sofa_bed1,001,0611/Folding_sofa_bed1/001.png
32.3513374,28.7118797,0611,Folding_sofa_bed1,002,0611/Folding_sofa_bed1/002.png
29.579052,23.4317646,0611,Folding_sofa_bed1,003,0611/Folding_sofa_bed1/003.png
33.3584023,19.9626713,0611,Folding_sofa_bed2,001,0611/Folding_sofa_bed2/001.png
29.2799969,23.7864914,0611,Folding_sofa_bed3,001,0611/Folding_sofa_bed3/001.png
16.2661781,24.7717209,0611,Folding_table,001,0611/Folding_table/001.png
15.7254324,27.8017826,0611,Folding_table,002,0611/Folding_table/002.png
13.123229,26.0611649,0611,Folding_table,003,0611/Folding_table/003.png
12.1054726,30.4020977,0611,Folding_table,004,0611/Folding_table/004.png
15.150075,29.7753696,0611,Folding_table1,001,0611/Folding_table1/001.png
14.9200993,30.5774422,0611,Folding_table1,002,0611/Folding_table1/002.png
31.3613319,26.7125988,0611,Folding_table1,003,0611/Folding_table1/003.png
13.4679213,30.9183064,0611,Folding_table2,001,0611/Folding_table2/001.png
32.8859444,19.0626411,0611,Folding_table3,001,0611/Folding_table3/001.png
33.1263962,26.5108528,0611,Folding_table3,002,0611/Folding_table3/002.png
28.3692436,30.3660946,0611,Folding_table4,001,0611/Folding_table4/001.png
30.0539188,29.3764114,0611,Folding_table5,001,0611/Folding_table5/001.png
29.6944904,29.7137432,0611,Folding_table5,002,0611/Folding_table5/002.png
29.958601,27.5871086,0611,Folding_table5,003,0611/Folding_table5/003.png
-21.7597027,-16.122139,0611,Garden_pruner,001,0611/Garden_pruner/001.png
-21.8906078,-18.8916359,0611,Garden_pruner,002,0611/Garden_pruner/002.png
-22.2983551,-18.3892136,0611,Garden_pruner,003,0611/Garden_pruner/003.png
-22.680315,-19.1439686,0611,Garden_pruner,004,0611/Garden_pruner/004.png
16.9524822,9.07831955,0611,Golf_cart,001,0611/Golf_cart/001.png
32.3304405,9.52665615,0611,Hall_tree_with_flip-top_seat,001,0611/Hall_tree_with_flip-top_seat/001.png
36.012104,26.1456394,0611,Hall_tree_with_flip-top_seat,002,0611/Hall_tree_with_flip-top_seat/002.png
34.555706,23.9158688,0611,Hall_tree_with_flip-top_seat,003,0611/Hall_tree_with_flip-top_seat/003.png
-38.6079254,-3.15682387,0611,Hand-crank_clothes_wringer,001,0611/Hand-crank_clothes_wringer/001.png
-30.5473614,-4.16839743,0611,Hole_punch,001,0611/Hole_punch/001.png
-31.2989235,-5.6414876,0611,Hole_punch,002,0611/Hole_punch/002.png
39.0981331,12.6331387,0611,Hutch_Cabinet,001,0611/Hutch_Cabinet/001.png
15.8095999,-10.4987068,0611,Ice_crream_machine,001,0611/Ice_crream_machine/001.png
-28.1783447,13.4417696,0611,Ice_crream_machine,002,0611/Ice_crream_machine/002.png
-28.1610928,12.7576132,0611,Ice_crream_machine,003,0611/Ice_crream_machine/003.png
-26.3579311,14.9352846,0611,Ice_crream_machine,004,0611/Ice_crream_machine/004.png
13.8618555,24.2850399,0611,Industrial_rolling_work_table,001,0611/Industrial_rolling_work_table/001.png
-9.24815845,20.0460587,0611,Industrial_rolling_work_table,002,0611/Industrial_rolling_work_table/002.png
13.7190981,28.9388981,0611,Industrial_rolling_work_table,003,0611/Industrial_rolling_work_table/003.png
13.9009256,28.6212635,0611,Industrial_rolling_work_table,004,0611/Industrial_rolling_work_table/004.png
30.3358917,10.3061733,0611,Kitchen_set,001,0611/Kitchen_set/001.png
29.8639641,18.6056309,0611,Kitchen_set,002,0611/Kitchen_set/002.png
30.1196938,18.9981232,0611,Kitchen_set,003,0611/Kitchen_set/003.png
-27.6801701,-9.11612129,0611,Lid_opener,001,0611/Lid_opener/001.png
4.468575,1.55272043,0611,Locker_box,001,0611/Locker_box/001.png
-14.5571356,31.0295372,0611,Makeup,001,0611/Makeup/001.png
-13.9526558,31.2819386,0611,Makeup,002,0611/Makeup/002.png
-15.942297,30.8110981,0611,Makeup1,001,0611/Makeup1/001.png
-16.0451889,31.0205193,0611,Makeup1,002,0611/Makeup1/002.png
-17.3794575,32.1882706,0611,Makeup1,003,0611/Makeup1/003.png
-17.4822044,30.7490463,0611,Makeup2,001,0611/Makeup2/001.png
-17.223875,33.3910103,0611,Makeup2,002,0611/Makeup2/002.png
-16.4566441,29.925806,0611,Makeup3,001,0611/Makeup3/001.png
-16.9713287,30.9750805,0611,Makeup3,002,0611/Makeup3/002.png
-24.2268658,17.109993,0611,Manual_water_dispenser_pump,001,0611/Manual_water_dispenser_pump/001.png
-24.3031387,17.8101101,0611,Manual_water_dispenser_pump,002,0611/Manual_water_dispenser_pump/002.png
-16.4398193,9.89945221,0611,Mechanical_calculator,001,0611/Mechanical_calculator/001.png
-16.234848,9.92572117,0611,Mechanical_calculator,002,0611/Mechanical_calculator/002.png
-17.0226517,9.811306,0611,Mechanical_calculator,003,0611/Mechanical_calculator/003.png
-44.5135307,-3.93391252,0611,Metal_blender,001,0611/Metal_blender/001.png
9.31020546,34.7148972,0611,Music_stand,001,0611/Music_stand/001.png
14.1860123,31.36586,0611,Music_stand,002,0611/Music_stand/002.png
17.0975513,30.2630043,0611,Music_stand,003,0611/Music_stand/003.png
10.1041203,34.9485893,0611,Music_stand1,001,0611/Music_stand1/001.png
2.7655015,28.9398918,0611,Music_stand1,002,0611/Music_stand1/002.png
2.99805546,29.0454979,0611,Music_stand1,003,0611/Music_stand1/003.png
29.1486168,15.3043985,0611,Office_table_with_doors_or_drawers,001,0611/Office_table_with_doors_or_drawers/001.png
29.4419594,14.5677738,0611,Office_table_with_doors_or_drawers,002,0611/Office_table_with_doors_or_drawers/002.png
30.1362267,14.6571159,0611,Office_table_with_doors_or_drawers,003,0611/Office_table_with_doors_or_drawers/003.png
-19.3951969,-21.1994343,0611,Pilers_cutting_pliers,001,0611/Pilers_cutting_pliers/001.png
-18.9274979,-21.0287399,0611,Pilers_fencing_pliers,001,0611/Pilers_fencing_pliers/001.png
-23.6909161,-18.1027603,0611,Pilers_linesman_pliers,001,0611/Pilers_linesman_pliers/001.png
-22.913456,-16.9152184,0611,Pilers_locking_pliers,001,0611/Pilers_locking_pliers/001.png
-21.1041965,-17.6826305,0611,Pilers_needle_nose_pliers,001,0611/Pilers_needle_nose_pliers/001.png
-22.5450134,-16.285017,0611,Pilers_slip_joint_pliers,001,0611/Pilers_slip_joint_pliers/001.png
-20.1349106,-20.1909409,0611,Pilers_tongue_groove_pliers,001,0611/Pilers_tongue_groove_pliers/001.png
-22.2449303,-20.0365543,0611,Pilers_wire_strippers,001,0611/Pilers_wire_strippers/001.png
36.7437401,12.6601562,0611,Round_cabinet,001,0611/Round_cabinet/001.png
29.9248276,6.28045416,0611,Shelving_unit_with_adjustable_shelves,001,0611/Shelving_unit_with_adjustable_shelves/001.png
10.5572729,16.8843479,0611,Shelving_unit_with_folding_shelves,001,0611/Shelving_unit_with_folding_shelves/001.png
12.3366337,26.7297363,0611,Shelving_unit_with_folding_shelves,002,0611/Shelving_unit_with_folding_shelves/002.png
18.9228477,21.4197884,0611,Storage_cart_with_drawers_on_wheels,001,0611/Storage_cart_with_drawers_on_wheels/001.png
19.7318878,21.0291271,0611,Storage_cart_with_drawers_on_wheels,002,0611/Storage_cart_with_drawers_on_wheels/002.png
18.7446117,21.5249214,0611,Storage_cart_with_drawers_on_wheels,003,0611/Storage_cart_with_drawers_on_wheels/003.png
34.0130653,24.1280022,0611,Storage_cart_with_drawers_on_wheels,004,0611/Storage_cart_with_drawers_on_wheels/004.png
20.8006992,21.383112,0611,Storage_cart_with_drawers_on_wheels,005,0611/Storage_cart_with_drawers_on_wheels/005.png
20.691246,21.5239506,0611,Storage_cart_with_drawers_on_wheels,006,0611/Storage_cart_with_drawers_on_wheels/006.png
38.5074463,21.3961239,0611,TV_cabinet,001,0611/TV_cabinet/001.png
37.8168907,19.1769028,0611,TV_cabinet,002,0611/TV_cabinet/002.png
37.932663,20.1095505,0611,TV_cabinet,003,0611/TV_cabinet/003.png
37.9476318,19.1002235,0611,TV_cabinet,004,0611/TV_cabinet/004.png
31.0526581,17.4662113,0611,TV_cabinet,005,0611/TV_cabinet/005.png
38.9099655,21.2922153,0611,TV_cabinet,006,0611/TV_cabinet/006.png
37.8862801,13.4341307,0611,TV_cabinet,007,0611/TV_cabinet/007.png
31.5231628,13.3961535,0611,Table_with_doors_and_drawers,001,0611/Table_with_doors_and_drawers/001.png
32.2109795,14.5723066,0611,Table_with_doors_and_drawers,002,0611/Table_with_doors_and_drawers/002.png
32.3814621,13.339139,0611,Table_with_drawers（no_door）,001,0611/Table_with_drawers（no_door）/001.png
38.2854309,10.3652649,0611,Table_with_drawers（no_door）,002,0611/Table_with_drawers（no_door）/002.png
31.7312241,18.1748028,0611,Table_with_drawers（no_door）,003,0611/Table_with_drawers（no_door）/003.png
-20.5468884,-6.83797503,0611,Walking_cane,001,0611/Walking_cane/001.png
-25.692194,-2.83779287,0611,Walking_cane,002,0611/Walking_cane/002.png
-26.4525566,-3.52422643,0611,Walking_cane,003,0611/Walking_cane/003.png
-2.79645014,-3.40424919,0611,Wine_rack,001,0611/Wine_rack/001.png
-20.2475586,-6.71939373,0611,Wrench_set,001,0611/Wrench_set/001.png
-24.6913948,-13.3217964,0611,Wrench_set,002,0611/Wrench_set/002.png
9.43786144,-2.73536468,0611,ball_transfer_unit_with_spring_loaded_ball,001,0611/ball_transfer_unit_with_spring_loaded_ball/001.png
-34.442421,-12.8886576,0611,ball_valve_with_quarter_turn_handle,001,0611/ball_valve_with_quarter_turn_handle/001.png
-41.193779,-9.15065575,0611,bevel_gear_pair_with_perpendicular_shafts,001,0611/bevel_gear_pair_with_perpendicular_shafts/001.png
-39.3416481,-7.64204502,0611,bevel_gear_pair_with_perpendicular_shafts,002,0611/bevel_gear_pair_with_perpendicular_shafts/002.png
35.2233276,28.2776089,0611,bi_fold_closet_door_system,001,0611/bi_fold_closet_door_system/001.png
37.9667282,4.12034893,0611,bookcase,001,0611/bookcase/001.png
34.6868095,8.3705101,0611,bookcase,002,0611/bookcase/002.png
37.2140503,2.73496771,0611,bookcase,003,0611/bookcase/003.png
36.7604103,2.91583347,0611,bookcase,004,0611/bookcase/004.png
34.3073921,9.30296135,0611,bookcase,005,0611/bookcase/005.png
33.2448425,9.91591454,0611,bookcase,006,0611/bookcase/006.png
36.9827042,7.31500626,0611,bookcase1,001,0611/bookcase1/001.png
37.9543686,4.61336279,0611,bookcase1,002,0611/bookcase1/002.png
37.2596703,6.58742332,0611,bookcase1,003,0611/bookcase1/003.png
33.7794609,11.7352247,0611,bookcase2,001,0611/bookcase2/001.png
33.4197464,11.4149866,0611,bookcase2,002,0611/bookcase2/002.png
30.7295532,7.01853228,0611,bookcase2,003,0611/bookcase2/003.png
-33.1473083,-11.6245441,0611,butterfly_valve_with_lever_operator,001,0611/butterfly_valve_with_lever_operator/001.png
-33.6915283,-2.24202728,0611,car_scissor_jack_with_screw_mechanism,001,0611/car_scissor_jack_with_screw_mechanism/001.png
-15.6447573,14.3012199,0611,centrifuge_machine1,001,0611/centrifuge_machine1/001.png
-25.0044155,17.9989586,0611,centrifuge_machine2,001,0611/centrifuge_machine2/001.png
-35.5758781,-11.7565517,0611,centrifuge_machine2,002,0611/centrifuge_machine2/002.png
-20.0282059,-29.5138321,0611,compass,001,0611/compass/001.png
-24.6443577,-15.3357992,0611,crimping_tool,001,0611/crimping_tool/001.png
-23.1301098,-13.5493231,0611,crimping_tool,002,0611/crimping_tool/002.png
-24.1676693,-19.7502117,0611,crimping_tool,003,0611/crimping_tool/003.png
10.7344027,25.8131351,0611,drafting_table_with_adjustable_tilt_surface,001,0611/drafting_table_with_adjustable_tilt_surface/001.png
12.980484,29.9736748,0611,drafting_table_with_adjustable_tilt_surface,002,0611/drafting_table_with_adjustable_tilt_surface/002.png
10.8449974,32.8716316,0611,drafting_table_with_adjustable_tilt_surface,003,0611/drafting_table_with_adjustable_tilt_surface/003.png
12.928648,28.5358868,0611,drafting_table_with_adjustable_tilt_surface,004,0611/drafting_table_with_adjustable_tilt_surface/004.png
10.1947145,31.1150169,0611,drafting_table_with_adjustable_tilt_surface,005,0611/drafting_table_with_adjustable_tilt_surface/005.png
-25.9218388,-5.33700705,0611,drawing_compass_with_adjustable_legs,001,0611/drawing_compass_with_adjustable_legs/001.png
-26.1160088,-4.89249659,0611,drawing_compass_with_adjustable_legs,002,0611/drawing_compass_with_adjustable_legs/002.png
-24.6906605,-7.92685652,0611,drawing_compass_with_adjustable_legs,003,0611/drawing_compass_with_adjustable_legs/003.png
-25.339613,-6.90455246,0611,drawing_compass_with_adjustable_legs,004,0611/drawing_compass_with_adjustable_legs/004.png
-29.5176067,-3.65756178,0611,drum_pedal_with_beater_and_spring_return,001,0611/drum_pedal_with_beater_and_spring_return/001.png
3.95333219,-0.580717921,0611,elevator_button_panel,001,0611/elevator_button_panel/001.png
-11.2394781,5.32000303,0611,elevator_button_panel,002,0611/elevator_button_panel/002.png
-29.3500099,-2.27039337,0611,ergonomic_clamp_with_adjustable,001,0611/ergonomic_clamp_with_adjustable/001.png
-7.69436836,20.2450657,0611,ergonomic_clamp_with_adjustable_components,001,0611/ergonomic_clamp_with_adjustable_components/001.png
-7.79945087,20.8692646,0611,ergonomic_clamp_with_adjustable_components,002,0611/ergonomic_clamp_with_adjustable_components/002.png
-38.2912521,-12.4974585,0611,flaring_tool_with_cone_and_clamp,001,0611/flaring_tool_with_cone_and_clamp/001.png
-33.4352837,-14.5089378,0611,flaring_tool_with_cone_and_clamp,002,0611/flaring_tool_with_cone_and_clamp/002.png
-31.3505154,0.27273345,0611,flexible_track_lighting_system,001,0611/flexible_track_lighting_system/001.png
-31.3327484,0.358317584,0611,flexible_track_lighting_system,002,0611/flexible_track_lighting_system/002.png
9.91415882,8.57392883,0611,folders,001,0611/folders/001.png
13.5879326,16.2437687,0611,full_height_turnstile,001,0611/full_height_turnstile/001.png
13.7299767,16.1512337,0611,full_height_turnstile,002,0611/full_height_turnstile/002.png
12.291584,14.9026175,0611,full_height_turnstile,003,0611/full_height_turnstile/003.png
12.542038,16.0111561,0611,full_height_turnstile,004,0611/full_height_turnstile/004.png
-27.8986797,-6.96988916,0611,garlic_press,001,0611/garlic_press/001.png
-28.5223694,-7.43751526,0611,garlic_press,002,0611/garlic_press/002.png
-27.4775753,-6.84722614,0611,garlic_press,003,0611/garlic_press/003.png
-30.0342484,10.1921387,0611,garlic_press,004,0611/garlic_press/004.png
-24.2606831,-11.9838409,0611,garlic_press,005,0611/garlic_press/005.png
-28.897913,10.5895643,0611,garlic_press,006,0611/garlic_press/006.png
-30.4200115,-13.3617525,0611,generator,001,0611/generator/001.png
-32.9285316,-5.8006258,0611,generator,002,0611/generator/002.png
-37.2217331,-6.79749918,0611,generator,003,0611/generator/003.png
-17.4083042,-7.27809238,0611,generator,004,0611/generator/004.png
-37.0600815,-11.1961718,0611,guitar_tuning_peg_mechanism,001,0611/guitar_tuning_peg_mechanism/001.png
-37.3630524,-11.0864201,0611,guitar_tuning_peg_mechanism,002,0611/guitar_tuning_peg_mechanism/002.png
-22.6474323,5.85317612,0611,guitar_tuning_peg_mechanism,003,0611/guitar_tuning_peg_mechanism/003.png
-38.1527901,-10.7710962,0611,guitar_tuning_peg_mechanism,004,0611/guitar_tuning_peg_mechanism/004.png
-22.6025429,5.8924346,0611,guitar_tuning_peg_mechanism,005,0611/guitar_tuning_peg_mechanism/005.png
-25.401186,5.14345264,0611,gyroscope_with_spinning_wheel_and_gimbal_rings,001,0611/gyroscope_with_spinning_wheel_and_gimbal_rings/001.png
-26.4879189,4.22474813,0611,gyroscope_with_spinning_wheel_and_gimbal_rings,002,0611/gyroscope_with_spinning_wheel_and_gimbal_rings/002.png
10.0252934,24.0756683,0611,hand_operated_metal_brake_for_bending_sheet_metal,001,0611/hand_operated_metal_brake_for_bending_sheet_metal/001.png
-31.4831676,8.08715343,0611,hand_operated_pasta_maker_with_rollers_and_crank,001,0611/hand_operated_pasta_maker_with_rollers_and_crank/001.png
-34.9609795,-6.09572077,0611,hydraulic_jack,001,0611/hydraulic_jack/001.png
11.8477783,22.7208958,0611,hydraulic_jack,002,0611/hydraulic_jack/002.png
-28.6058941,-12.2183609,0611,hydraulic_jack1,001,0611/hydraulic_jack1/001.png
-6.38501453,-14.8012104,0611,hydraulic_jack1,002,0611/hydraulic_jack1/002.png
-26.3145809,-13.8116064,0611,hydraulic_jack2,001,0611/hydraulic_jack2/001.png
10.3082523,22.6582317,0611,industrial_crane_featuring_advanced_hydraulic,001,0611/industrial_crane_featuring_advanced_hydraulic/001.png
-27.5751381,-17.0743961,0611,industrial_crane_featuring_advanced_hydraulic,002,0611/industrial_crane_featuring_advanced_hydraulic/002.png
17.3560352,28.5873089,0611,ironing_board2,001,0611/ironing_board2/001.png
30.1811562,27.2615337,0611,ironing_board2,002,0611/ironing_board2/002.png
-27.0315742,12.021328,0611,juicer_press_with_handle,001,0611/juicer_press_with_handle/001.png
24.4984894,9.8811655,0611,kitchen_cabinet,001,0611/kitchen_cabinet/001.png
25.1414814,10.0218172,0611,kitchen_cabinet,002,0611/kitchen_cabinet/002.png
26.3410759,10.4357567,0611,kitchen_cabinet,003,0611/kitchen_cabinet/003.png
25.5081577,10.4022455,0611,kitchen_cabinet,004,0611/kitchen_cabinet/004.png
26.1949787,10.68925,0611,kitchen_cabinet,005,0611/kitchen_cabinet/005.png
-25.7575035,-1.73359454,0611,laser_level_tripod,001,0611/laser_level_tripod/001.png
38.2841721,27.7313328,0611,lazy_susan,001,0611/lazy_susan/001.png
38.7652359,27.6463089,0611,lazy_susan,002,0611/lazy_susan/002.png
-23.2579937,-1.26503563,0611,linear_bearing_slide_with_rail,001,0611/linear_bearing_slide_with_rail/001.png
-39.4165077,-15.1995239,0611,linear_bearing_slide_with_rail,002,0611/linear_bearing_slide_with_rail/002.png
-24.7395439,9.43957615,0611,manual_coffee_grinder,001,0611/manual_coffee_grinder/001.png
-22.6296635,10.3746881,0611,manual_coffee_grinder,002,0611/manual_coffee_grinder/002.png
-24.7974796,9.10955334,0611,manual_coffee_grinder,003,0611/manual_coffee_grinder/003.png
17.5152111,-14.531353,0611,manual_grain_mill1,001,0611/manual_grain_mill1/001.png
-19.3858376,1.0864681,0611,manual_grain_mill2,002,0611/manual_grain_mill2/002.png
-32.5632477,-11.2885237,0611,manual_hand_drill,001,0611/manual_hand_drill/001.png
-37.3715019,-15.5250378,0611,manual_pipe_bender,001,0611/manual_pipe_bender/001.png
-28.3421669,-15.8305855,0611,manual_pipe_bender,002,0611/manual_pipe_bender/002.png
-40.0518646,-5.09752131,0611,manual_pipe_bender,003,0611/manual_pipe_bender/003.png
-43.3296928,-1.76130378,0611,manual_pipe_bender,004,0611/manual_pipe_bender/004.png
-43.4227142,-1.83978915,0611,manual_pipe_bender,005,0611/manual_pipe_bender/005.png
-27.675066,10.3220663,0611,meat_grinder,001,0611/meat_grinder/001.png
-35.6403046,-12.4052477,0611,meat_grinder,002,0611/meat_grinder/002.png
-31.0656013,6.39355326,0611,meat_grinder,003,0611/meat_grinder/003.png
-20.4090309,3.03255248,0611,mechanical_metronome_with_pendulum,001,0611/mechanical_metronome_with_pendulum/001.png
-19.9814892,-29.1164742,0611,mechanical_timer_with_rotating_dial,001,0611/mechanical_timer_with_rotating_dial/001.png
-20.8109531,-28.5731754,0611,mechanical_timer_with_rotating_dial,002,0611/mechanical_timer_with_rotating_dial/002.png
-21.8767433,-30.0541992,0611,mechanical_timer_with_rotating_dial,003,0611/mechanical_timer_with_rotating_dial/003.png
-20.6950722,-31.0085144,0611,mechanical_timer_with_rotating_dial,004,0611/mechanical_timer_with_rotating_dial/004.png
-28.8248444,-2.64220166,0611,microphone_boom_arm,001,0611/microphone_boom_arm/001.png
-27.7946377,-2.85813475,0611,microphone_boom_arm,002,0611/microphone_boom_arm/002.png
-27.7685547,-2.1773181,0611,microphone_boom_arm,003,0611/microphone_boom_arm/003.png
-28.1358318,-1.00361621,0611,microphone_boom_arm,004,0611/microphone_boom_arm/004.png
-20.5209007,1.78494644,0611,nutcracker,001,0611/nutcracker/001.png
-26.8401852,-9.31947327,0611,nutcracker,002,0611/nutcracker/002.png
-14.9343796,14.7206984,0611,overhead_projector_with_articulating_mirror,001,0611/overhead_projector_with_articulating_mirror/001.png
-24.2942924,10.9310732,0611,pepper_mill_with_rotating_grinder_mechanism,001,0611/pepper_mill_with_rotating_grinder_mechanism/001.png
17.5379486,31.7885056,0611,piano_bench,001,0611/piano_bench/001.png
16.6964874,31.4189835,0611,piano_bench,002,0611/piano_bench/002.png
11.9390984,27.7521057,0611,piano_bench,003,0611/piano_bench/003.png
-8.70458698,1.27715898,0611,projector,001,0611/projector/001.png
-23.0930557,-28.2262707,0611,protractor_with_swing_arm,001,0611/protractor_with_swing_arm/001.png
-22.3759136,-28.3372803,0611,protractor_with_swing_arm,002,0611/protractor_with_swing_arm/002.png
-21.6988392,-29.192997,0611,protractor_with_swing_arm,003,0611/protractor_with_swing_arm/003.png
-38.669426,-16.0086288,0611,pulley,001,0611/pulley/001.png
-30.616066,-14.9075727,0611,ratchet_strap,001,0611/ratchet_strap/001.png
-1.87445712,-27.0982552,0611,ratchet_strap,002,0611/ratchet_strap/002.png
17.0712013,27.2848473,0611,retractable_patio_awning,001,0611/retractable_patio_awning/001.png
19.0102444,28.6816349,0611,retractable_patio_awning,002,0611/retractable_patio_awning/002.png
-18.8911972,-21.5978088,0611,rivet_squeeze,001,0611/rivet_squeeze/001.png
-23.8880043,-13.2628212,0611,rivet_squeeze,002,0611/rivet_squeeze/002.png
-24.5434608,-14.9259119,0611,rivet_squeeze,003,0611/rivet_squeeze/003.png
-27.7530823,-11.4953327,0611,rivet_squeeze1,001,0611/rivet_squeeze1/001.png
-39.7078705,-0.716800869,0611,roller_conveyor,001,0611/roller_conveyor/001.png
9.5473423,23.7476826,0611,roller_conveyor,002,0611/roller_conveyor/002.png
-31.9004078,-10.0974407,0611,sailboat_winch_with_pawl_and_handle,001,0611/sailboat_winch_with_pawl_and_handle/001.png
-29.9354362,-13.284687,0611,sailboat_winch_with_pawl_and_handle,002,0611/sailboat_winch_with_pawl_and_handle/002.png
-38.3900108,-8.65480804,0611,sailboat_winch_with_pawl_and_handle,003,0611/sailboat_winch_with_pawl_and_handle/003.png
-13.8356924,14.8906336,0611,scanner,001,0611/scanner/001.png
-11.5851727,15.3552799,0611,scanner,002,0611/scanner/002.png
-11.1795273,15.6153402,0611,scanner,003,0611/scanner/003.png
-6.10441828,-22.2500076,0611,seeder,001,0611/seeder/001.png
-8.55331135,-22.3710518,0611,seeder,002,0611/seeder/002.png
-7.77020264,-22.22855,0611,seeder,003,0611/seeder/003.png
1.82139277,-0.169558719,0611,sliding_turnstile,001,0611/sliding_turnstile/001.png
1.56496596,0.506365061,0611,sliding_turnstile,002,0611/sliding_turnstile/002.png
0.973600566,-1.46534717,0611,sliding_turnstile,003,0611/sliding_turnstile/003.png
2.79841065,-0.0498667955,0611,sliding_turnstile,004,0611/sliding_turnstile/004.png
2.49429035,0.763935566,0611,speed_gate,001,0611/speed_gate/001.png
2.05821919,1.1464721,0611,speed_gate,002,0611/speed_gate/002.png
-31.5720768,7.7166605,0611,sprinkler_head_with_rotating_arms,001,0611/sprinkler_head_with_rotating_arms/001.png
-36.3437996,-13.8923292,0611,sprinkler_head_with_rotating_arms,002,0611/sprinkler_head_with_rotating_arms/002.png
-32.3424149,-16.0765533,0611,sprinkler_head_with_rotating_arms,003,0611/sprinkler_head_with_rotating_arms/003.png
-28.5323219,1.99324703,0611,studio_lamp,001,0611/studio_lamp/001.png
-28.4614449,1.83802831,0611,studio_lamp,002,0611/studio_lamp/002.png
-26.6573639,0.409344316,0611,studio_lamp,003,0611/studio_lamp/003.png
14.206562,26.4504929,0611,table_tennis_table,001,0611/table_tennis_table/001.png
14.0359192,26.9859066,0611,table_tennis_table,002,0611/table_tennis_table/002.png
9.99899197,28.7607212,0611,table_tennis_table,003,0611/table_tennis_table/003.png
11.0414867,29.1969738,0611,table_tennis_table,004,0611/table_tennis_table/004.png
-24.2576218,-9.74259472,0611,telescoping_fishing_rod,001,0611/telescoping_fishing_rod/001.png
-24.2568531,-8.9153471,0611,telescoping_fishing_rod,002,0611/telescoping_fishing_rod/002.png
-23.3603783,-4.88686132,0611,telescoping_pointer,001,0611/telescoping_pointer/001.png
14.06742,11.1944084,0611,tricycle,001,0611/tricycle/001.png
-26.4467831,-1.35941422,0611,tripod,001,0611/tripod/001.png
-25.9576321,-0.872664213,0611,tripod,002,0611/tripod/002.png
-24.9919987,-0.633214176,0611,tripod,003,0611/tripod/003.png
-36.0469666,-23.8659782,0611,trombone,001,0611/trombone/001.png
-36.5838966,-23.6442833,0611,trombone,002,0611/trombone/002.png
-37.2204018,-23.3751545,0611,trumpet,001,0611/trumpet/001.png
-37.4340363,-23.2436047,0611,trumpet,002,0611/trumpet/002.png
-34.5530853,-13.3899479,0611,tube_cutter,001,0611/tube_cutter/001.png
-35.6059418,-16.1758728,0611,tube_cutter,002,0611/tube_cutter/002.png
-26.3743057,-12.8024664,0611,tube_cutter,003,0611/tube_cutter/003.png
-29.101675,-22.045187,0611,turnbuckle,001,0611/turnbuckle/001.png
-29.1432819,-22.6325169,0611,turnbuckle,002,0611/turnbuckle/002.png
-29.7708454,-22.1425266,0611,turnbuckle,003,0611/turnbuckle/003.png
-29.7736073,-22.6733532,0611,turnbuckle,004,0611/turnbuckle/004.png
-34.4491463,-3.07620358,0611,tv_wall_mount,001,0611/tv_wall_mount/001.png
-34.2168808,-2.83628106,0611,tv_wall_mount,002,0611/tv_wall_mount/002.png
-35.9708977,-4.93570232,0611,tv_wall_mount,003,0611/tv_wall_mount/003.png
8.56533813,26.6684284,0611,tv_wall_mount,004,0611/tv_wall_mount/004.png
-38.3109016,-14.5626516,0611,universal_joint,001,0611/universal_joint/001.png
-38.3635445,-14.3742352,0611,universal_joint,002,0611/universal_joint/002.png
-35.3448257,4.93795061,0611,waffle_maker,001,0611/waffle_maker/001.png
-35.8294449,5.94240427,0611,waffle_maker,002,0611/waffle_maker/002.png
-35.4203644,9.7021122,0611,waffle_maker,003,0611/waffle_maker/003.png
-35.6953888,5.66488266,0611,waffle_maker,004,0611/waffle_maker/004.png
-35.4602585,9.68122196,0611,waffle_maker,005,0611/waffle_maker/005.png
-27.1916943,-34.8467598,0611,watch,001,0611/watch/001.png
-27.1944866,-34.8807945,0611,watch,002,0611/watch/002.png
-25.8525238,-35.0911484,0611,watch,003,0611/watch/003.png
-26.1669903,-35.2126656,0611,watch,004,0611/watch/004.png
-25.7151585,-34.6209755,0611,watch,005,0611/watch/005.png
41.6871414,21.7681255,0611,wine_cabinet,001,0611/wine_cabinet/001.png
38.953434,25.3778706,0611,wine_cabinet,002,0611/wine_cabinet/002.png
39.9437828,25.7173672,0611,wine_cabinet,003,0611/wine_cabinet/003.png
41.0464897,25.5540714,0611,wine_cabinet1,001,0611/wine_cabinet1/001.png
42.3040771,25.3523216,0611,wine_cabinet1,002,0611/wine_cabinet1/002.png
38.4181633,24.5948048,0611,wine_cabinet1,003,0611/wine_cabinet1/003.png
43.1946373,25.4606514,0611,wine_cabinet1,004,0611/wine_cabinet1/004.png
39.4309006,24.7345772,0611,wine_cabinet2,001,0611/wine_cabinet2/001.png
40.6129913,24.4732513,0611,wine_cabinet2,002,0611/wine_cabinet2/002.png
37.0284767,24.0660934,0611,wine_cabinet2,003,0611/wine_cabinet2/003.png
39.9609566,24.4761906,0611,wine_cabinet2,004,0611/wine_cabinet2/004.png
-39.6468735,-12.02847,0611,worm_gear_and_wheel_assembly,001,0611/worm_gear_and_wheel_assembly/001.png
-40.1662941,-12.2295551,0611,worm_gear_and_wheel_assembly,002,0611/worm_gear_and_wheel_assembly/002.png
-4.07717371,12.5291786,Accessories,Cushion,001,Accessories/Cushion/001.png
-17.4513817,28.6802998,Accessories,Cushion,002,Accessories/Cushion/002.png
-1.84850407,-29.8608265,Accessories,Pilot helmet,001,Accessories/Pilot helmet/001.png
-8.88498211,-11.5528755,Accessories,Zipper,001,Accessories/Zipper/001.png
2.33021212,19.1319542,Accessories,glasses,001,Accessories/glasses/001.png
2.6157887,19.2077389,Accessories,glasses,002,Accessories/glasses/002.png
-10.7081738,-31.4095516,Agricultural,Greenhouse vent roof,001,Agricultural/Greenhouse vent roof/001.png
6.99535275,-23.2676716,Agricultural,Hand cultivator,001,Agricultural/Hand cultivator/001.png
-11.3426561,-27.3482208,Agricultural,Harvester vehicle (arm),001,Agricultural/Harvester vehicle (arm)/001.png
-8.6259613,-30.0871563,Agricultural,Harvester vehicle (arm),002,Agricultural/Harvester vehicle (arm)/002.png
-8.60893154,-30.0679798,Agricultural,Harvester vehicle (arm),003,Agricultural/Harvester vehicle (arm)/003.png
16.0266266,8.38107395,Agricultural,Seed spreader,001,Agricultural/Seed spreader/001.png
-9.29018688,-23.8247738,Agricultural,Seed spreader,002,Agricultural/Seed spreader/002.png
3.38575411,-20.252121,Agricultural,Single-Wheelbarrow,001,Agricultural/Single-Wheelbarrow/001.png
6.87822771,-24.1839981,Agricultural,Single-Wheelbarrow,002,Agricultural/Single-Wheelbarrow/002.png
-7.66822481,-29.3919678,Agricultural,Tractor,001,Agricultural/Tractor/001.png
-9.12381077,-25.3254337,Agricultural,Tractor,002,Agricultural/Tractor/002.png
18.5933838,-12.1122618,Agricultural,Watering can,001,Agricultural/Watering can/001.png
-15.8762941,-20.4692211,Art_Drawing Models,Articulated mannequin_Poseable figure mannequin,001,Art_Drawing Models/Articulated mannequin_Poseable figure mannequin/001.png
-16.7162056,-21.7414284,Art_Drawing Models,Articulated mannequin_Poseable figure mannequin,002,Art_Drawing Models/Articulated mannequin_Poseable figure mannequin/002.png
-16.9667931,-21.7115688,Art_Drawing Models,Articulated mannequin_Poseable figure mannequin,003,Art_Drawing Models/Articulated mannequin_Poseable figure mannequin/003.png
-6.71390295,-36.9338455,Astronomy,Antenna dish,001,Astronomy/Antenna dish/001.png
-7.54393911,-37.313385,Astronomy,Antenna dish,002,Astronomy/Antenna dish/002.png
-6.3513937,-36.8704185,Astronomy,Antenna dish,003,Astronomy/Antenna dish/003.png
-1.35886049,-34.8509865,Astronomy,Astronaut helmet,001,Astronomy/Astronaut helmet/001.png
-1.03918219,-34.8087349,Astronomy,Astronaut helmet,002,Astronomy/Astronaut helmet/002.png
-2.42003608,-37.5540428,Astronomy,Lunar rover,001,Astronomy/Lunar rover/001.png
-2.42098022,-37.2455063,Astronomy,Lunar rover,002,Astronomy/Lunar rover/002.png
-1.2529211,-36.8060226,Astronomy,Mars rover,001,Astronomy/Mars rover/001.png
-2.00424886,-36.7434044,Astronomy,Mars rover,002,Astronomy/Mars rover/002.png
-1.98055124,-30.8056412,Astronomy,Pressurised module door,001,Astronomy/Pressurised module door/001.png
-2.6778605,-35.4444504,Astronomy,Pressurised module door,002,Astronomy/Pressurised module door/002.png
-4.33990145,-34.6384354,Astronomy,Retractable landing gear,001,Astronomy/Retractable landing gear/001.png
-21.0762043,-3.52202177,Astronomy,Retractable landing gear,002,Astronomy/Retractable landing gear/002.png
-20.8572845,-3.64616942,Astronomy,Retractable landing gear,003,Astronomy/Retractable landing gear/003.png
-2.45484328,-34.8734512,Astronomy,Return capsule,001,Astronomy/Return capsule/001.png
-3.69825649,-34.3561783,Astronomy,Return capsule,002,Astronomy/Return capsule/002.png
1.58330917,-25.3461609,Astronomy,Rocket engine,001,Astronomy/Rocket engine/001.png
-5.07851171,-36.5478897,Astronomy,Satellite,001,Astronomy/Satellite/001.png
-4.9056797,-36.4233971,Astronomy,Satellite,002,Astronomy/Satellite/002.png
-3.30127549,-36.2958107,Astronomy,Space shuttle,001,Astronomy/Space shuttle/001.png
15.1807899,-16.5862293,Bag_Suitcase,Box,001,Bag_Suitcase/Box/001.png
5.15212393,6.93652439,Bag_Suitcase,Luggage bag,001,Bag_Suitcase/Luggage bag/001.png
13.7061377,7.76662064,Bag_Suitcase,Shopping bucket,001,Bag_Suitcase/Shopping bucket/001.png
9.17625237,-9.80406284,Bag_Suitcase,Shopping bucket,002,Bag_Suitcase/Shopping bucket/002.png
15.3181057,-16.29949,Bag_Suitcase,Suitcase,001,Bag_Suitcase/Suitcase/001.png
13.951107,-17.1421127,Bag_Suitcase,Treasure chest,001,Bag_Suitcase/Treasure chest/001.png
-14.4472761,2.71299267,Bar,Cigarette pack,001,Bar/Cigarette pack/001.png
10.8729296,-15.1948214,Bar,Fan,001,Bar/Fan/001.png
4.60700989,15.3306103,Bar,Piano,001,Bar/Piano/001.png
4.53927422,15.2268276,Bar,Piano,002,Bar/Piano/002.png
-13.553956,-5.59508228,Bathroom,Hair dryer,001,Bathroom/Hair dryer/001.png
30.6983833,20.6622982,Bathroom,toilet,001,Bathroom/toilet/001.png
30.2909584,20.9973431,Bathroom,toilet,002,Bathroom/toilet/002.png
-2.92734408,-6.42142439,Bathroom,toilet,003,Bathroom/toilet/003.png
0.692380905,7.35336685,Bathroom,washmachine,001,Bathroom/washmachine/001.png
26.451952,22.7396431,Bench,Wood Swing,001,Bench/Wood Swing/001.png
24.77565,22.7250919,Bench,Wood Swing,002,Bench/Wood Swing/002.png
24.8468838,23.0926323,Bench,Wood Swing,003,Bench/Wood Swing/003.png
10.0816135,16.5375919,Bench,Wood Swing,004,Bench/Wood Swing/004.png
24.9240303,21.6503296,Bench,Wood Swing,005,Bench/Wood Swing/005.png
20.0042439,25.7522621,Camping_Outdoor Gear,Camp chair,001,Camping_Outdoor Gear/Camp chair/001.png
20.2664909,25.861517,Camping_Outdoor Gear,Camp chair,002,Camping_Outdoor Gear/Camp chair/002.png
-22.3054981,12.630414,Camping_Outdoor Gear,Camping Lantern,001,Camping_Outdoor Gear/Camping Lantern/001.png
2.84200287,8.30761147,Camping_Outdoor Gear,Camping Lantern,002,Camping_Outdoor Gear/Camping Lantern/002.png
16.4113522,26.8222733,Camping_Outdoor Gear,Folding camp table,001,Camping_Outdoor Gear/Folding camp table/001.png
15.8570271,26.5389233,Camping_Outdoor Gear,Folding camp table,002,Camping_Outdoor Gear/Folding camp table/002.png
-34.4000626,-17.50597,Camping_Outdoor Gear,Rope pulley,001,Camping_Outdoor Gear/Rope pulley/001.png
-13.1112881,-9.98610401,Camping_Outdoor Gear,Rope pulley,002,Camping_Outdoor Gear/Rope pulley/002.png
-32.7601967,-9.20024776,Camping_Outdoor Gear,Rope pulley,003,Camping_Outdoor Gear/Rope pulley/003.png
-22.7509346,-8.56936836,Camping_Outdoor Gear,Trekking pole collapsible,001,Camping_Outdoor Gear/Trekking pole collapsible/001.png
-22.3296032,-8.40023708,Camping_Outdoor Gear,Trekking pole collapsible,002,Camping_Outdoor Gear/Trekking pole collapsible/002.png
-21.8688011,16.8185825,Camping_Outdoor Gear,Water filter pump,001,Camping_Outdoor Gear/Water filter pump/001.png
-22.4728947,17.0341167,Camping_Outdoor Gear,Water filter pump,002,Camping_Outdoor Gear/Water filter pump/002.png
25.0561256,16.5877781,Chair,Chair,001,Chair/Chair/001.png
26.5559788,16.9241066,Chair,Chair,002,Chair/Chair/002.png
16.0747776,19.8218422,Chair,Folding chair,001,Chair/Folding chair/001.png
-18.5999641,-30.1196728,Clock_Watch,clock,001,Clock_Watch/clock/001.png
19.7452126,-13.1645374,Container,Barrel,001,Container/Barrel/001.png
18.1760464,-13.4927826,Container,Barrel,002,Container/Barrel/002.png
18.8464088,-8.84261703,Container,Basket,001,Container/Basket/001.png
19.2468414,-9.0535078,Container,Basket,002,Container/Basket/002.png
19.9848747,-8.53863811,Container,Basket,003,Container/Basket/003.png
19.315012,-8.07268906,Container,Basket,004,Container/Basket/004.png
18.6395302,-9.39056015,Container,Basket,005,Container/Basket/005.png
4.04406261,-9.22658253,Container,Bottle,001,Container/Bottle/001.png
3.94714403,-8.64458466,Container,Bottle,002,Container/Bottle/002.png
-24.3425674,22.6610489,Container,Bottle serum,001,Container/Bottle serum/001.png
13.0904989,-1.1160264,Container,Box,001,Container/Box/001.png
7.93406916,-5.76546764,Container,Box,002,Container/Box/002.png
28.8623238,13.4954939,Container,Box,003,Container/Box/003.png
13.4444666,-0.947850049,Container,Box,004,Container/Box/004.png
7.61703777,-11.0333042,Container,Can,001,Container/Can/001.png
7.65063429,-10.8297853,Container,Can,002,Container/Can/002.png
3.08842754,7.40769196,Container,Can,003,Container/Can/003.png
6.76905489,-5.74313259,Container,Can,004,Container/Can/004.png
6.1845808,-5.78039885,Container,Can,005,Container/Can/005.png
5.19303751,-6.612391,Container,Can,006,Container/Can/006.png
-14.8176737,29.8405724,Container,Cosmetic,001,Container/Cosmetic/001.png
4.17007971,-5.92483568,Container,Cup,001,Container/Cup/001.png
-20.1926956,25.5692444,Container,Dispenser,001,Container/Dispenser/001.png
2.85186172,-11.8118286,Container,Gas cylinder,001,Container/Gas cylinder/001.png
3.47127795,-9.99867725,Container,Glass bottle,001,Container/Glass bottle/001.png
-19.7950401,27.4536572,Container,Jar,001,Container/Jar/001.png
4.68332863,-9.69305229,Container,Jar,002,Container/Jar/002.png
4.70737505,-7.41674471,Container,Jar,003,Container/Jar/003.png
-25.5203514,12.8367758,Container,Kettle,001,Container/Kettle/001.png
-24.074646,12.7713661,Container,Kettle,002,Container/Kettle/002.png
-17.8970642,25.6511192,Container,Lipstick,001,Container/Lipstick/001.png
-16.0055084,24.2832375,Container,Lipstick,002,Container/Lipstick/002.png
9.16881752,0.385503322,Container,Locker,001,Container/Locker/001.png
2.38894224,-9.10709858,Container,Paint spray,001,Container/Paint spray/001.png
-21.0915699,21.9066334,Container,Plastic can,001,Container/Plastic can/001.png
-20.8263569,21.450798,Container,Plastic can,002,Container/Plastic can/002.png
6.56316614,-8.25621605,Container,Plastic can,003,Container/Plastic can/003.png
6.38375807,-8.07820511,Container,Plastic can,004,Container/Plastic can/004.png
-18.7344265,27.1558266,Container,Primer bottle,001,Container/Primer bottle/001.png
-20.0437717,26.3821659,Container,Pump,001,Container/Pump/001.png
18.4003048,2.27405882,Container,Shipping container,001,Container/Shipping container/001.png
-19.6279221,26.2034416,Container,Tube,001,Container/Tube/001.png
-18.6325779,25.6893978,Container,Tube,002,Container/Tube/002.png
-20.451849,20.8712864,Container,laundry detergent bottle,001,Container/laundry detergent bottle/001.png
24.7948589,1.24112582,Curtain,blind,001,Curtain/blind/001.png
28.2825012,4.44257021,Curtain,blind,002,Curtain/blind/002.png
29.584362,-3.20666885,Door,Door,001,Door/Door/001.png
28.2778091,-4.07987213,Door,Door,002,Door/Door/002.png
26.813364,0.942237258,Door,Door,003,Door/Door/003.png
31.3738575,-4.69822121,Door,Door,004,Door/Door/004.png
31.3979664,-4.89670086,Door,Door,005,Door/Door/005.png
34.4368401,-3.43538547,Door,Door,006,Door/Door/006.png
35.259964,-1.72419584,Door,Double Door,001,Door/Double Door/001.png
30.2541332,0.675120711,Door,Double Door,002,Door/Double Door/002.png
35.868351,-1.87340224,Door,Double Door,003,Door/Double Door/003.png
35.7516708,-0.783290923,Door,Double Door,004,Door/Double Door/004.png
35.1604652,-3.54668403,Door,Double Door,005,Door/Double Door/005.png
32.1959877,-1.53578556,Door,Double Door,006,Door/Double Door/006.png
30.3919201,5.17095709,Door,Folding gate,001,Door/Folding gate/001.png
26.0703697,2.52168369,Door,Garage shutter,001,Door/Garage shutter/001.png
36.0107994,1.53331554,Door,Gate,001,Door/Gate/001.png
34.2206573,1.06743634,Door,Other,001,Door/Other/001.png
34.960453,-0.42032212,Door,Other,002,Door/Other/002.png
11.824461,-9.04026985,Door,Scifi Gate,001,Door/Scifi Gate/001.png
11.3746157,-9.52292252,Door,Scifi Gate,002,Door/Scifi Gate/002.png
25.5391006,-3.92636418,Door,Sliding Door,001,Door/Sliding Door/001.png
25.5474205,-4.64636183,Door,Sliding Door,002,Door/Sliding Door/002.png
26.2269726,-4.47287226,Door,Sliding Door,003,Door/Sliding Door/003.png
25.988636,-4.81807375,Door,Sliding Door,004,Door/Sliding Door/004.png
27.2508163,-1.09936929,Door,Sliding Door,005,Door/Sliding Door/005.png
15.9603834,-17.8144741,Door,Trap door,001,Door/Trap door/001.png
28.2400208,1.61332273,Door,folding door,001,Door/folding door/001.png
27.8294468,1.16795886,Door,folding door,002,Door/folding door/002.png
28.792532,2.18363857,Door,folding door,003,Door/folding door/003.png
33.7828598,-0.601265609,Door,wooden plank door with a ring pull,001,Door/wooden plank door with a ring pull/001.png
34.2021599,0.431897491,Door,wooden plank door with a ring pull,002,Door/wooden plank door with a ring pull/002.png
-31.2159901,-13.8045273,Electrical_Wiring,Cable reel,001,Electrical_Wiring/Cable reel/001.png
-43.6526031,-9.62220001,Electrical_Wiring,Cable reel,002,Electrical_Wiring/Cable reel/002.png
-47.065197,-7.78152704,Electrical_Wiring,Circuit breaker,001,Electrical_Wiring/Circuit breaker/001.png
-47.0010071,-7.75802231,Electrical_Wiring,Circuit breaker,002,Electrical_Wiring/Circuit breaker/002.png
-28.102108,-16.3937759,Electrical_Wiring,Conduit bender,001,Electrical_Wiring/Conduit bender/001.png
-29.4499397,-10.6004725,Electrical_Wiring,Conduit bender,002,Electrical_Wiring/Conduit bender/002.png
10.7823572,1.77377367,Electrical_Wiring,Distribution board panel,001,Electrical_Wiring/Distribution board panel/001.png
10.9223928,2.1113162,Electrical_Wiring,Distribution board panel,002,Electrical_Wiring/Distribution board panel/002.png
-41.1604958,-7.50388336,Electrical_Wiring,Junction box,001,Electrical_Wiring/Junction box/001.png
-45.6266403,-8.07575226,Electrical_Wiring,Junction box,002,Electrical_Wiring/Junction box/002.png
-44.9883118,-8.79302692,Electrical_Wiring,Junction box,003,Electrical_Wiring/Junction box/003.png
-9.37798214,12.5446138,Electrical_Wiring,Surge protector switch,001,Electrical_Wiring/Surge protector switch/001.png
-19.4328232,-9.48709011,Electrical_Wiring,Surge protector switch,002,Electrical_Wiring/Surge protector switch/002.png
-20.9450893,-15.1916876,Electrical_Wiring,Wire stripper,001,Electrical_Wiring/Wire stripper/001.png
-21.2249756,-14.3926105,Electrical_Wiring,Wire stripper,002,Electrical_Wiring/Wire stripper/002.png
-15.9988003,16.3386307,Emergency Equipment,Defibrillator case,001,Emergency Equipment/Defibrillator case/001.png
-16.5368633,17.642252,Emergency Equipment,Defibrillator case,002,Emergency Equipment/Defibrillator case/002.png
27.7871017,-6.75161266,Emergency Equipment,Emergency exit door,001,Emergency Equipment/Emergency exit door/001.png
28.3663635,-8.20314121,Emergency Equipment,Emergency exit door,002,Emergency Equipment/Emergency exit door/002.png
29.9545403,-10.5855236,Emergency Equipment,Fire escape ladder,001,Emergency Equipment/Fire escape ladder/001.png
29.9313831,-10.4889374,Emergency Equipment,Fire escape ladder,002,Emergency Equipment/Fire escape ladder/002.png
12.9952583,21.6088467,Emergency Equipment,Stretcher,001,Emergency Equipment/Stretcher/001.png
12.6825867,21.9846973,Emergency Equipment,Stretcher,002,Emergency Equipment/Stretcher/002.png
2.39031959,4.70648956,Equipment,Blender,001,Equipment/Blender/001.png
7.82671165,-16.0089169,Equipment,Control panel,001,Equipment/Control panel/001.png
7.92841482,-17.0072079,Equipment,Control panel,002,Equipment/Control panel/002.png
7.80404377,-17.110672,Equipment,Control panel,003,Equipment/Control panel/003.png
7.97327328,-7.81796312,Equipment,Dishwisher,001,Equipment/Dishwisher/001.png
22.5057507,-18.8053093,Equipment,Game console,001,Equipment/Game console/001.png
-0.967477918,-18.4720402,Equipment,LED work light,001,Equipment/LED work light/001.png
0.544257224,-15.1751499,Equipment,Lamp2,001,Equipment/Lamp2/001.png
25.5362301,-7.30362415,Equipment,Lock,001,Equipment/Lock/001.png
-3.53188658,0.685421586,Equipment,Lock,002,Equipment/Lock/002.png
-5.37792444,-14.6675758,Equipment,Pipeline,001,Equipment/Pipeline/001.png
-2.14546275,-13.6743164,Equipment,Pipeline,002,Equipment/Pipeline/002.png
-4.44057703,-14.5274086,Equipment,Pipeline,003,Equipment/Pipeline/003.png
10.2290058,-11.5240717,Equipment,Power switch,001,Equipment/Power switch/001.png
8.3828783,-16.527813,Equipment,Power switch,002,Equipment/Power switch/002.png
1.02242231,-15.0917177,Equipment,Pump2,001,Equipment/Pump2/001.png
23.4180527,4.63378859,Equipment,ladder,001,Equipment/ladder/001.png
12.5769653,-15.5401402,Facade Element,Air conditioner outdoor unit,001,Facade Element/Air conditioner outdoor unit/001.png
9.557724,4.00826073,Facade Element,Air conditioner outdoor unit,002,Facade Element/Air conditioner outdoor unit/002.png
8.87949085,4.3130722,Facade Element,Air conditioner outdoor unit,003,Facade Element/Air conditioner outdoor unit/003.png
15.3860178,-23.7029228,Facade Element,Gutter downchain,001,Facade Element/Gutter downchain/001.png
15.4187851,-23.7110691,Facade Element,Gutter downchain,002,Facade Element/Gutter downchain/002.png
4.9516778,9.21975422,Facade Element,Lamp1,001,Facade Element/Lamp1/001.png
2.85138988,-13.9155512,Facade Element,Lamp1,002,Facade Element/Lamp1/002.png
13.1779928,18.478426,Fence,Cascade fences (MORE THAN 1),001,Fence/Cascade fences (MORE THAN 1)/001.png
26.0464954,6.01872969,Fence,Cascade fences (MORE THAN 1),002,Fence/Cascade fences (MORE THAN 1)/002.png
12.5561333,-4.44218493,Footwear,Shoe box,001,Footwear/Shoe box/001.png
12.5555811,-4.27042627,Footwear,Shoe box,002,Footwear/Shoe box/002.png
12.5912848,-3.83930874,Footwear,Shoe box,003,Footwear/Shoe box/003.png
0.117391072,-1.79223597,Fountain,Drick fountain,001,Fountain/Drick fountain/001.png
-3.16576624,-15.5900583,Handtools,Clamp,001,Handtools/Clamp/001.png
-15.9174843,-7.89506817,Handtools,Clamp,002,Handtools/Clamp/002.png
-30.8612385,-6.41340351,Handtools,Hand plane,001,Handtools/Hand plane/001.png
-14.5991249,-15.3295898,Handtools,Knife,001,Handtools/Knife/001.png
-16.0274982,-1.41803718,Handtools,Paint roller,001,Handtools/Paint roller/001.png
-23.2231693,-4.60573864,Handtools,Pen,001,Handtools/Pen/001.png
-0.104694434,-4.40243864,Handtools,Stapler,001,Handtools/Stapler/001.png
22.9357872,7.34036636,Handtools,Tool cart,001,Handtools/Tool cart/001.png
-13.5117292,-13.5409746,Handtools,Wrench,001,Handtools/Wrench/001.png
10.5042629,-19.6887741,Handtools,Wrench,002,Handtools/Wrench/002.png
-19.1425285,-3.85099792,Handtools,caulking gun,001,Handtools/caulking gun/001.png
-2.31177855,-11.2528868,Handtools,caulking gun,002,Handtools/caulking gun/002.png
-20.3602257,-12.5953646,Handtools,caulking gun,003,Handtools/caulking gun/003.png
11.9087543,-20.4632835,Handtools,clothes peg,001,Handtools/clothes peg/001.png
7.09125042,-19.3386288,Handtools,dial caliper,001,Handtools/dial caliper/001.png
11.6847506,-20.9539032,Handtools,wooden tongs,001,Handtools/wooden tongs/001.png
4.04563189,-30.5343952,Headwear,Racing helmet,001,Headwear/Racing helmet/001.png
15.3206081,21.4068928,Healthcare,Adjustable hospital bed,001,Healthcare/Adjustable hospital bed/001.png
15.3117619,22.1529865,Healthcare,Adjustable hospital bed,002,Healthcare/Adjustable hospital bed/002.png
-23.0156841,-6.10270882,Healthcare,Crutches,001,Healthcare/Crutches/001.png
-22.1618767,-2.67633367,Healthcare,Crutches,002,Healthcare/Crutches/002.png
-22.2429619,-1.63886034,Healthcare,Crutches,003,Healthcare/Crutches/003.png
-21.7457886,-2.15529537,Healthcare,Crutches,004,Healthcare/Crutches/004.png
-22.4019585,-2.37448788,Healthcare,Crutches,005,Healthcare/Crutches/005.png
-16.1110516,19.5130672,Healthcare,First aid box,001,Healthcare/First aid box/001.png
-0.144492626,-11.5940809,Healthcare,First aid box,002,Healthcare/First aid box/002.png
-21.8444328,25.9147434,Healthcare,Pill bottle_box,001,Healthcare/Pill bottle_box/001.png
-4.52808905,26.0658588,Healthcare,Pill bottle_box,002,Healthcare/Pill bottle_box/002.png
9.76414776,-19.6407814,Healthcare,Prosthetic limb,001,Healthcare/Prosthetic limb/001.png
1.06422448,-20.1526337,Healthcare,Prosthetic limb,002,Healthcare/Prosthetic limb/002.png
15.0754881,1.6916033,Healthcare,Wheelchair,001,Healthcare/Wheelchair/001.png
23.9166889,26.5701313,Household_Laundry,Clothes drying rack_Laundry drying rack,001,Household_Laundry/Clothes drying rack_Laundry drying rack/001.png
23.9374866,26.5726795,Household_Laundry,Clothes drying rack_Laundry drying rack,002,Household_Laundry/Clothes drying rack_Laundry drying rack/002.png
28.5692902,-5.62364197,Industrial,Blast door,001,Industrial/Blast door/001.png
20.2224579,-2.5700295,Industrial,Blast door,002,Industrial/Blast door/002.png
30.0311146,-6.26988268,Industrial,Blast door,003,Industrial/Blast door/003.png
7.27448559,31.0810738,Industrial,Drill press table,001,Industrial/Drill press table/001.png
-38.8984299,-5.57374763,Industrial,Drill press table,002,Industrial/Drill press table/002.png
-29.5222874,-15.2550926,Industrial,Electric Saw,001,Industrial/Electric Saw/001.png
-22.1791191,-14.7293558,Industrial,Electric Saw,002,Industrial/Electric Saw/002.png
-28.2287006,-14.5378218,Industrial,Electric Saw,003,Industrial/Electric Saw/003.png
-41.9170532,-4.75894833,Industrial,Hydraulic press,001,Industrial/Hydraulic press/001.png
-41.7359238,-4.79791164,Industrial,Hydraulic press,002,Industrial/Hydraulic press/002.png
-35.9261246,-8.15222359,Industrial,Industrial vice,001,Industrial/Industrial vice/001.png
-36.193428,-7.61946535,Industrial,Industrial vice,002,Industrial/Industrial vice/002.png
6.961483,-26.00494,Industrial,Mine cart,001,Industrial/Mine cart/001.png
7.04453611,-25.8538437,Industrial,Mine cart,002,Industrial/Mine cart/002.png
-4.17214203,-29.4792423,Industrial,Ore crusher jaw,001,Industrial/Ore crusher jaw/001.png
-43.4207726,-11.0426006,Industrial,Ore crusher jaw,002,Industrial/Ore crusher jaw/002.png
15.0619984,16.1883793,Industrial,Safety cage,001,Industrial/Safety cage/001.png
16.6038513,16.5662594,Industrial,Safety cage,002,Industrial/Safety cage/002.png
16.7761879,16.6969223,Industrial,Safety cage,003,Industrial/Safety cage/003.png
2.60092759,6.81467819,Kitchen,Air fryer,001,Kitchen/Air fryer/001.png
3.08158231,4.1313591,Kitchen,Coffee machine,001,Kitchen/Coffee machine/001.png
-13.379652,-13.3448925,Kitchen,Corkscrew,001,Kitchen/Corkscrew/001.png
5.41719532,4.38773489,Kitchen,Dish washer,001,Kitchen/Dish washer/001.png
6.80323935,2.62565041,Kitchen,Hood,001,Kitchen/Hood/001.png
-17.2952175,1.958166,Kitchen,Knife set,001,Kitchen/Knife set/001.png
8.94995689,-7.07642746,Kitchen,Microwave,001,Kitchen/Microwave/001.png
2.77948475,5.68981981,Kitchen,Toaster,001,Kitchen/Toaster/001.png
-25.9550877,13.6884403,Kitchen,mixer,001,Kitchen/mixer/001.png
-5.67798281,1.76198602,Law Enforcement_Protective Gear,Riot shield,001,Law Enforcement_Protective Gear/Riot shield/001.png
-5.77017069,1.78891778,Law Enforcement_Protective Gear,Riot shield,002,Law Enforcement_Protective Gear/Riot shield/002.png
2.71944427,-13.7551537,Light,Latern,001,Light/Latern/001.png
28.4495201,7.4968729,Machinery,Watermill,001,Machinery/Watermill/001.png
-42.0036087,-9.8889122,Mechanical Components_Drivetrain,Automotive differential_Differential gear,001,Mechanical Components_Drivetrain/Automotive differential_Differential gear/001.png
2.55374956,-26.2590923,Military,Aircraft,001,Military/Aircraft/001.png
2.865345,-27.0728416,Military,Aircraft,002,Military/Aircraft/002.png
4.14966536,-12.0399647,Military,Granade,001,Military/Granade/001.png
9.64861774,-19.1141853,Military,Granade,002,Military/Granade/002.png
-9.8259201,-18.5465546,Military,Gun,001,Military/Gun/001.png
-9.46285534,-18.1383839,Military,Gun,002,Military/Gun/002.png
-4.81552458,-18.9488697,Military,Military knife,001,Military/Military knife/001.png
-5.66466713,6.71132135,Military,Radio,001,Military/Radio/001.png
-9.89230824,-18.7373161,Military,Rifle,001,Military/Rifle/001.png
1.97766876,-28.7152348,Military,Tank,001,Military/Tank/001.png
2.83043242,-24.8888645,Military,Turret,001,Military/Turret/001.png
2.4895215,-27.3334885,Military,helicopter,001,Military/helicopter/001.png
-17.9816875,-8.10361671,Military,knife,001,Military/knife/001.png
11.0204086,-21.5977001,Military,sword,001,Military/sword/001.png
1.52386653,13.1323538,Music,Amplifier,001,Music/Amplifier/001.png
-3.65865541,13.553092,Music,CD case,001,Music/CD case/001.png
0.64545393,14.6619568,Music,Headphone,001,Music/Headphone/001.png
1.62876487,17.0124359,Music,Violin case,001,Music/Violin case/001.png
-1.07776117,9.75738525,Music,Vocal mic,001,Music/Vocal mic/001.png
-12.3695917,-5.21880531,Music,Vocal mic,002,Music/Vocal mic/002.png
3.68986082,13.6905947,Music,keyboard,001,Music/keyboard/001.png
3.566468,13.6734962,Music,keyboard,002,Music/keyboard/002.png
8.12177467,4.39240885,Other,Air conditioner,001,Other/Air conditioner/001.png
28.9662952,11.842948,Other,Bedside,001,Other/Bedside/001.png
7.48136282,1.5465852,Other,Built-in oven,001,Other/Built-in oven/001.png
7.57828856,1.32536221,Other,Built-in oven,002,Other/Built-in oven/002.png
32.1630936,1.69678116,Other,Cabinet,001,Other/Cabinet/001.png
35.5970001,11.9681063,Other,Cabinet,002,Other/Cabinet/002.png
13.4561014,-18.5908604,Other,Coffin,001,Other/Coffin/001.png
37.1096497,-2.07454944,Other,Folding screen,001,Other/Folding screen/001.png
2.65712595,-7.344697,Other,Lighter,001,Other/Lighter/001.png
17.932909,-2.70882964,Other,Metal drain,001,Other/Metal drain/001.png
5.72602034,-4.1862278,Other,Refrigerator,001,Other/Refrigerator/001.png
-15.918067,-28.9492321,Other,Scale,001,Other/Scale/001.png
21.2274857,-1.7815634,Other,Switch,001,Other/Switch/001.png
-2.18710017,10.314188,Other,TV,001,Other/TV/001.png
-0.603137136,-7.10531235,Other,Tripod Turnstile,001,Other/Tripod Turnstile/001.png
-0.76808542,-7.60024405,Other,Tripod Turnstile,002,Other/Tripod Turnstile/002.png
9.35123539,-14.0583229,Other,Vent,001,Other/Vent/001.png
10.6844816,-13.7920961,Other,Vent,002,Other/Vent/002.png
9.4842577,-14.4704714,Other,Vent,003,Other/Vent/003.png
9.54663277,-15.2466869,Other,Vent,004,Other/Vent/004.png
-22.9163151,15.2084398,Other,Water dispenser,001,Other/Water dispenser/001.png
-5.04875374,-3.70750499,Other,Water dispenser,002,Other/Water dispenser/002.png
-5.61485672,-3.18569732,Other,Water dispenser,003,Other/Water dispenser/003.png
-5.18297195,-3.34794521,Other,Water dispenser,004,Other/Water dispenser/004.png
-3.87007213,-3.86055136,Other,Water dispenser,005,Other/Water dispenser/005.png
26.1136875,-18.0402603,Other,Wildmill,001,Other/Wildmill/001.png
0.57081145,0.959824502,Other,Zippo lighter,001,Other/Zippo lighter/001.png
26.5843582,18.2095203,Other,armchair,001,Other/armchair/001.png
26.1307449,17.6561604,Other,armchair,002,Other/armchair/002.png
25.4188366,18.0648689,Other,armchair,003,Other/armchair/003.png
7.44416714,11.3447943,Other,armchair,004,Other/armchair/004.png
17.7906437,-12.1905956,Other,cauldron,001,Other/cauldron/001.png
-5.39001274,-7.79891396,Other,high_arc_gooseneck_faucet,002,Other/high_arc_gooseneck_faucet/002.png
-5.71585751,-6.66301584,Other,high_arc_gooseneck_faucet,007,Other/high_arc_gooseneck_faucet/007.png
-17.5057297,-13.9084854,Other,pliers,001,Other/pliers/001.png
-17.240097,-15.6603136,Other,pliers,002,Other/pliers/002.png
-4.14612103,-6.60952616,Other,single_hole_basin_faucet,004,Other/single_hole_basin_faucet/004.png
-3.74278021,-6.8361392,Other,single_hole_basin_faucet,005,Other/single_hole_basin_faucet/005.png
-27.5657387,8.69948769,Other,single_hole_basin_faucet,008,Other/single_hole_basin_faucet/008.png
3.90781665,4.65217686,Other,stove,001,Other/stove/001.png
8.1303463,-7.52490139,Other,stove,002,Other/stove/002.png
-6.16141558,-9.22261047,Other,widespread_two_handle_faucet,001,Other/widespread_two_handle_faucet/001.png
-5.83460045,-6.76496792,Other,widespread_two_handle_faucet,003,Other/widespread_two_handle_faucet/003.png
-2.7650013,-8.37099361,Other,widespread_two_handle_faucet,006,Other/widespread_two_handle_faucet/006.png
-13.1946392,-0.123729937,Others,Binocular,001,Others/Binocular/001.png
-1.04885411,24.5855026,Others,Matchbox,001,Others/Matchbox/001.png
2.5886991,-2.98675179,Others,Safe,001,Others/Safe/001.png
-11.1109591,-13.488883,Others,blacksmith tongs,001,Others/blacksmith tongs/001.png
-11.308485,-13.3398485,Others,blacksmith tongs,002,Others/blacksmith tongs/002.png
-10.8113232,-13.9246035,Others,blacksmith tongs,003,Others/blacksmith tongs/003.png
-0.82513988,-4.79356098,Parts,quick release clamp,001,Parts/quick release clamp/001.png
-30.4524326,6.27015591,Pet_Animal related,Animal feeding bowl stand,001,Pet_Animal related/Animal feeding bowl stand/001.png
-29.7937336,5.91117764,Pet_Animal related,Animal feeding bowl stand,002,Pet_Animal related/Animal feeding bowl stand/002.png
20.2994881,15.0120163,Pet_Animal related,Aquarium,001,Pet_Animal related/Aquarium/001.png
20.7632961,14.4163265,Pet_Animal related,Aquarium,002,Pet_Animal related/Aquarium/002.png
26.2436619,-17.1617832,Pet_Animal related,Bird cage,001,Pet_Animal related/Bird cage/001.png
18.6092358,16.2329578,Pet_Animal related,Bird cage,002,Pet_Animal related/Bird cage/002.png
21.3184776,12.8900099,Pet_Animal related,Cat flap,001,Pet_Animal related/Cat flap/001.png
21.4244308,12.7433205,Pet_Animal related,Cat flap,002,Pet_Animal related/Cat flap/002.png
19.4280834,11.4344625,Pet_Animal related,Hamster wheel,001,Pet_Animal related/Hamster wheel/001.png
19.469986,11.5030699,Pet_Animal related,Hamster wheel,002,Pet_Animal related/Hamster wheel/002.png
18.1290054,12.9414196,Pet_Animal related,Pet carrier,001,Pet_Animal related/Pet carrier/001.png
16.4336224,14.3225689,Pet_Animal related,Pet carrier,002,Pet_Animal related/Pet carrier/002.png
16.0278606,11.1433401,Pet_Animal related,Pet stroller,001,Pet_Animal related/Pet stroller/001.png
16.0657539,10.6067257,Pet_Animal related,Pet stroller,002,Pet_Animal related/Pet stroller/002.png
17.8949718,16.2805233,Pet_Animal related,Rabbit hutch,001,Pet_Animal related/Rabbit hutch/001.png
18.6447659,17.0026016,Pet_Animal related,Rabbit hutch,002,Pet_Animal related/Rabbit hutch/002.png
8.48692703,-21.5834713,Playground,Seesaw,001,Playground/Seesaw/001.png
2.54999042,-21.8603554,Playground,Seesaw,002,Playground/Seesaw/002.png
2.01712108,-21.2888298,Playground,Seesaw,003,Playground/Seesaw/003.png
-2.40206552,-25.9158916,Playground,playground chair swing carousel,001,Playground/playground chair swing carousel/001.png
-2.31087875,-24.7001247,Playground,playground chair swing carousel,002,Playground/playground chair swing carousel/002.png
3.99040914,-17.0040092,Playground,playground merry-go-round,001,Playground/playground merry-go-round/001.png
26.9095955,6.34778786,Playground,swing,001,Playground/swing/001.png
10.6390266,12.5786734,Playground,swing,002,Playground/swing/002.png
17.5285282,-5.10909414,Playground,swing circular,001,Playground/swing circular/001.png
-7.93299437,-24.8149223,Powertools,Lawn mower,001,Powertools/Lawn mower/001.png
-19.0773869,-11.7022142,Powertools,angle grinder,001,Powertools/angle grinder/001.png
-20.9037437,-12.6556206,Powertools,drill,001,Powertools/drill/001.png
-13.6153774,-4.46920967,Retail_Shop Fixtures,Barcode scanner,001,Retail_Shop Fixtures/Barcode scanner/001.png
-13.5397549,-4.66918516,Retail_Shop Fixtures,Barcode scanner,002,Retail_Shop Fixtures/Barcode scanner/002.png
-13.1079903,11.2413282,Retail_Shop Fixtures,Cash register,001,Retail_Shop Fixtures/Cash register/001.png
-12.5351849,10.3009586,Retail_Shop Fixtures,Cash register,002,Retail_Shop Fixtures/Cash register/002.png
34.0455399,21.8485489,Retail_Shop Fixtures,Clothing rack,001,Retail_Shop Fixtures/Clothing rack/001.png
24.7499886,26.8591347,Retail_Shop Fixtures,Clothing rack,002,Retail_Shop Fixtures/Clothing rack/002.png
-11.98351,10.3174305,Retail_Shop Fixtures,Point-of-sale terminal,001,Retail_Shop Fixtures/Point-of-sale terminal/001.png
-11.658864,10.3923407,Retail_Shop Fixtures,Point-of-sale terminal,002,Retail_Shop Fixtures/Point-of-sale terminal/002.png
-12.741972,-24.0196342,Robotics,Differential drive wheel,001,Robotics/Differential drive wheel/001.png
-42.8645592,-8.21623898,Robotics,Differential drive wheel,002,Robotics/Differential drive wheel/002.png
-42.7786751,-9.9483757,Robotics,Harmonic drive,001,Robotics/Harmonic drive/001.png
-42.513073,-12.6930208,Robotics,Harmonic drive,002,Robotics/Harmonic drive/002.png
-40.7385368,-2.2515707,Robotics,Linear actuator,001,Robotics/Linear actuator/001.png
-40.5998878,-1.84520054,Robotics,Linear actuator,002,Robotics/Linear actuator/002.png
-41.8214912,-11.7726736,Robotics,Rack-and-pinion slider,001,Robotics/Rack-and-pinion slider/001.png
-41.2791481,-12.4554167,Robotics,Rack-and-pinion slider,002,Robotics/Rack-and-pinion slider/002.png
-39.7002068,-9.14848614,Robotics,Soft pneumatic gripper,001,Robotics/Soft pneumatic gripper/001.png
-40.067997,-9.92137718,Robotics,Soft pneumatic gripper,002,Robotics/Soft pneumatic gripper/002.png
-24.4890118,22.6665211,Science,Capsule,001,Science/Capsule/001.png
1.10978889,-18.2127419,Science,Dental setup,001,Science/Dental setup/001.png
-16.1110516,19.5130672,Science,First aid cabinet,001,Science/First aid cabinet/001.png
2.21448112,-18.67033,Science,Surgical bed,001,Science/Surgical bed/001.png
1.08329487,-18.0415707,Science,Surgical chair,001,Science/Surgical chair/001.png
-24.886982,20.1398392,Science,Syringe,001,Science/Syringe/001.png
-15.7035933,5.46934891,Science,microscope,001,Science/microscope/001.png
25.9945335,-12.4451122,Sign,sign,001,Sign/sign/001.png
25.9547176,-12.4668932,Sign,sign,002,Sign/sign/002.png
0.60760963,-21.7087154,Sports,Baby cycle,001,Sports/Baby cycle/001.png
1.19297028,-22.5903568,Sports,Bike,001,Sports/Bike/001.png
-10.5198307,-11.5003338,Sports,Carabiner,001,Sports/Carabiner/001.png
-7.55801439,-11.9348516,Sports,Dumble,001,Sports/Dumble/001.png
-33.7055473,-8.99913502,Sports,Dumble,002,Sports/Dumble/002.png
-0.982424021,-20.330164,Sports,Exercise bike,001,Sports/Exercise bike/001.png
-9.82870674,-5.62460279,Sports,Fidget Spinner,001,Sports/Fidget Spinner/001.png
13.1292105,-6.1787405,Sports,Karting,001,Sports/Karting/001.png
13.3375616,-6.4681859,Sports,Roller scates,001,Sports/Roller scates/001.png
1.78467178,-20.695982,Sports,Scooter Racer,001,Sports/Scooter Racer/001.png
4.59527588,-21.8636837,Sports,Skateboard,001,Sports/Skateboard/001.png
-16.624052,-1.28955305,Sports,Skincare Roller,001,Sports/Skincare Roller/001.png
3.20155096,14.2445955,Sports,Table football,001,Sports/Table football/001.png
13.304451,10.6461344,Sports,Toy car,001,Sports/Toy car/001.png
-7.09215927,7.51050043,Sports,game console,001,Sports/game console/001.png
-9.25223923,-3.76592088,Sports,game console,002,Sports/game console/002.png
-9.2426424,-3.59545708,Sports,game console,003,Sports/game console/003.png
16.4846172,-3.74235845,Stairs,Escalator,001,Stairs/Escalator/001.png
16.1821499,-3.80529475,Stairs,Escalator,002,Stairs/Escalator/002.png
-6.39458752,7.57321215,Stationary,Calculater,001,Stationary/Calculater/001.png
5.00434017,9.77777767,Stationary,Clip,001,Stationary/Clip/001.png
-4.31289196,14.9955626,Stationary,Clipboard,001,Stationary/Clipboard/001.png
7.20719719,-1.84774816,Stationary,Folder,001,Stationary/Folder/001.png
-14.6583014,-3.61817884,Stationary,Pen,001,Stationary/Pen/001.png
-0.489302725,-1.08339584,Stationary,Pencil sharpener,001,Stationary/Pencil sharpener/001.png
-17.6711197,-14.2945328,Stationary,Scissors,001,Stationary/Scissors/001.png
28.4831848,-4.64948511,Structure,Elevator,001,Structure/Elevator/001.png
28.3123169,-7.09369421,Structure,Elevator,002,Structure/Elevator/002.png
-0.68875742,11.5600996,Technology,Audio_Device,001,Technology/Audio_Device/001.png
-8.92901897,6.93394661,Technology,Audio_Device,002,Technology/Audio_Device/002.png
-0.222127736,11.5404644,Technology,Audio_Device,003,Technology/Audio_Device/003.png
0.280673772,11.3083735,Technology,Audio_Device,005,Technology/Audio_Device/005.png
-9.48069668,7.77670622,Technology,Conference_Phone,001,Technology/Conference_Phone/001.png
-12.0454111,7.37419081,Technology,Conference_Phone,002,Technology/Conference_Phone/002.png
-10.956584,9.04466724,Technology,Conference_Phone,003,Technology/Conference_Phone/003.png
-11.5551243,8.17205811,Technology,Conference_Phone,004,Technology/Conference_Phone/004.png
-9.923172,10.2346001,Technology,Conference_Phone,005,Technology/Conference_Phone/005.png
-9.40665436,-8.53516197,Technology,Flashlight,001,Technology/Flashlight/001.png
-15.1302671,-5.00236273,Technology,Flashlight,002,Technology/Flashlight/002.png
-2.56653738,18.4761372,Technology,Graphics_Card,001,Technology/Graphics_Card/001.png
-3.27688837,17.4182472,Technology,Graphics_Card,002,Technology/Graphics_Card/002.png
-2.14568424,18.0148907,Technology,Graphics_Card,003,Technology/Graphics_Card/003.png
-2.47573256,18.4487743,Technology,Graphics_Card,004,Technology/Graphics_Card/004.png
-8.02303028,15.9629841,Technology,Keyboard,001,Technology/Keyboard/001.png
-7.17991543,16.0118103,Technology,Keyboard,002,Technology/Keyboard/002.png
-6.12460327,19.3033447,Technology,Laptop,001,Technology/Laptop/001.png
-7.18425751,18.3914108,Technology,Laptop,002,Technology/Laptop/002.png
-9.44078732,9.30710602,Technology,Mobile_Phone,001,Technology/Mobile_Phone/001.png
-9.98656178,9.41165447,Technology,Mobile_Phone,002,Technology/Mobile_Phone/002.png
-5.16371489,18.6425743,Technology,Monitor,001,Technology/Monitor/001.png
-6.68614531,17.8540516,Technology,Monitor,002,Technology/Monitor/002.png
-7.43673086,13.8226185,Technology,Mouse,001,Technology/Mouse/001.png
-6.81063843,13.3976316,Technology,Mouse,002,Technology/Mouse/002.png
-7.98393583,13.8726234,Technology,Mouse,003,Technology/Mouse/003.png
-6.7176404,15.2173281,Technology,Mouse,004,Technology/Mouse/004.png
-6.76113319,13.9065304,Technology,Mouse,005,Technology/Mouse/005.png
-11.3813839,17.9968739,Technology,Printer,001,Technology/Printer/001.png
-11.5291967,17.9245377,Technology,Printer,002,Technology/Printer/002.png
-10.4869366,17.0278587,Technology,Printer,003,Technology/Printer/003.png
-5.96903276,9.69285011,Technology,Remote_Control,001,Technology/Remote_Control/001.png
-10.8482513,6.81930399,Technology,Remote_Control,002,Technology/Remote_Control/002.png
-11.7765579,-0.0291878842,Technology,Security_Camera,001,Technology/Security_Camera/001.png
-9.37689209,0.186002389,Technology,Security_Camera,002,Technology/Security_Camera/002.png
-10.9368954,0.191047207,Technology,Security_Camera,003,Technology/Security_Camera/003.png
-11.1395321,0.0494143777,Technology,Security_Camera,004,Technology/Security_Camera/004.png
12.1052828,-23.4779739,Technology,Telescope,001,Technology/Telescope/001.png
11.5898151,-23.7106419,Technology,Telescope,002,Technology/Telescope/002.png
-18.7378883,-15.1014709,Textiles_Fabric,Fabric scissors,001,Textiles_Fabric/Fabric scissors/001.png
-33.6219444,16.0459328,Textiles_Fabric,Fabric scissors,002,Textiles_Fabric/Fabric scissors/002.png
18.2220287,28.4147682,Textiles_Fabric,Ironing board,001,Textiles_Fabric/Ironing board/001.png
18.6925373,27.6936703,Textiles_Fabric,Ironing board,002,Textiles_Fabric/Ironing board/002.png
-19.3653145,3.73201251,Textiles_Fabric,Loom shuttle,001,Textiles_Fabric/Loom shuttle/001.png
-19.5597858,4.06471682,Textiles_Fabric,Loom shuttle,002,Textiles_Fabric/Loom shuttle/002.png
1.25371814,21.8412666,Textiles_Fabric,Needle case,001,Textiles_Fabric/Needle case/001.png
0.785086095,22.7153816,Textiles_Fabric,Needle case,002,Textiles_Fabric/Needle case/002.png
40.6709862,7.50128365,Textiles_Fabric,Sewing machine,001,Textiles_Fabric/Sewing machine/001.png
-28.4828167,17.2093906,Textiles_Fabric,Sewing machine,002,Textiles_Fabric/Sewing machine/002.png
-16.3929501,-12.887146,Textiles_Fabric,Snap_button fastener,001,Textiles_Fabric/Snap_button fastener/001.png
-35.8445358,-9.78803349,Textiles_Fabric,Snap_button fastener,002,Textiles_Fabric/Snap_button fastener/002.png
3.87475801,19.9108868,Textiles_Fabric,Tailor's dummy,001,Textiles_Fabric/Tailor's dummy/001.png
-23.6840191,2.65437007,Textiles_Fabric,Tailor's dummy,002,Textiles_Fabric/Tailor's dummy/002.png
13.7235889,-13.9030256,Urban Environment,Caster Trolley,001,Urban Environment/Caster Trolley/001.png
15.2152653,20.586256,Urban Environment,Caster Trolley,002,Urban Environment/Caster Trolley/002.png
22.7172871,6.13161659,Urban Environment,Caster Trolley,003,Urban Environment/Caster Trolley/003.png
18.3917046,6.22129297,Urban Environment,Caster Trolley,004,Urban Environment/Caster Trolley/004.png
13.4407873,8.71756172,Urban Environment,Caster Trolley2,001,Urban Environment/Caster Trolley2/001.png
7.06155586,-24.0760021,Urban Environment,Draft Wagon,001,Urban Environment/Draft Wagon/001.png
8.90709972,-24.9518013,Urban Environment,Draft Wagon,002,Urban Environment/Draft Wagon/002.png
8.77521515,-24.9296093,Urban Environment,Draft Wagon,003,Urban Environment/Draft Wagon/003.png
-1.25792241,-11.954627,Urban Environment,Fire Extinguisher,001,Urban Environment/Fire Extinguisher/001.png
-2.60120082,-13.8119268,Urban Environment,Fire Hydrant,001,Urban Environment/Fire Hydrant/001.png
-4.04292202,-14.61516,Urban Environment,Fire Hydrant,002,Urban Environment/Fire Hydrant/002.png
12.5682058,1.83641887,Urban Environment,Fire cabinet,001,Urban Environment/Fire cabinet/001.png
13.4301119,-16.4122467,Urban Environment,Garbage bin,001,Urban Environment/Garbage bin/001.png
13.7795286,5.57821274,Urban Environment,Large Trashcan,001,Urban Environment/Large Trashcan/001.png
16.7725296,3.26094174,Urban Environment,Large Trashcan,002,Urban Environment/Large Trashcan/002.png
21.5352707,-16.1769753,Urban Environment,Mailbox,001,Urban Environment/Mailbox/001.png
23.0969353,-18.242424,Urban Environment,Mailbox,002,Urban Environment/Mailbox/002.png
19.5137672,-17.2931557,Urban Environment,Mailbox,003,Urban Environment/Mailbox/003.png
16.6082211,-19.119379,Urban Environment,Manhole cover,001,Urban Environment/Manhole cover/001.png
18.1631222,-19.4053116,Urban Environment,Manhole cover,002,Urban Environment/Manhole cover/002.png
17.472456,-19.3369846,Urban Environment,Manhole cover,003,Urban Environment/Manhole cover/003.png
16.4957943,-20.8385372,Urban Environment,Manhole cover,004,Urban Environment/Manhole cover/004.png
9.97898102,12.7955284,Urban Environment,Parking Barrier,001,Urban Environment/Parking Barrier/001.png
24.3727226,-17.8204918,Urban Environment,Phone box,001,Urban Environment/Phone box/001.png
18.3980122,2.20105958,Urban Environment,Public toilet,001,Urban Environment/Public toilet/001.png
-2.8817184,8.89993382,Urban Environment,Roof antena,001,Urban Environment/Roof antena/001.png
16.4241924,5.45493889,Urban Environment,Tilt Truck1,001,Urban Environment/Tilt Truck1/001.png
16.3958092,6.99195719,Urban Environment,Tilt Truck1,002,Urban Environment/Tilt Truck1/002.png
14.7326736,6.70395565,Urban Environment,Tilt Truck1,003,Urban Environment/Tilt Truck1/003.png
15.7747936,7.37430334,Urban Environment,Tilt Truck1,004,Urban Environment/Tilt Truck1/004.png
16.9832516,4.59416342,Urban Environment,Tilt Truck2,001,Urban Environment/Tilt Truck2/001.png
15.4518423,4.80588722,Urban Environment,Tilt Truck2,002,Urban Environment/Tilt Truck2/002.png
14.7820692,7.03701639,Urban Environment,Tilt Truck2,003,Urban Environment/Tilt Truck2/003.png
15.2659531,6.25981617,Urban Environment,Tilt Truck2,004,Urban Environment/Tilt Truck2/004.png
-11.1801481,-29.5425835,Urban Environment,Tower crane,001,Urban Environment/Tower crane/001.png
18.9575653,-12.5185795,Urban Environment,Trashcan1,001,Urban Environment/Trashcan1/001.png
19.4293613,-11.8200426,Urban Environment,Trashcan1,002,Urban Environment/Trashcan1/002.png
21.4927177,-12.7515192,Urban Environment,Trashcan2,001,Urban Environment/Trashcan2/001.png
7.89796925,-3.18621397,Urban Environment,Trashcan2,002,Urban Environment/Trashcan2/002.png
8.6070776,-3.22896934,Urban Environment,Trashcan2,003,Urban Environment/Trashcan2/003.png
16.6989155,-19.7978306,Urban Environment,Well lid,001,Urban Environment/Well lid/001.png
4.30551147,-15.9891758,Urban Environment,bucket1,001,Urban Environment/bucket1/001.png
16.6012268,-11.2051125,Urban Environment,bucket2,001,Urban Environment/bucket2/001.png
-1.14218485,7.1315403,Urban Environment,sci-fi satellite dish,001,Urban Environment/sci-fi satellite dish/001.png
21.9405136,-17.8168259,Urban Environment,utility box,001,Urban Environment/utility box/001.png
22.066618,-12.6159887,Urban Environment,utility box,002,Urban Environment/utility box/002.png
21.05937,-17.8107529,Urban Environment,utility box,003,Urban Environment/utility box/003.png
-2.26353002,-32.1740417,Urban Environment,utility box,004,Urban Environment/utility box/004.png
2.99617624,-31.1524563,Vehicle,Car_,001,Vehicle/Car_/001.png
-8.19484901,-27.5783215,Vehicle,Heavy vehicle,001,Vehicle/Heavy vehicle/001.png
-9.67480946,-27.0625477,Vehicle,Heavy vehicle,002,Vehicle/Heavy vehicle/002.png
-9.29419518,-27.3851299,Vehicle,Heavy vehicle,003,Vehicle/Heavy vehicle/003.png
5.13332653,-30.9566345,Vehicle,Sports car_,001,Vehicle/Sports car_/001.png
4.7313633,-30.6585178,Vehicle,Sports car_,002,Vehicle/Sports car_/002.png
4.6019783,-32.3640785,Vehicle,Sports car_,003,Vehicle/Sports car_/003.png
4.66657066,-32.5084038,Vehicle,Sports car_,004,Vehicle/Sports car_/004.png
26.7735748,-1.09551454,Window,Sliding window,001,Window/Sliding window/001.png
28.7482052,-1.47100878,Window,Sliding window,002,Window/Sliding window/002.png
29.3669472,-1.19886947,Window,Sliding window,003,Window/Sliding window/003.png
27.7623863,2.08028531,Window,Window,001,Window/Window/001.png
37.4036331,0.305598259,Window,Window,002,Window/Window/002.png
28.5445938,-0.136342391,Window,Window,003,Window/Window/003.png
28.3604431,-1.99028993,Window,Window,004,Window/Window/004.png
25.1093807,-1.72652733,Window,Window,005,Window/Window/005.png
32.1772575,0.618581712,Window,Window,006,Window/Window/006.png
31.3436546,-2.02776504,Window,Window,007,Window/Window/007.png
7.56089067,-12.6244793,Window,Window,008,Window/Window/008.png
25.1558456,-0.878392935,Window,Window,009,Window/Window/009.png
-8.07594204,21.7924004,Workspace,Adjustable monitor arm,001,Workspace/Adjustable monitor arm/001.png
-30.4595833,-3.07046533,Workspace,Adjustable monitor arm,002,Workspace/Adjustable monitor arm/002.png
-29.7539597,-8.41539669,Workspace,Badge_ID holder clip,001,Workspace/Badge_ID holder clip/001.png
-29.3521233,-8.61461639,Workspace,Badge_ID holder clip,002,Workspace/Badge_ID holder clip/002.png
7.61320972,31.2347641,Workspace,Drafting table,001,Workspace/Drafting table/001.png
12.5176764,32.1753998,Workspace,Drafting table,002,Workspace/Drafting table/002.png
39.7221031,10.191802,Workspace,Drafting table,003,Workspace/Drafting table/003.png
-15.8808889,-13.1309958,Workspace,Hole punch,001,Workspace/Hole punch/001.png
-30.8781357,-7.29223013,Workspace,Hole punch,002,Workspace/Hole punch/002.png
-6.56867647,20.9743233,Workspace,Laptop stand,001,Workspace/Laptop stand/001.png
-6.50240421,20.4511509,Workspace,Laptop stand,002,Workspace/Laptop stand/002.png
12.9595051,5.73102665,Workspace,Paper shredder,001,Workspace/Paper shredder/001.png
0.609813929,4.82646513,Workspace,Paper shredder,002,Workspace/Paper shredder/002.png
11.7235384,25.3533802,Workspace,Whiteboard easel,001,Workspace/Whiteboard easel/001.png
5.3885994,24.2256165,Workspace,Whiteboard easel,002,Workspace/Whiteboard easel/002.png
-0.482806444,1.71559024,Workspace,ring-blinder,001,Workspace/ring-blinder/001.png
4.94833183,23.9681606,Workspace,ring-blinder,002,Workspace/ring-blinder/002.png
