catalog_category,catalog_label,template_name,template_path,spec_path,picture_path,picture_status,mapping_source
Accessories,Cushion,Accessories_Cushion,arti-template/agent/templates/Accessories_Cushion.py,arti-template/articraft_template_authoring/specs_modular_v1/Accessories_Cushion.md,articraft_data/picture/Accessories/Cushion,yes,renamed_from_picture_path
Accessories,Glasses,Accessories_glasses,arti-template/agent/templates/Accessories_glasses.py,arti-template/articraft_template_authoring/specs_modular_v1/Accessories_glasses.md,articraft_data/picture/Accessories/glasses,yes,renamed_from_picture_path
Bag_Suitcase,Box,Bag_Suitcase_Box,arti-template/agent/templates/Bag_Suitcase_Box.py,arti-template/articraft_template_authoring/specs_modular_v1/Bag_Suitcase_Box.md,articraft_data/picture/Bag_Suitcase/Box,yes,renamed_from_picture_path
Bag_Suitcase,Luggage bag,Bag_Suitcase_Luggage_bag,arti-template/agent/templates/Bag_Suitcase_Luggage_bag.py,arti-template/articraft_template_authoring/specs_modular_v1/Bag_Suitcase_Luggage_bag.md,articraft_data/picture/Bag_Suitcase/Luggage bag,yes,renamed_from_picture_path
Bag_Suitcase,Shopping bucket,Bag_Suitcase_Shopping_bucket,arti-template/agent/templates/Bag_Suitcase_Shopping_bucket.py,arti-template/articraft_template_authoring/specs_modular_v1/Bag_Suitcase_Shopping_bucket.md,articraft_data/picture/Bag_Suitcase/Shopping bucket,yes,renamed_from_picture_path
Bag_Suitcase,Suitcase,Bag_Suitcase_Suitcase,arti-template/agent/templates/Bag_Suitcase_Suitcase.py,arti-template/articraft_template_authoring/specs_modular_v1/Bag_Suitcase_Suitcase.md,articraft_data/picture/Bag_Suitcase/Suitcase,yes,renamed_from_picture_path
Bag_Suitcase,Treasure chest,Bag_Suitcase_Treasure_chest,arti-template/agent/templates/Bag_Suitcase_Treasure_chest.py,arti-template/articraft_template_authoring/specs_modular_v1/Bag_Suitcase_Treasure_chest.md,articraft_data/picture/Bag_Suitcase/Treasure chest,yes,renamed_from_picture_path
Bar,Piano,Bar_Piano,arti-template/agent/templates/Bar_Piano.py,arti-template/articraft_template_authoring/specs_modular_v1/Bar_Piano.md,articraft_data/picture/Bar/Piano,yes,renamed_from_picture_path
Bathroom,Hair dryer,Bathroom_Hair_dryer,arti-template/agent/templates/Bathroom_Hair_dryer.py,arti-template/articraft_template_authoring/specs_modular_v1/Bathroom_Hair_dryer.md,articraft_data/picture/Bathroom/Hair dryer,yes,renamed_from_picture_path
Bathroom,Toilet,Bathroom_toilet,arti-template/agent/templates/Bathroom_toilet.py,arti-template/articraft_template_authoring/specs_modular_v1/Bathroom_toilet.md,articraft_data/picture/Bathroom/toilet,yes,renamed_from_picture_path
Bathroom,Washmachine,Bathroom_washmachine,arti-template/agent/templates/Bathroom_washmachine.py,arti-template/articraft_template_authoring/specs_modular_v1/Bathroom_washmachine.md,articraft_data/picture/Bathroom/washmachine,yes,renamed_from_picture_path
Bench,Wood Swing,Bench_Wood_Swing,arti-template/agent/templates/Bench_Wood_Swing.py,arti-template/articraft_template_authoring/specs_modular_v1/Bench_Wood_Swing.md,articraft_data/picture/Bench/Wood Swing,yes,renamed_from_picture_path
Chair,Chair,Chair_Chair,arti-template/agent/templates/Chair_Chair.py,arti-template/articraft_template_authoring/specs_modular_v1/Chair_Chair.md,articraft_data/picture/Chair/Chair,yes,renamed_from_picture_path
Chair,Folding chair,Chair_Folding_chair,arti-template/agent/templates/Chair_Folding_chair.py,arti-template/articraft_template_authoring/specs_modular_v1/Chair_Folding_chair.md,articraft_data/picture/Chair/Folding chair,yes,renamed_from_picture_path
Container,Barrel,Container_Barrel,arti-template/agent/templates/Container_Barrel.py,arti-template/articraft_template_authoring/specs_modular_v1/Container_Barrel.md,articraft_data/picture/Container/Barrel,yes,renamed_from_picture_path
Container,Basket,Container_Basket,arti-template/agent/templates/Container_Basket.py,arti-template/articraft_template_authoring/specs_modular_v1/Container_Basket.md,articraft_data/picture/Container/Basket,yes,renamed_from_picture_path
Container,Bottle,Container_Bottle,arti-template/agent/templates/Container_Bottle.py,arti-template/articraft_template_authoring/specs_modular_v1/Container_Bottle.md,articraft_data/picture/Container/Bottle,yes,renamed_from_picture_path
Container,Bottle serum,Container_Bottle_serum,arti-template/agent/templates/Container_Bottle_serum.py,arti-template/articraft_template_authoring/specs_modular_v1/Container_Bottle_serum.md,articraft_data/picture/Container/Bottle serum,yes,renamed_from_picture_path
Container,Box,Container_Box,arti-template/agent/templates/Container_Box.py,arti-template/articraft_template_authoring/specs_modular_v1/Container_Box.md,articraft_data/picture/Container/Box,yes,renamed_from_picture_path
Container,Can,Container_Can,arti-template/agent/templates/Container_Can.py,arti-template/articraft_template_authoring/specs_modular_v1/Container_Can.md,articraft_data/picture/Container/Can,yes,renamed_from_picture_path
Container,Cosmetic,Container_Cosmetic,arti-template/agent/templates/Container_Cosmetic.py,arti-template/articraft_template_authoring/specs_modular_v1/Container_Cosmetic.md,articraft_data/picture/Container/Cosmetic,yes,renamed_from_picture_path
Container,Cup,Container_Cup,arti-template/agent/templates/Container_Cup.py,arti-template/articraft_template_authoring/specs_modular_v1/Container_Cup.md,articraft_data/picture/Container/Cup,yes,renamed_from_picture_path
Container,Dispenser,Container_Dispenser,arti-template/agent/templates/Container_Dispenser.py,arti-template/articraft_template_authoring/specs_modular_v1/Container_Dispenser.md,articraft_data/picture/Container/Dispenser,yes,renamed_from_picture_path
Container,Gas cylinder,Container_Gas_cylinder,arti-template/agent/templates/Container_Gas_cylinder.py,arti-template/articraft_template_authoring/specs_modular_v1/Container_Gas_cylinder.md,articraft_data/picture/Container/Gas cylinder,yes,renamed_from_picture_path
Container,Glass bottle,Container_Glass_bottle,arti-template/agent/templates/Container_Glass_bottle.py,arti-template/articraft_template_authoring/specs_modular_v1/Container_Glass_bottle.md,articraft_data/picture/Container/Glass bottle,yes,renamed_from_picture_path
Container,Jar,Container_Jar,arti-template/agent/templates/Container_Jar.py,arti-template/articraft_template_authoring/specs_modular_v1/Container_Jar.md,articraft_data/picture/Container/Jar,yes,renamed_from_picture_path
Container,Kettle,Container_Kettle,arti-template/agent/templates/Container_Kettle.py,arti-template/articraft_template_authoring/specs_modular_v1/Container_Kettle.md,articraft_data/picture/Container/Kettle,yes,renamed_from_picture_path
Container,Laundry detergent bottle,Container_laundry_detergent_bottle,arti-template/agent/templates/Container_laundry_detergent_bottle.py,arti-template/articraft_template_authoring/specs_modular_v1/Container_laundry_detergent_bottle.md,articraft_data/picture/Container/laundry detergent bottle,yes,renamed_from_picture_path
Container,Lipstick,Container_Lipstick,arti-template/agent/templates/Container_Lipstick.py,arti-template/articraft_template_authoring/specs_modular_v1/Container_Lipstick.md,articraft_data/picture/Container/Lipstick,yes,renamed_from_picture_path
Container,Locker,Container_Locker,arti-template/agent/templates/Container_Locker.py,arti-template/articraft_template_authoring/specs_modular_v1/Container_Locker.md,articraft_data/picture/Container/Locker,yes,renamed_from_picture_path
Container,Paint spray,Container_Paint_spray,arti-template/agent/templates/Container_Paint_spray.py,arti-template/articraft_template_authoring/specs_modular_v1/Container_Paint_spray.md,articraft_data/picture/Container/Paint spray,yes,renamed_from_picture_path
Container,Plastic can,Container_Plastic_can,arti-template/agent/templates/Container_Plastic_can.py,arti-template/articraft_template_authoring/specs_modular_v1/Container_Plastic_can.md,articraft_data/picture/Container/Plastic can,yes,renamed_from_picture_path
Container,Primer bottle,Container_Primer_bottle,arti-template/agent/templates/Container_Primer_bottle.py,arti-template/articraft_template_authoring/specs_modular_v1/Container_Primer_bottle.md,articraft_data/picture/Container/Primer bottle,yes,renamed_from_picture_path
Container,Pump,Container_Pump,arti-template/agent/templates/Container_Pump.py,arti-template/articraft_template_authoring/specs_modular_v1/Container_Pump.md,articraft_data/picture/Container/Pump,yes,renamed_from_picture_path
Container,Shipping container,Container_Shipping_container,arti-template/agent/templates/Container_Shipping_container.py,arti-template/articraft_template_authoring/specs_modular_v1/Container_Shipping_container.md,articraft_data/picture/Container/Shipping container,yes,renamed_from_picture_path
Container,Tube,Container_Tube,arti-template/agent/templates/Container_Tube.py,arti-template/articraft_template_authoring/specs_modular_v1/Container_Tube.md,articraft_data/picture/Container/Tube,yes,renamed_from_picture_path
Curtain,Blind,Curtain_blind,arti-template/agent/templates/Curtain_blind.py,arti-template/articraft_template_authoring/specs_modular_v1/Curtain_blind.md,articraft_data/picture/Curtain/blind,yes,renamed_from_picture_path
Door,Door,Door_Door,arti-template/agent/templates/Door_Door.py,arti-template/articraft_template_authoring/specs_modular_v1/Door_Door.md,articraft_data/picture/Door/Door,yes,renamed_from_picture_path
Door,Double Door,Door_Double_Door,arti-template/agent/templates/Door_Double_Door.py,arti-template/articraft_template_authoring/specs_modular_v1/Door_Double_Door.md,articraft_data/picture/Door/Double Door,yes,renamed_from_picture_path
Door,Folding door,Door_folding_door,arti-template/agent/templates/Door_folding_door.py,arti-template/articraft_template_authoring/specs_modular_v1/Door_folding_door.md,articraft_data/picture/Door/folding door,yes,renamed_from_picture_path
Door,Folding gate,Door_Folding_gate,arti-template/agent/templates/Door_Folding_gate.py,arti-template/articraft_template_authoring/specs_modular_v1/Door_Folding_gate.md,articraft_data/picture/Door/Folding gate,yes,renamed_from_picture_path
Door,Garage shutter,Door_Garage_shutter,arti-template/agent/templates/Door_Garage_shutter.py,arti-template/articraft_template_authoring/specs_modular_v1/Door_Garage_shutter.md,articraft_data/picture/Door/Garage shutter,yes,renamed_from_picture_path
Door,Gate,Door_Gate,arti-template/agent/templates/Door_Gate.py,arti-template/articraft_template_authoring/specs_modular_v1/Door_Gate.md,articraft_data/picture/Door/Gate,yes,renamed_from_picture_path
Door,Other,Door_Other,arti-template/agent/templates/Door_Other.py,arti-template/articraft_template_authoring/specs_modular_v1/Door_Other.md,articraft_data/picture/Door/Other,yes,renamed_from_picture_path
Door,Scifi Gate,Door_Scifi_Gate,arti-template/agent/templates/Door_Scifi_Gate.py,arti-template/articraft_template_authoring/specs_modular_v1/Door_Scifi_Gate.md,articraft_data/picture/Door/Scifi Gate,yes,renamed_from_picture_path
Door,Sliding Door,Door_Sliding_Door,arti-template/agent/templates/Door_Sliding_Door.py,arti-template/articraft_template_authoring/specs_modular_v1/Door_Sliding_Door.md,articraft_data/picture/Door/Sliding Door,yes,renamed_from_picture_path
Door,Trap door,Door_Trap_door,arti-template/agent/templates/Door_Trap_door.py,arti-template/articraft_template_authoring/specs_modular_v1/Door_Trap_door.md,articraft_data/picture/Door/Trap door,yes,renamed_from_picture_path
Door,Wooden plank door with a ring pull,Door_wooden_plank_door_with_a_ring_pull,arti-template/agent/templates/Door_wooden_plank_door_with_a_ring_pull.py,arti-template/articraft_template_authoring/specs_modular_v1/Door_wooden_plank_door_with_a_ring_pull.md,articraft_data/picture/Door/wooden plank door with a ring pull,yes,renamed_from_picture_path
Equipment,Control panel,Equipment_Control_panel,arti-template/agent/templates/Equipment_Control_panel.py,arti-template/articraft_template_authoring/specs_modular_v1/Equipment_Control_panel.md,articraft_data/picture/Equipment/Control panel,yes,renamed_from_picture_path
Equipment,Game console,Equipment_Game_console,arti-template/agent/templates/Equipment_Game_console.py,arti-template/articraft_template_authoring/specs_modular_v1/Equipment_Game_console.md,articraft_data/picture/Equipment/Game console,yes,renamed_from_picture_path
Equipment,LED work light,Equipment_LED_work_light,arti-template/agent/templates/Equipment_LED_work_light.py,arti-template/articraft_template_authoring/specs_modular_v1/Equipment_LED_work_light.md,articraft_data/picture/Equipment/LED work light,yes,renamed_from_picture_path
Equipment,Lock,Equipment_Lock,arti-template/agent/templates/Equipment_Lock.py,arti-template/articraft_template_authoring/specs_modular_v1/Equipment_Lock.md,articraft_data/picture/Equipment/Lock,yes,renamed_from_picture_path
Equipment,Pipeline,Equipment_Pipeline,arti-template/agent/templates/Equipment_Pipeline.py,arti-template/articraft_template_authoring/specs_modular_v1/Equipment_Pipeline.md,articraft_data/picture/Equipment/Pipeline,yes,renamed_from_picture_path
Equipment,Power switch,Equipment_Power_switch,arti-template/agent/templates/Equipment_Power_switch.py,arti-template/articraft_template_authoring/specs_modular_v1/Equipment_Power_switch.md,articraft_data/picture/Equipment/Power switch,yes,renamed_from_picture_path
Equipment,Pump2,Equipment_Pump2,arti-template/agent/templates/Equipment_Pump2.py,arti-template/articraft_template_authoring/specs_modular_v1/Equipment_Pump2.md,articraft_data/picture/Equipment/Pump2,yes,renamed_from_picture_path
Facade Element,Air conditioner outdoor unit,Facade_Element_Air_conditioner_outdoor_unit,arti-template/agent/templates/Facade_Element_Air_conditioner_outdoor_unit.py,arti-template/articraft_template_authoring/specs_modular_v1/Facade_Element_Air_conditioner_outdoor_unit.md,articraft_data/picture/Facade Element/Air conditioner outdoor unit,yes,renamed_from_picture_path
Facade Element,Gutter downchain,Facade_Element_Gutter_downchain,arti-template/agent/templates/Facade_Element_Gutter_downchain.py,arti-template/articraft_template_authoring/specs_modular_v1/Facade_Element_Gutter_downchain.md,articraft_data/picture/Facade Element/Gutter downchain,yes,renamed_from_picture_path
Facade Element,Lamp1,Facade_Element_Lamp1,arti-template/agent/templates/Facade_Element_Lamp1.py,arti-template/articraft_template_authoring/specs_modular_v1/Facade_Element_Lamp1.md,articraft_data/picture/Facade Element/Lamp1,yes,renamed_from_picture_path
Fence,Cascade fences (MORE THAN 1),Fence_Cascade_fences_MORE_THAN_1,arti-template/agent/templates/Fence_Cascade_fences_MORE_THAN_1.py,arti-template/articraft_template_authoring/specs_modular_v1/Fence_Cascade_fences_MORE_THAN_1.md,articraft_data/picture/Fence/Cascade fences (MORE THAN 1),yes,renamed_from_picture_path
Fountain,Drick fountain,Fountain_Drick_fountain,arti-template/agent/templates/Fountain_Drick_fountain.py,arti-template/articraft_template_authoring/specs_modular_v1/Fountain_Drick_fountain.md,articraft_data/picture/Fountain/Drick fountain,yes,renamed_from_picture_path
Handtools,Caulking gun,Handtools_caulking_gun,arti-template/agent/templates/Handtools_caulking_gun.py,arti-template/articraft_template_authoring/specs_modular_v1/Handtools_caulking_gun.md,articraft_data/picture/Handtools/caulking gun,yes,renamed_from_picture_path
Handtools,Clamp,Handtools_Clamp,arti-template/agent/templates/Handtools_Clamp.py,arti-template/articraft_template_authoring/specs_modular_v1/Handtools_Clamp.md,articraft_data/picture/Handtools/Clamp,yes,renamed_from_picture_path
Handtools,Clothes peg,Handtools_clothes_peg,arti-template/agent/templates/Handtools_clothes_peg.py,arti-template/articraft_template_authoring/specs_modular_v1/Handtools_clothes_peg.md,articraft_data/picture/Handtools/clothes peg,yes,renamed_from_picture_path
Handtools,Dial caliper,Handtools_dial_caliper,arti-template/agent/templates/Handtools_dial_caliper.py,arti-template/articraft_template_authoring/specs_modular_v1/Handtools_dial_caliper.md,articraft_data/picture/Handtools/dial caliper,yes,renamed_from_picture_path
Handtools,Hand plane,Handtools_Hand_plane,arti-template/agent/templates/Handtools_Hand_plane.py,arti-template/articraft_template_authoring/specs_modular_v1/Handtools_Hand_plane.md,articraft_data/picture/Handtools/Hand plane,yes,renamed_from_picture_path
Handtools,Knife,Handtools_Knife,arti-template/agent/templates/Handtools_Knife.py,arti-template/articraft_template_authoring/specs_modular_v1/Handtools_Knife.md,articraft_data/picture/Handtools/Knife,yes,renamed_from_picture_path
Handtools,Pen,Handtools_Pen,arti-template/agent/templates/Handtools_Pen.py,arti-template/articraft_template_authoring/specs_modular_v1/Handtools_Pen.md,articraft_data/picture/Handtools/Pen,yes,renamed_from_picture_path
Handtools,Paint roller,Handtools_Paint_roller,arti-template/agent/templates/Handtools_Paint_roller.py,arti-template/articraft_template_authoring/specs_modular_v1/Handtools_Paint_roller.md,articraft_data/picture/Handtools/Paint roller,yes,renamed_from_picture_path
Handtools,Stapler,Handtools_Stapler,arti-template/agent/templates/Handtools_Stapler.py,arti-template/articraft_template_authoring/specs_modular_v1/Handtools_Stapler.md,articraft_data/picture/Handtools/Stapler,yes,renamed_from_picture_path
Handtools,Tool cart,Handtools_Tool_cart,arti-template/agent/templates/Handtools_Tool_cart.py,arti-template/articraft_template_authoring/specs_modular_v1/Handtools_Tool_cart.md,articraft_data/picture/Handtools/Tool cart,yes,renamed_from_picture_path
Handtools,Wooden tongs,Handtools_wooden_tongs,arti-template/agent/templates/Handtools_wooden_tongs.py,arti-template/articraft_template_authoring/specs_modular_v1/Handtools_wooden_tongs.md,articraft_data/picture/Handtools/wooden tongs,yes,renamed_from_picture_path
Handtools,Wrench,Handtools_Wrench,arti-template/agent/templates/Handtools_Wrench.py,arti-template/articraft_template_authoring/specs_modular_v1/Handtools_Wrench.md,articraft_data/picture/Handtools/Wrench,yes,renamed_from_picture_path
Headwear,Racing helmet,Headwear_Racing_helmet,arti-template/agent/templates/Headwear_Racing_helmet.py,arti-template/articraft_template_authoring/specs_modular_v1/Headwear_Racing_helmet.md,articraft_data/picture/Headwear/Racing helmet,yes,renamed_from_picture_path
Kitchen,Air fryer,Kitchen_Air_fryer,arti-template/agent/templates/Kitchen_Air_fryer.py,arti-template/articraft_template_authoring/specs_modular_v1/Kitchen_Air_fryer.md,articraft_data/picture/Kitchen/Air fryer,yes,renamed_from_picture_path
Kitchen,Coffee machine,Kitchen_Coffee_machine,arti-template/agent/templates/Kitchen_Coffee_machine.py,arti-template/articraft_template_authoring/specs_modular_v1/Kitchen_Coffee_machine.md,articraft_data/picture/Kitchen/Coffee machine,yes,renamed_from_picture_path
Kitchen,Corkscrew,Kitchen_Corkscrew,arti-template/agent/templates/Kitchen_Corkscrew.py,arti-template/articraft_template_authoring/specs_modular_v1/Kitchen_Corkscrew.md,articraft_data/picture/Kitchen/Corkscrew,yes,renamed_from_picture_path
Kitchen,Dish washer,Kitchen_Dish_washer,arti-template/agent/templates/Kitchen_Dish_washer.py,arti-template/articraft_template_authoring/specs_modular_v1/Kitchen_Dish_washer.md,articraft_data/picture/Kitchen/Dish washer,yes,renamed_from_picture_path
Kitchen,Hood,Kitchen_Hood,arti-template/agent/templates/Kitchen_Hood.py,arti-template/articraft_template_authoring/specs_modular_v1/Kitchen_Hood.md,articraft_data/picture/Kitchen/Hood,yes,renamed_from_picture_path
Kitchen,Knife set,Kitchen_Knife_set,arti-template/agent/templates/Kitchen_Knife_set.py,arti-template/articraft_template_authoring/specs_modular_v1/Kitchen_Knife_set.md,articraft_data/picture/Kitchen/Knife set,yes,renamed_from_picture_path
Kitchen,Microwave,Kitchen_Microwave,arti-template/agent/templates/Kitchen_Microwave.py,arti-template/articraft_template_authoring/specs_modular_v1/Kitchen_Microwave.md,articraft_data/picture/Kitchen/Microwave,yes,renamed_from_picture_path
Kitchen,Toaster,Kitchen_Toaster,arti-template/agent/templates/Kitchen_Toaster.py,arti-template/articraft_template_authoring/specs_modular_v1/Kitchen_Toaster.md,articraft_data/picture/Kitchen/Toaster,yes,renamed_from_picture_path
Light,Latern,Light_Latern,arti-template/agent/templates/Light_Latern.py,arti-template/articraft_template_authoring/specs_modular_v1/Light_Latern.md,articraft_data/picture/Light/Latern,yes,renamed_from_picture_path
Machinery,Watermill,Machinery_Watermill,arti-template/agent/templates/Machinery_Watermill.py,arti-template/articraft_template_authoring/specs_modular_v1/Machinery_Watermill.md,articraft_data/picture/Machinery/Watermill,yes,renamed_from_picture_path
Military,Aircraft,Military_Aircraft,arti-template/agent/templates/Military_Aircraft.py,arti-template/articraft_template_authoring/specs_modular_v1/Military_Aircraft.md,articraft_data/picture/Military/Aircraft,yes,renamed_from_picture_path
Military,Granade,Military_Granade,arti-template/agent/templates/Military_Granade.py,arti-template/articraft_template_authoring/specs_modular_v1/Military_Granade.md,articraft_data/picture/Military/Granade,yes,renamed_from_picture_path
Military,Gun,Military_Gun,arti-template/agent/templates/Military_Gun.py,arti-template/articraft_template_authoring/specs_modular_v1/Military_Gun.md,articraft_data/picture/Military/Gun,yes,renamed_from_picture_path
Military,Helicopter,Military_helicopter,arti-template/agent/templates/Military_helicopter.py,arti-template/articraft_template_authoring/specs_modular_v1/Military_helicopter.md,articraft_data/picture/Military/helicopter,yes,renamed_from_picture_path
Military,Knife,Military_knife,arti-template/agent/templates/Military_knife.py,arti-template/articraft_template_authoring/specs_modular_v1/Military_knife.md,articraft_data/picture/Military/knife,yes,renamed_from_picture_path
Military,Military knife,Military_Military_knife,arti-template/agent/templates/Military_Military_knife.py,arti-template/articraft_template_authoring/specs_modular_v1/Military_Military_knife.md,articraft_data/picture/Military/Military knife,yes,renamed_from_picture_path
Military,Radio,Military_Radio,arti-template/agent/templates/Military_Radio.py,arti-template/articraft_template_authoring/specs_modular_v1/Military_Radio.md,articraft_data/picture/Military/Radio,yes,renamed_from_picture_path
Military,Rifle,Military_Rifle,arti-template/agent/templates/Military_Rifle.py,arti-template/articraft_template_authoring/specs_modular_v1/Military_Rifle.md,articraft_data/picture/Military/Rifle,yes,renamed_from_picture_path
Military,Sword,Military_sword,arti-template/agent/templates/Military_sword.py,arti-template/articraft_template_authoring/specs_modular_v1/Military_sword.md,articraft_data/picture/Military/sword,yes,renamed_from_picture_path
Military,Tank,Military_Tank,arti-template/agent/templates/Military_Tank.py,arti-template/articraft_template_authoring/specs_modular_v1/Military_Tank.md,articraft_data/picture/Military/Tank,yes,renamed_from_picture_path
Military,Turret,Military_Turret,arti-template/agent/templates/Military_Turret.py,arti-template/articraft_template_authoring/specs_modular_v1/Military_Turret.md,articraft_data/picture/Military/Turret,yes,renamed_from_picture_path
Music,Amplifier,Music_Amplifier,arti-template/agent/templates/Music_Amplifier.py,arti-template/articraft_template_authoring/specs_modular_v1/Music_Amplifier.md,articraft_data/picture/Music/Amplifier,yes,renamed_from_picture_path
Music,CD case,Music_CD_case,arti-template/agent/templates/Music_CD_case.py,arti-template/articraft_template_authoring/specs_modular_v1/Music_CD_case.md,articraft_data/picture/Music/CD case,yes,renamed_from_picture_path
Music,Headphone,Music_Headphone,arti-template/agent/templates/Music_Headphone.py,arti-template/articraft_template_authoring/specs_modular_v1/Music_Headphone.md,articraft_data/picture/Music/Headphone,yes,renamed_from_picture_path
Music,Keyboard,Music_keyboard,arti-template/agent/templates/Music_keyboard.py,arti-template/articraft_template_authoring/specs_modular_v1/Music_keyboard.md,articraft_data/picture/Music/keyboard,yes,renamed_from_picture_path
Music,Violin case,Music_Violin_case,arti-template/agent/templates/Music_Violin_case.py,arti-template/articraft_template_authoring/specs_modular_v1/Music_Violin_case.md,articraft_data/picture/Music/Violin case,yes,renamed_from_picture_path
Music,Vocal mic,Music_Vocal_mic,arti-template/agent/templates/Music_Vocal_mic.py,arti-template/articraft_template_authoring/specs_modular_v1/Music_Vocal_mic.md,articraft_data/picture/Music/Vocal mic,yes,renamed_from_picture_path
Other,Air conditioner,Other_Air_conditioner,arti-template/agent/templates/Other_Air_conditioner.py,arti-template/articraft_template_authoring/specs_modular_v1/Other_Air_conditioner.md,articraft_data/picture/Other/Air conditioner,yes,renamed_from_picture_path
Other,Armchair,Other_armchair,arti-template/agent/templates/Other_armchair.py,arti-template/articraft_template_authoring/specs_modular_v1/Other_armchair.md,articraft_data/picture/Other/armchair,yes,renamed_from_picture_path
Other,Bedside,Other_Bedside,arti-template/agent/templates/Other_Bedside.py,arti-template/articraft_template_authoring/specs_modular_v1/Other_Bedside.md,articraft_data/picture/Other/Bedside,yes,renamed_from_picture_path
Other,Built-in oven,Other_Built_in_oven,arti-template/agent/templates/Other_Built_in_oven.py,arti-template/articraft_template_authoring/specs_modular_v1/Other_Built_in_oven.md,articraft_data/picture/Other/Built-in oven,yes,renamed_from_picture_path
Other,Cabinet,Other_Cabinet,arti-template/agent/templates/Other_Cabinet.py,arti-template/articraft_template_authoring/specs_modular_v1/Other_Cabinet.md,articraft_data/picture/Other/Cabinet,yes,renamed_from_picture_path
Other,Cauldron,Other_cauldron,arti-template/agent/templates/Other_cauldron.py,arti-template/articraft_template_authoring/specs_modular_v1/Other_cauldron.md,articraft_data/picture/Other/cauldron,yes,renamed_from_picture_path
Other,Coffin,Other_Coffin,arti-template/agent/templates/Other_Coffin.py,arti-template/articraft_template_authoring/specs_modular_v1/Other_Coffin.md,articraft_data/picture/Other/Coffin,yes,renamed_from_picture_path
Other,Folding screen,Other_Folding_screen,arti-template/agent/templates/Other_Folding_screen.py,arti-template/articraft_template_authoring/specs_modular_v1/Other_Folding_screen.md,articraft_data/picture/Other/Folding screen,yes,renamed_from_picture_path
Other,High_arc_gooseneck_faucet,Other_high_arc_gooseneck_faucet,arti-template/agent/templates/Other_high_arc_gooseneck_faucet.py,arti-template/articraft_template_authoring/specs_modular_v1/Other_high_arc_gooseneck_faucet.md,articraft_data/picture/Other/high_arc_gooseneck_faucet,yes,renamed_from_picture_path
Other,Lighter,Other_Lighter,arti-template/agent/templates/Other_Lighter.py,arti-template/articraft_template_authoring/specs_modular_v1/Other_Lighter.md,articraft_data/picture/Other/Lighter,yes,renamed_from_picture_path
Other,Metal drain,Other_Metal_drain,arti-template/agent/templates/Other_Metal_drain.py,arti-template/articraft_template_authoring/specs_modular_v1/Other_Metal_drain.md,articraft_data/picture/Other/Metal drain,yes,renamed_from_picture_path
Other,Pliers,Other_pliers,arti-template/agent/templates/Other_pliers.py,arti-template/articraft_template_authoring/specs_modular_v1/Other_pliers.md,articraft_data/picture/Other/pliers,yes,renamed_from_picture_path
Other,Scale,Other_Scale,arti-template/agent/templates/Other_Scale.py,arti-template/articraft_template_authoring/specs_modular_v1/Other_Scale.md,articraft_data/picture/Other/Scale,yes,renamed_from_picture_path
Other,Single_hole_basin_faucet,Other_single_hole_basin_faucet,arti-template/agent/templates/Other_single_hole_basin_faucet.py,arti-template/articraft_template_authoring/specs_modular_v1/Other_single_hole_basin_faucet.md,articraft_data/picture/Other/single_hole_basin_faucet,yes,renamed_from_picture_path
Other,Stove,Other_stove,arti-template/agent/templates/Other_stove.py,arti-template/articraft_template_authoring/specs_modular_v1/Other_stove.md,articraft_data/picture/Other/stove,yes,renamed_from_picture_path
Other,Switch,Other_Switch,arti-template/agent/templates/Other_Switch.py,arti-template/articraft_template_authoring/specs_modular_v1/Other_Switch.md,articraft_data/picture/Other/Switch,yes,renamed_from_picture_path
Other,TV,Other_TV,arti-template/agent/templates/Other_TV.py,arti-template/articraft_template_authoring/specs_modular_v1/Other_TV.md,articraft_data/picture/Other/TV,yes,renamed_from_picture_path
Other,Tripod Turnstile,Other_Tripod_Turnstile,arti-template/agent/templates/Other_Tripod_Turnstile.py,arti-template/articraft_template_authoring/specs_modular_v1/Other_Tripod_Turnstile.md,articraft_data/picture/Other/Tripod Turnstile,yes,renamed_from_picture_path
Other,Vent,Other_Vent,arti-template/agent/templates/Other_Vent.py,arti-template/articraft_template_authoring/specs_modular_v1/Other_Vent.md,articraft_data/picture/Other/Vent,yes,renamed_from_picture_path
Other,Water dispenser,Other_Water_dispenser,arti-template/agent/templates/Other_Water_dispenser.py,arti-template/articraft_template_authoring/specs_modular_v1/Other_Water_dispenser.md,articraft_data/picture/Other/Water dispenser,yes,renamed_from_picture_path
Other,Widespread_two_handle_faucet,Other_widespread_two_handle_faucet,arti-template/agent/templates/Other_widespread_two_handle_faucet.py,arti-template/articraft_template_authoring/specs_modular_v1/Other_widespread_two_handle_faucet.md,articraft_data/picture/Other/widespread_two_handle_faucet,yes,renamed_from_picture_path
Others,Binocular,Others_Binocular,arti-template/agent/templates/Others_Binocular.py,arti-template/articraft_template_authoring/specs_modular_v1/Others_Binocular.md,articraft_data/picture/Others/Binocular,yes,renamed_from_picture_path
Others,Blacksmith tongs,Others_blacksmith_tongs,arti-template/agent/templates/Others_blacksmith_tongs.py,arti-template/articraft_template_authoring/specs_modular_v1/Others_blacksmith_tongs.md,articraft_data/picture/Others/blacksmith tongs,yes,renamed_from_picture_path
Others,Matchbox,Others_Matchbox,arti-template/agent/templates/Others_Matchbox.py,arti-template/articraft_template_authoring/specs_modular_v1/Others_Matchbox.md,articraft_data/picture/Others/Matchbox,yes,renamed_from_picture_path
Others,Safe,Others_Safe,arti-template/agent/templates/Others_Safe.py,arti-template/articraft_template_authoring/specs_modular_v1/Others_Safe.md,articraft_data/picture/Others/Safe,yes,renamed_from_picture_path
Parts,Quick release clamp,Parts_quick_release_clamp,arti-template/agent/templates/Parts_quick_release_clamp.py,arti-template/articraft_template_authoring/specs_modular_v1/Parts_quick_release_clamp.md,articraft_data/picture/Parts/quick release clamp,yes,renamed_from_picture_path
Playground,Playground chair swing carousel,Playground_playground_chair_swing_carousel,arti-template/agent/templates/Playground_playground_chair_swing_carousel.py,arti-template/articraft_template_authoring/specs_modular_v1/Playground_playground_chair_swing_carousel.md,articraft_data/picture/Playground/playground chair swing carousel,yes,renamed_from_picture_path
Playground,Playground merry-go-round,Playground_playground_merry_go_round,arti-template/agent/templates/Playground_playground_merry_go_round.py,arti-template/articraft_template_authoring/specs_modular_v1/Playground_playground_merry_go_round.md,articraft_data/picture/Playground/playground merry-go-round,yes,renamed_from_picture_path
Playground,Seesaw,Playground_Seesaw,arti-template/agent/templates/Playground_Seesaw.py,arti-template/articraft_template_authoring/specs_modular_v1/Playground_Seesaw.md,articraft_data/picture/Playground/Seesaw,yes,renamed_from_picture_path
Playground,Swing,Playground_swing,arti-template/agent/templates/Playground_swing.py,arti-template/articraft_template_authoring/specs_modular_v1/Playground_swing.md,articraft_data/picture/Playground/swing,yes,renamed_from_picture_path
Playground,Swing circular,Playground_swing_circular,arti-template/agent/templates/Playground_swing_circular.py,arti-template/articraft_template_authoring/specs_modular_v1/Playground_swing_circular.md,articraft_data/picture/Playground/swing circular,yes,renamed_from_picture_path
Powertools,Angle grinder,Powertools_angle_grinder,arti-template/agent/templates/Powertools_angle_grinder.py,arti-template/articraft_template_authoring/specs_modular_v1/Powertools_angle_grinder.md,articraft_data/picture/Powertools/angle grinder,yes,renamed_from_picture_path
Powertools,Drill,Powertools_drill,arti-template/agent/templates/Powertools_drill.py,arti-template/articraft_template_authoring/specs_modular_v1/Powertools_drill.md,articraft_data/picture/Powertools/drill,yes,renamed_from_picture_path
Powertools,Lawn mower,Powertools_Lawn_mower,arti-template/agent/templates/Powertools_Lawn_mower.py,arti-template/articraft_template_authoring/specs_modular_v1/Powertools_Lawn_mower.md,articraft_data/picture/Powertools/Lawn mower,yes,renamed_from_picture_path
Science,Capsule,Science_Capsule,arti-template/agent/templates/Science_Capsule.py,arti-template/articraft_template_authoring/specs_modular_v1/Science_Capsule.md,articraft_data/picture/Science/Capsule,yes,renamed_from_picture_path
Science,Dental setup,Science_Dental_setup,arti-template/agent/templates/Science_Dental_setup.py,arti-template/articraft_template_authoring/specs_modular_v1/Science_Dental_setup.md,articraft_data/picture/Science/Dental setup,yes,renamed_from_picture_path
Science,First aid cabinet,Science_First_aid_cabinet,arti-template/agent/templates/Science_First_aid_cabinet.py,arti-template/articraft_template_authoring/specs_modular_v1/Science_First_aid_cabinet.md,articraft_data/picture/Science/First aid cabinet,yes,renamed_from_picture_path
Science,Microscope,Science_microscope,arti-template/agent/templates/Science_microscope.py,arti-template/articraft_template_authoring/specs_modular_v1/Science_microscope.md,articraft_data/picture/Science/microscope,yes,renamed_from_picture_path
Science,Surgical bed,Science_Surgical_bed,arti-template/agent/templates/Science_Surgical_bed.py,arti-template/articraft_template_authoring/specs_modular_v1/Science_Surgical_bed.md,articraft_data/picture/Science/Surgical bed,yes,renamed_from_picture_path
Science,Surgical chair,Science_Surgical_chair,arti-template/agent/templates/Science_Surgical_chair.py,arti-template/articraft_template_authoring/specs_modular_v1/Science_Surgical_chair.md,articraft_data/picture/Science/Surgical chair,yes,renamed_from_picture_path
Science,Syringe,Science_Syringe,arti-template/agent/templates/Science_Syringe.py,arti-template/articraft_template_authoring/specs_modular_v1/Science_Syringe.md,articraft_data/picture/Science/Syringe,yes,renamed_from_picture_path
Sign,Sign,Sign_sign,arti-template/agent/templates/Sign_sign.py,arti-template/articraft_template_authoring/specs_modular_v1/Sign_sign.md,articraft_data/picture/Sign/sign,yes,renamed_from_picture_path
Sports,Baby cycle,Sports_Baby_cycle,arti-template/agent/templates/Sports_Baby_cycle.py,arti-template/articraft_template_authoring/specs_modular_v1/Sports_Baby_cycle.md,articraft_data/picture/Sports/Baby cycle,yes,renamed_from_picture_path
Sports,Bike,Sports_Bike,arti-template/agent/templates/Sports_Bike.py,arti-template/articraft_template_authoring/specs_modular_v1/Sports_Bike.md,articraft_data/picture/Sports/Bike,yes,renamed_from_picture_path
Sports,Carabiner,Sports_Carabiner,arti-template/agent/templates/Sports_Carabiner.py,arti-template/articraft_template_authoring/specs_modular_v1/Sports_Carabiner.md,articraft_data/picture/Sports/Carabiner,yes,renamed_from_picture_path
Sports,Dumble,Sports_Dumble,arti-template/agent/templates/Sports_Dumble.py,arti-template/articraft_template_authoring/specs_modular_v1/Sports_Dumble.md,articraft_data/picture/Sports/Dumble,yes,renamed_from_picture_path
Sports,Exercise bike,Sports_Exercise_bike,arti-template/agent/templates/Sports_Exercise_bike.py,arti-template/articraft_template_authoring/specs_modular_v1/Sports_Exercise_bike.md,articraft_data/picture/Sports/Exercise bike,yes,renamed_from_picture_path
Sports,Fidget Spinner,Sports_Fidget_Spinner,arti-template/agent/templates/Sports_Fidget_Spinner.py,arti-template/articraft_template_authoring/specs_modular_v1/Sports_Fidget_Spinner.md,articraft_data/picture/Sports/Fidget Spinner,yes,renamed_from_picture_path
Sports,Game console,Sports_game_console,arti-template/agent/templates/Sports_game_console.py,arti-template/articraft_template_authoring/specs_modular_v1/Sports_game_console.md,articraft_data/picture/Sports/game console,yes,renamed_from_picture_path
Sports,Karting,Sports_Karting,arti-template/agent/templates/Sports_Karting.py,arti-template/articraft_template_authoring/specs_modular_v1/Sports_Karting.md,articraft_data/picture/Sports/Karting,yes,renamed_from_picture_path
Sports,Roller scates,Sports_Roller_scates,arti-template/agent/templates/Sports_Roller_scates.py,arti-template/articraft_template_authoring/specs_modular_v1/Sports_Roller_scates.md,articraft_data/picture/Sports/Roller scates,yes,renamed_from_picture_path
Sports,Scooter Racer,Sports_Scooter_Racer,arti-template/agent/templates/Sports_Scooter_Racer.py,arti-template/articraft_template_authoring/specs_modular_v1/Sports_Scooter_Racer.md,articraft_data/picture/Sports/Scooter Racer,yes,renamed_from_picture_path
Sports,Skateboard,Sports_Skateboard,arti-template/agent/templates/Sports_Skateboard.py,arti-template/articraft_template_authoring/specs_modular_v1/Sports_Skateboard.md,articraft_data/picture/Sports/Skateboard,yes,renamed_from_picture_path
Sports,Skincare Roller,Sports_Skincare_Roller,arti-template/agent/templates/Sports_Skincare_Roller.py,arti-template/articraft_template_authoring/specs_modular_v1/Sports_Skincare_Roller.md,articraft_data/picture/Sports/Skincare Roller,yes,renamed_from_picture_path
Sports,Table football,Sports_Table_football,arti-template/agent/templates/Sports_Table_football.py,arti-template/articraft_template_authoring/specs_modular_v1/Sports_Table_football.md,articraft_data/picture/Sports/Table football,yes,renamed_from_picture_path
Sports,Toy car,Sports_Toy_car,arti-template/agent/templates/Sports_Toy_car.py,arti-template/articraft_template_authoring/specs_modular_v1/Sports_Toy_car.md,articraft_data/picture/Sports/Toy car,yes,renamed_from_picture_path
Stairs,Escalator,Stairs_Escalator,arti-template/agent/templates/Stairs_Escalator.py,arti-template/articraft_template_authoring/specs_modular_v1/Stairs_Escalator.md,articraft_data/picture/Stairs/Escalator,yes,renamed_from_picture_path
Stationary,Calculater,Stationary_Calculater,arti-template/agent/templates/Stationary_Calculater.py,arti-template/articraft_template_authoring/specs_modular_v1/Stationary_Calculater.md,articraft_data/picture/Stationary/Calculater,yes,renamed_from_picture_path
Stationary,Clip,Stationary_Clip,arti-template/agent/templates/Stationary_Clip.py,arti-template/articraft_template_authoring/specs_modular_v1/Stationary_Clip.md,articraft_data/picture/Stationary/Clip,yes,renamed_from_picture_path
Stationary,Clipboard,Stationary_Clipboard,arti-template/agent/templates/Stationary_Clipboard.py,arti-template/articraft_template_authoring/specs_modular_v1/Stationary_Clipboard.md,articraft_data/picture/Stationary/Clipboard,yes,renamed_from_picture_path
Stationary,Folder,Stationary_Folder,arti-template/agent/templates/Stationary_Folder.py,arti-template/articraft_template_authoring/specs_modular_v1/Stationary_Folder.md,articraft_data/picture/Stationary/Folder,yes,renamed_from_picture_path
Stationary,Pen,Stationary_Pen,arti-template/agent/templates/Stationary_Pen.py,arti-template/articraft_template_authoring/specs_modular_v1/Stationary_Pen.md,articraft_data/picture/Stationary/Pen,yes,renamed_from_picture_path
Stationary,Pencil sharpener,Stationary_Pencil_sharpener,arti-template/agent/templates/Stationary_Pencil_sharpener.py,arti-template/articraft_template_authoring/specs_modular_v1/Stationary_Pencil_sharpener.md,articraft_data/picture/Stationary/Pencil sharpener,yes,renamed_from_picture_path
Stationary,Scissors,Stationary_Scissors,arti-template/agent/templates/Stationary_Scissors.py,arti-template/articraft_template_authoring/specs_modular_v1/Stationary_Scissors.md,articraft_data/picture/Stationary/Scissors,yes,renamed_from_picture_path
Structure,Elevator,Structure_Elevator,arti-template/agent/templates/Structure_Elevator.py,arti-template/articraft_template_authoring/specs_modular_v1/Structure_Elevator.md,articraft_data/picture/Structure/Elevator,yes,renamed_from_picture_path
Urban Environment,Bucket1,Urban_Environment_bucket1,arti-template/agent/templates/Urban_Environment_bucket1.py,arti-template/articraft_template_authoring/specs_modular_v1/Urban_Environment_bucket1.md,articraft_data/picture/Urban Environment/bucket1,yes,renamed_from_picture_path
Urban Environment,Bucket2,Urban_Environment_bucket2,arti-template/agent/templates/Urban_Environment_bucket2.py,arti-template/articraft_template_authoring/specs_modular_v1/Urban_Environment_bucket2.md,articraft_data/picture/Urban Environment/bucket2,yes,renamed_from_picture_path
Urban Environment,Caster Trolley,Urban_Environment_Caster_Trolley,arti-template/agent/templates/Urban_Environment_Caster_Trolley.py,arti-template/articraft_template_authoring/specs_modular_v1/Urban_Environment_Caster_Trolley.md,articraft_data/picture/Urban Environment/Caster Trolley,yes,renamed_from_picture_path
Urban Environment,Caster Trolley2,Urban_Environment_Caster_Trolley2,arti-template/agent/templates/Urban_Environment_Caster_Trolley2.py,arti-template/articraft_template_authoring/specs_modular_v1/Urban_Environment_Caster_Trolley2.md,articraft_data/picture/Urban Environment/Caster Trolley2,yes,renamed_from_picture_path
Urban Environment,Draft Wagon,Urban_Environment_Draft_Wagon,arti-template/agent/templates/Urban_Environment_Draft_Wagon.py,arti-template/articraft_template_authoring/specs_modular_v1/Urban_Environment_Draft_Wagon.md,articraft_data/picture/Urban Environment/Draft Wagon,yes,renamed_from_picture_path
Urban Environment,Fire Extinguisher,Urban_Environment_Fire_Extinguisher,arti-template/agent/templates/Urban_Environment_Fire_Extinguisher.py,arti-template/articraft_template_authoring/specs_modular_v1/Urban_Environment_Fire_Extinguisher.md,articraft_data/picture/Urban Environment/Fire Extinguisher,yes,renamed_from_picture_path
Urban Environment,Fire Hydrant,Urban_Environment_Fire_Hydrant,arti-template/agent/templates/Urban_Environment_Fire_Hydrant.py,arti-template/articraft_template_authoring/specs_modular_v1/Urban_Environment_Fire_Hydrant.md,articraft_data/picture/Urban Environment/Fire Hydrant,yes,renamed_from_picture_path
Urban Environment,Fire cabinet,Urban_Environment_Fire_cabinet,arti-template/agent/templates/Urban_Environment_Fire_cabinet.py,arti-template/articraft_template_authoring/specs_modular_v1/Urban_Environment_Fire_cabinet.md,articraft_data/picture/Urban Environment/Fire cabinet,yes,renamed_from_picture_path
Urban Environment,Garbage bin,Urban_Environment_Garbage_bin,arti-template/agent/templates/Urban_Environment_Garbage_bin.py,arti-template/articraft_template_authoring/specs_modular_v1/Urban_Environment_Garbage_bin.md,articraft_data/picture/Urban Environment/Garbage bin,yes,renamed_from_picture_path
Urban Environment,Large Trashcan,Urban_Environment_Large_Trashcan,arti-template/agent/templates/Urban_Environment_Large_Trashcan.py,arti-template/articraft_template_authoring/specs_modular_v1/Urban_Environment_Large_Trashcan.md,articraft_data/picture/Urban Environment/Large Trashcan,yes,renamed_from_picture_path
Urban Environment,Mailbox,Urban_Environment_Mailbox,arti-template/agent/templates/Urban_Environment_Mailbox.py,arti-template/articraft_template_authoring/specs_modular_v1/Urban_Environment_Mailbox.md,articraft_data/picture/Urban Environment/Mailbox,yes,renamed_from_picture_path
Urban Environment,Manhole cover,Urban_Environment_Manhole_cover,arti-template/agent/templates/Urban_Environment_Manhole_cover.py,arti-template/articraft_template_authoring/specs_modular_v1/Urban_Environment_Manhole_cover.md,articraft_data/picture/Urban Environment/Manhole cover,yes,renamed_from_picture_path
Urban Environment,Phone box,Urban_Environment_Phone_box,arti-template/agent/templates/Urban_Environment_Phone_box.py,arti-template/articraft_template_authoring/specs_modular_v1/Urban_Environment_Phone_box.md,articraft_data/picture/Urban Environment/Phone box,yes,renamed_from_picture_path
Urban Environment,Public toilet,Urban_Environment_Public_toilet,arti-template/agent/templates/Urban_Environment_Public_toilet.py,arti-template/articraft_template_authoring/specs_modular_v1/Urban_Environment_Public_toilet.md,articraft_data/picture/Urban Environment/Public toilet,yes,renamed_from_picture_path
Urban Environment,Public toilet,Urban_Environment_Public_toilet1,arti-template/agent/templates/Urban_Environment_Public_toilet1.py,arti-template/articraft_template_authoring/specs_modular_v1/Urban_Environment_Public_toilet1.md,articraft_data/picture/Urban Environment/Public toilet,yes,user_special_public_toilet1
Urban Environment,Roof antena,Urban_Environment_Roof_antena,arti-template/agent/templates/Urban_Environment_Roof_antena.py,arti-template/articraft_template_authoring/specs_modular_v1/Urban_Environment_Roof_antena.md,articraft_data/picture/Urban Environment/Roof antena,yes,renamed_from_picture_path
Urban Environment,Sci-fi satellite dish,Urban_Environment_sci_fi_satellite_dish,arti-template/agent/templates/Urban_Environment_sci_fi_satellite_dish.py,arti-template/articraft_template_authoring/specs_modular_v1/Urban_Environment_sci_fi_satellite_dish.md,articraft_data/picture/Urban Environment/sci-fi satellite dish,yes,renamed_from_picture_path
Urban Environment,Tipping Barrow,Urban_Environment_Tipping_Barrow,arti-template/agent/templates/Urban_Environment_Tipping_Barrow.py,arti-template/articraft_template_authoring/specs_modular_v1/Urban_Environment_Tipping_Barrow.md,articraft_data/picture/Urban Environment/Tipping Barrow,yes,renamed_from_picture_path
Urban Environment,Trashcan1,Urban_Environment_Trashcan1,arti-template/agent/templates/Urban_Environment_Trashcan1.py,arti-template/articraft_template_authoring/specs_modular_v1/Urban_Environment_Trashcan1.md,articraft_data/picture/Urban Environment/Trashcan1,yes,renamed_from_picture_path
Urban Environment,Trashcan2,Urban_Environment_Trashcan2,arti-template/agent/templates/Urban_Environment_Trashcan2.py,arti-template/articraft_template_authoring/specs_modular_v1/Urban_Environment_Trashcan2.md,articraft_data/picture/Urban Environment/Trashcan2,yes,renamed_from_picture_path
Urban Environment,Utility box,Urban_Environment_utility_box,arti-template/agent/templates/Urban_Environment_utility_box.py,arti-template/articraft_template_authoring/specs_modular_v1/Urban_Environment_utility_box.md,articraft_data/picture/Urban Environment/utility box,yes,renamed_from_picture_path
Urban Environment,Well lid,Urban_Environment_Well_lid,arti-template/agent/templates/Urban_Environment_Well_lid.py,arti-template/articraft_template_authoring/specs_modular_v1/Urban_Environment_Well_lid.md,articraft_data/picture/Urban Environment/Well lid,yes,renamed_from_picture_path
Vehicle,Sports car_,Vehicle_Sports_car,arti-template/agent/templates/Vehicle_Sports_car.py,arti-template/articraft_template_authoring/specs_modular_v1/Vehicle_Sports_car.md,articraft_data/picture/Vehicle/Sports car_,yes,renamed_from_picture_path
Window,Sliding window,Window_Sliding_window,arti-template/agent/templates/Window_Sliding_window.py,arti-template/articraft_template_authoring/specs_modular_v1/Window_Sliding_window.md,articraft_data/picture/Window/Sliding window,yes,renamed_from_picture_path
Window,Window,Window_Window,arti-template/agent/templates/Window_Window.py,arti-template/articraft_template_authoring/specs_modular_v1/Window_Window.md,articraft_data/picture/Window/Window,yes,renamed_from_picture_path
