序号,模板名,理论组合数/公式（按规格原文）,口径,状态
1,Accessories_Cushion,"总组合数：case_footprint(3) × lid_mechanism(3) × interior(3) × pan_count 采样数(3，即 {1,2,3}) = **81**。 | 仅 lid_mechanism(3) × interior(3) = **9**（含 1×REVOLUTE / 2×REVOLUTE / PRISMATIC × 无 / PRISMATIC / REVOLUTE 的 joint 拓扑组合）≈ 已接近门控；叠 footprint(3) → 27 ≥ 10 已稳过，叠 N 后充裕。",N计入 raw；palette/连续尺寸不计入,explicit
2,Accessories_glasses,"总组合数:Slot A(7) × Slot B(2) × Slot C(3) = **42**. | Minus compatibility exclusions: wraparound_shield (1 of 7 in A) forces Slot B to the degenerate internal-nose form (counts as 1 effective B), so it contributes 1×3 = 3 instead of 2×3 = 6 → effective combos = 6×2×3 + 1×1×3 = 36 + 3 = **39 distinct topology classes** (well above the gate). side_count is fixed 2 → no multiplicity multiplier.",N计入 raw；palette/连续尺寸不计入,explicit
3,Bag_Suitcase_Box,= 6 × 5 × 4 × 3 × 3 × 6 = **6480**（gating 后仍 ≫ 10）。 | lid_closure(6) × body_form(5) × wall_style(4) × handle_style(3) × latch_style(≈3 有效，受 gating) × interior(6),N计入 raw；palette/连续尺寸不计入,explicit
4,Bag_Suitcase_Luggage_bag,"body_opening(3) × wheel_system(2) × handle_system(2) × wheel_count 采样数(3，即 {2,3,4}) = **36**（≫ 10）。 | source map 预审（不含 multiplicity）：body_opening(3) × wheel_system(2) × handle_system(2) = **12 ≥ 10 ✓**。叠 wheel_count(3) → 36 充裕。",N计入 raw；palette/连续尺寸不计入,explicit
5,Bag_Suitcase_Shopping_bucket,总组合数：body_form(6) × wall_style(3) × handle(4) × lid_closure(5) × interior(3) × N采样数(8，即 {1..8}) = **8640**。 | 仅 body_form × lid_closure = **30 ≥ 10** 已可过门控；叠 N 与其余轴后充裕。,N计入 raw；palette/连续尺寸不计入,explicit
6,Bag_Suitcase_Suitcase,closure_mechanism(3) × handle_system(2) × reinforcement(2) × lid_profile(2) × internal_structure(2) = **48**（gating 后仍 ≫ 10，见兼容矩阵）。 | 总组合数（不含 palette、不含连续 scale）：,N计入 raw；palette/连续尺寸不计入,explicit
7,Bag_Suitcase_Treasure_chest,"lid_profile(3) × lock_mechanism(2) × banding(2) × band_count 采样数(5，即 {2,3,4,5,6}) = **60**。 | 仅 lid_profile(3) × lock_mechanism(2) = **6**；叠 banding(2) → 12 ≥ 10 已稳过；叠 band_count(5) → 60 充裕。",N计入 raw；palette/连续尺寸不计入,explicit
8,Bar_Piano,"- Slot A = 4 (grand, upright, baby_grand, spinet) | - Slot B = 3 (standard, split_top_lid, sliding_fallboard) — but family-gated",N计入 raw；palette/连续尺寸不计入,explicit
9,Bathroom_Hair_dryer,总组合数：Slot A(4) × Slot B(3) × Slot C(3) = **36** 个 slot/module 组合（≥10 ✓）。 | - rear_intake_filter 直接改变 part 数与关节：fixed = 0 后置关节；twist = +1 `rear_grille` part + REVOLUTE(+X)；hinged = +1 `lint_screen` part + REVOLUTE(+Y)。,N计入 raw；palette/连续尺寸不计入,explicit
10,Bathroom_toilet,body(3) × flush(3) × seat(2)；合法组合约 12（pull_chain 仅适配 two_piece）,N计入 raw；palette/连续尺寸不计入,inferred
11,Bathroom_washmachine,"总组合数：Slot A(3) × Slot B(3) × Slot C(2) × Slot D(2) = **36** distinct topology combinations. | - Slot B alone changes the joint count (touch = 0 continuous dial joints, single = 1, twin = 2).",N计入 raw；palette/连续尺寸不计入,explicit
12,Bench_Wood_Swing,support_frame(5) × suspension(6) × bench_body(3) × canopy(3) = 270 nominal（兼容后略少）,N计入 raw；palette/连续尺寸不计入,inferred
13,Chair_Chair,core: base_support(6) × backrest(2) × seat_plan(2) = 24；raw 含 caster/radial N 约 56,N计入 raw；palette/连续尺寸不计入,inferred
14,Chair_Folding_chair,**fold(5) × seat(9) × frame(2 原语族) × accessory(5) = 450**。 | 仅 fold × seat = 5 × 9 = **45 ≥ 10** ✓（即使忽略 frame/accessory 也充裕过门）。,N计入 raw；palette/连续尺寸不计入,explicit
15,Container_Barrel,总组合数：body_form(5) × closure(3) × grip(3) = **45**（rib_count / lobe_count 为 body-visual 纹理 N，不计入 topology distinct）。 | 仅 body_form × closure = **15 ≥ 10** 已可过门控；叠 grip 后充裕（45）。,N计入 raw；palette/连续尺寸不计入,explicit
16,Container_Basket,"总组合数：body_form(5) × lid_closure(3) × lid_grip(6) × wall_weave(5) = **450**。 | （叠 side_handle_count multiplicity {0,2}，且 N=2 仅 4/5 body_form 合法 → 组合再放大，>>450。）",N计入 raw；palette/连续尺寸不计入,explicit
17,Container_Bottle,"总组合数：body_form(6) × closure(5) × seal(3) = 90 distinct (slot, module) tuples | 之外的拓扑等价类（body_form × closure 决定 part-tree/joint topology）= 30 distinct.",N计入 raw；palette/连续尺寸不计入,explicit
18,Container_Bottle_serum,"总组合数：body_shape(6) × closure(6) = **36 distinct (body_shape, closure) 组合**。 | （无 multiplicity 轴，N=1。）",N计入 raw；palette/连续尺寸不计入,explicit
19,Container_Box,总组合数：closure_mechanism(6) × interior_structure(4) × wall_surface(3) = **72** 基础结构组合。 | 仅 closure_mechanism × interior_structure = **24 ≥ 10** 已可过门控；叠 wall_surface(72) + divider N 后充裕。,N计入 raw；palette/连续尺寸不计入,explicit
20,Container_Can,总组合数：body_shape(5) × closure(4) = **20**（无 multiplicity，N=1）。 | 理由：body_shape(5) × closure(4) 笛卡尔积即 20 distinct，>10。closure 引入 PRISMATIC（lift_off / press_fit）/ CONTINUOUS+PRISMATIC（screw 2 joint + massless carrier）/ REVOLUTE +X（hinge）三种 joint 拓扑 + 不同 part count（lid=1 / cap+carrier=2），是真实结构差异；body_shape 在圆筒 / 锥圆 tub / 方 / 六棱 / 扁矩之间改 root mesh primitive（extrude-circle / loft / box+shell / polygon(6) / box+fillet）+ 截面足迹，也是真实结构差异。slot_choices 编入两轴。8 个 fork 变体已实地验证 screw / hinge 在每种 body 上的口部硬件可落，20 格基本全合法（少量 conditional 适配见下）。,N计入 raw；palette/连续尺寸不计入,explicit
21,Container_Cosmetic,"总组合数：case_footprint(3) × closure_mechanism(3) × pan_count(N 采样档，取 ~6 个代表档 {4,6,8,9,12,16/24}) = 3 × 3 × 6 = **54**。 | （仅 case_footprint × closure_mechanism = **9**；叠 pan_count N 档后 ≫ 10。）",N计入 raw；palette/连续尺寸不计入,explicit
22,Container_Cup,"总组合数：body_form(4) × lid_closure(4) × handle_grip(4) = **64** 结构组合 × wall_pattern N 采样（≥3 distinct 已覆盖，产品域 [6,60] 远多）。 | 仅 body_form × lid_closure = **16 ≥ 10** 已可过门控；叠 handle_grip 后 64，再叠 N 充裕。",N计入 raw；palette/连续尺寸不计入,explicit
23,Container_Dispenser,总组合数：body_form(5) × pump_head(4) × neck_collar(2) × dip_tube(2) = **80**。 | 仅 body_form × pump_head = **20 ≥ 10** 已可过门控；叠 neck_collar × dip_tube ×4 后充裕（80）。,N计入 raw；palette/连续尺寸不计入,explicit
24,Container_Gas_cylinder,"总组合数：top_guard(4) × valve_closure(3) × base(3) = **36** 基础组合。 | 叠 cage_bar_count multiplicity（仅 vented_cage_shroud 激活，N∈{3..12} 取 ~6 个有效采样档）：vented_cage_shroud 一格 × 3 × 3 × ~6 N = 54 cage 组合；其余 3 个 top_guard × 3 × 3 = 27 非 cage 组合 → **总 ≈ 81** distinct 拓扑组合（再叠 n_feet_base 的 foot_count{3,4} 次级 × ~6 base=n_feet 组合 → 更多）。",N计入 raw；palette/连续尺寸不计入,explicit
25,Container_Glass_bottle,总组合数：bottle_body_profile(7) × closure_mechanism(7) = **49**。 | 仅此二轴笛卡尔积 = **49 ≥ 10** 已充裕过门控（无 multiplicity 轴需叠加）。,N计入 raw；palette/连续尺寸不计入,explicit
26,Container_Jar,总组合数：body_form(6) × lid_closure(5) × seal_interior(3) = **90**。 | 仅 body_form × lid_closure = **30 ≥ 10** 已可过门控；叠 seal_interior 后充裕。,N计入 raw；palette/连续尺寸不计入,explicit
27,Container_Kettle,总组合数（笛卡尔积上界）：body_form(4) × handle(4) × lid_closure(4) × base_heating(3) = **192**。 | 仅 handle(4) × lid_closure(4) = **16 ≥ 10** 已可过门控；叠 body_form × base_heating 后充裕。,N计入 raw；palette/连续尺寸不计入,explicit
28,Container_laundry_detergent_bottle,总组合数：body_shape(4) × handle_grip(3) × closure(3) = **36**。 | 仅 body_shape × closure = 4×3 = **12 ≥ 10** 已可过门控；叠 handle_grip 后 36 充裕。,N计入 raw；palette/连续尺寸不计入,explicit
29,Container_Lipstick,- **合法组合合计 = 24 + 4 = 28**。 | - 笛卡尔积上界 = body_form(4) × dispense_mech(3) × cap_closure(3) = 36。,N计入 raw；palette/连续尺寸不计入,explicit
30,Container_Locker,"总组合数：closure_mechanism(4) × door_surface(4) × latch_mechanism(3) × bank_count(N∈[2,8]=7) = 4 × 4 × 3 × 7 = **336**。 | （door_surface 在 roll_down_shutter 下退化 → closure=shutter 时 door_surface 不增量；保守去重后 slot 组合 ≈ (3 closure × 4 surface + 1 shutter) × 3 latch = 13 × 3 = 39 distinct 门面×机构×锁，再 × 7 N = 273。无论按哪种口径都 ≫ 10。）",N计入 raw；palette/连续尺寸不计入,explicit
31,Container_Paint_spray,总组合数：closure_cap(4) × actuator(4) × body_section(3) = **48**。 | 仅 closure_cap × actuator = **16 ≥ 10** 已可过门控；叠 body_section 后充裕（48）。,N计入 raw；palette/连续尺寸不计入,explicit
32,Container_Plastic_can,总组合数：body_form(4) × handle_grip(6) × cap_closure(3) = **72**。 | （保守计 3 distinct shape 家族：3 × 6 × 3 = **54 ≥ 10** 仍充裕。）,N计入 raw；palette/连续尺寸不计入,explicit
33,Container_Primer_bottle,"总组合数：body_form(4) × closure_mechanism(7) = **28**。 | 理由：body_form(4) × closure_mechanism(7) = 28 distinct ≫ 10。closure_mechanism 引入 5 种 joint 拓扑（PRISMATIC −Z 顶压 ×3 由 part 几何区分 / PRISMATIC +Z 抽出 / REVOLUTE +X 横轴 ×2 由摆臂vs翻盖区分 / REVOLUTE +Z 立轴），且 part count / body-inline 固定 visual 不同（lever +fork+housing、flip +cap_base、dropper 4 子 visual、twist +16 grip rib），是真实结构差异。body_form 在 filleted-rect / near-sharp rect / circle / ellipse 间换主体 primitive + 收肩 loft 截面族 + neck bore 截面，是真实横截面拓扑差异。slot_choices 编入两轴 `(body_form, closure_mechanism)`。",N计入 raw；palette/连续尺寸不计入,explicit
34,Container_Pump,总组合数：body_profile(4) × dispenser_head(7) = **28**（palette_style 是 palette，不计组合）。,N计入 raw；palette/连续尺寸不计入,explicit
35,Container_Shipping_container,"总组合数：door_closure(5) × roof_top(3) × wall_surface(3) = **45**（slot 笛卡尔积下界）。 | 叠 door_count multiplicity（swing 门族 3 个 module × N∈{1,2,3,4} 在 swing 内放大）后采样空间更大：仅 swing 门族即 3×4=12 个 (module,N) 拓扑变体，全轴 (12 swing 变体 + roll_up + side_access) × roof(3) × wall(3) = **126** 个 distinct 拓扑等价类。",N计入 raw；palette/连续尺寸不计入,explicit
36,Container_Tube,总组合数：body_footprint(5) × closure_mechanism(8) = **40**。 | 仅 body_footprint × closure_mechanism = **40 ≥ 10** 已充裕过门控（无第三轴；palette_style 是 palette 不计）。,N计入 raw；palette/连续尺寸不计入,explicit
37,Curtain_blind,"= horizontal_venetian × single_stack × slat_count{12,...,40 加权≈4 档} = 4 | + vertical_vanes × {single_stack, center_split} × vane_count{4 档} = 8",N计入 raw；palette/连续尺寸不计入,explicit
38,Door_Door,"合计合法 (leaf_style,hardware,N) 拓扑等价类 ≈ 14 + 24 = 38（>> 10） | 朴素上限：5 × 4 = 20（不含 N）。",N计入 raw；palette/连续尺寸不计入,explicit
39,Door_Double_Door,"总组合数：Slot A (8) × Slot B (5) × Slot C (3) = **120** legal-before-gating, minus | combined ≈ 120 × 3 = **360**. Even after compatibility pruning",N计入 raw；palette/连续尺寸不计入,explicit
40,Door_folding_door,"总组合数：infill(5) × kinematics(2) × track(3) × distinct-N(采样, ≥10) = **5×2×3 = 30 个 slot 组合**，再乘 N 采样多样性。仅 infill(5)×distinct-N(4 已有样本) = 20 ≥ 10 已过。",N计入 raw；palette/连续尺寸不计入,explicit
41,Door_Folding_gate,"- linear_concertina spine：lattice_pattern ∈ {single_diamond, bare_pantograph}（solid_panels 互斥）= 2 × endpost_lock 2 × guide_track 2 = **8** | - accordion_hinge spine：lattice_pattern 必为 solid_panels = 1 × endpost_lock 2 × guide_track 2 = **4**",N计入 raw；palette/连续尺寸不计入,explicit
42,Door_Garage_shutter,"总组合数：Slot N(panel-stack distinct 取 {3,6,10,14} 计 4，加 single_tilt_up 的 N=1) × Slot TYPE × Slot SURFACE × Slot WINDOW × Slot FRAME。 | - panel-stack 主域（TYPE=sectional_telescoping）：N(4 distinct, 实际可到全程 [3,14]) × SURFACE(4) × WINDOW(2) × FRAME(2) = 64 distinct topology classes（按 distinct N 计；按全 N 范围更多）。",N计入 raw；palette/连续尺寸不计入,explicit
43,Door_Gate,Slot A(3) × Slot B(3) × Slot C(2) × Slot D(2) = **36** 个 module 组合。 | 计入 multiplicity：double N∈{5..11}=7 distinct、single N∈{10..22}=13 distinct（各按 Slot D 选）；topology-equivalence 上以“slot 组合 × N 桶”计，约 36 个 slot 组合再叉乘若干 N 桶 ≫ 100。,N计入 raw；palette/连续尺寸不计入,explicit
44,Door_Other,"合法 cell 合计 ≈ **10 cells**（3 + 4 + 3），叠加三条 multiplicity 轴后拓扑变体 **≈ 40+**。 | Slot C = {glazed_lite, solid_panel, louvered} = 1 × 3 = **3 cells**",N计入 raw；palette/连续尺寸不计入,explicit
45,Door_Scifi_Gate,合计 ≈ 9 + 6 + 24 + 12 + 12 = 63 distinct topology classes（保守，未含 palette × continuous scale） | → 兼容 motif≈3（cosine/zigzag/flat）× surround 3 × 1 = 9,N计入 raw；palette/连续尺寸不计入,explicit
46,Door_Sliding_Door,infill(4) × track_style(2) × distinct-N(5) = 40 ≥ 10 ✓ | 总组合数（结构槽，未计连续 scale 与 palette）：,N计入 raw；palette/连续尺寸不计入,explicit
47,Door_Trap_door,- single_revolute_flap × round × 4 grips × 2 supports = 8 | - double_bifold × round × cross_wheel only × flush_collar only = 1,N计入 raw；palette/连续尺寸不计入,explicit
48,Door_wooden_plank_door_with_a_ring_pull,Slot A=4 × Slot B=4 × Slot C=4 × Slot D=3 × Slot E=3 × Slot F=2 = **1152** 种 slot 组合。 | 总组合数（仅 on-disk converged candidates，合法化前；gap-fill 后 C=2→4、D=2→3）：,N计入 raw；palette/连续尺寸不计入,explicit
49,Equipment_Control_panel,"总组合数：`4 mount × 5 control × 4 readout = 80` 基础结构组合；再乘 `button_count` 轴（`round_push_buttons` 分支 N∈[2,12] = 11 档）与 `switch_count` 轴（`toggle_switch_bank` 分支 N∈[2,6] = 5 档），总 seed domain ≫ 80 ≫ 10。",N计入 raw；palette/连续尺寸不计入,explicit
50,Equipment_Game_console,"总组合数：`4 body × 4 control × N(采样域 [1,6], 取保守 3 档) = 48`。仅 body×control 基础拓扑已 `4 × 4 = 16`，叠加 station N 轴进一步放大。",N计入 raw；palette/连续尺寸不计入,explicit
51,Equipment_LED_work_light,总组合数（结构槽）：`4 mount × 3 head × 3 panel = 36` distinct 结构组合。叠加 `led_count` 取样（保守下界 3 个 N，仅 rect_flood）：`36 + (rect_flood 分支 × 额外 N 样本) ≈ 108`（与 source map 预审一致）。,N计入 raw；palette/连续尺寸不计入,explicit
52,Equipment_Lock,未写总组合式；Topology target：1000-seed slot choice tuple distinct 富类别建议 ≥300（report-only）；本类别因 family gate（keyed/combo 两套接口）与 access 互斥，合法拓扑等价类约数十级，distinct 目标按合法组合×scale 分箱估 ≥60 即可接受（低于 300 由 family 互斥约束解释）。,N计入 raw；palette/连续尺寸不计入,target_only
53,Equipment_Pipeline,"总组合数：`A(5) × B(3 operator family) × C(4) = 60`（结构 slot 基本组合；spoke_count 子轴 ×3 仅在 handwheel family 内，叠加后远超）。再叠加 `outlet_count` 轴（N∈{0,1,2,3} 规划格子已收敛，N_range 到 6）：standpipe 血统 ≥ 4 个 N 拓扑 → **总拓扑组合 ≫ 60**。",N计入 raw；palette/连续尺寸不计入,explicit
54,Equipment_Power_switch,合法 actuator×mount 组合 × gang N；规格未给固定总数，保守为 ≥60,N计入 raw；palette/连续尺寸不计入,inferred
55,Equipment_Pump2,总组合数：`4 handle × 4 base × 4 outlet = 64`（若把 `leg_count` / `bolt_count` 局部 N 采样算进去更多，但主多样性来自 slot/module 选择）。,N计入 raw；palette/连续尺寸不计入,explicit
56,Facade_Element_Air_conditioner_outdoor_unit,- → A×fan_count 维度 = **21** 个产品 part-tree；sweep 验收维度 = **6** 个不同 part-tree。 | - A=front_fan_row × fan_count∈{1..20} = 20 个产品拓扑；sweep 验收覆盖 fan_count∈{1..5} = 5 个拓扑（part/joint 数随 N 变）,N计入 raw；palette/连续尺寸不计入,explicit
57,Facade_Element_Gutter_downchain,"- 家族 α（A 系：eye_bracket × {round_funnel_cup, lotus_petal_cup} × bail_eye_single_axis）= 1×2×1 = 2 slot 形态 | - 家族 β（B 系：vee_wire_hanger × {square_funnel_cup, round_funnel_cup(cadquery 圆碗)} × captured_loop_over_bar_single_axis）= 1×2×1 = 2 slot 形态",N计入 raw；palette/连续尺寸不计入,explicit
58,Facade_Element_Lamp1,"总组合数：Slot A(3) × Slot B(3) × Slot C/lantern_count(5, N∈[1,5]) = **45 ≥ 10 ✓**（原 N∈{1,2} 时为 18；N_range 扩到 [1,5] 后跨 slot 拓扑等价类升到 45）。 | 理由：45 个 (arm × body × count) 组合每个都改变 part-tree / joint 拓扑（arm 改 bracket silhouette 与悬挂链 part 数；body 改 cap+cage+内构 part 集；count 改 part 数与 joint 数：N 个 `lantern_{i}`+N 个 swing，且 N=1 `single_arm` 直臂 vs N≥2 `multi_head_bar` crossarm/bar 是真实 root 拓扑分叉），远超 10。即便只算被直接采样的 N∈{1,2}（3×3×2=18）也已 ≥10；扩到 N=5 后 45 更稳过门控。N=3–5 为 by-construction，组合在采样中以小权重出现（见下 sweep plan）。",N计入 raw；palette/连续尺寸不计入,explicit
59,Fence_Cascade_fences_MORE_THAN_1,"总组合数：panel_style(3) × feet_style(2) × N采样数(7，即 {2,3,4,5,6,7,8}) = **42**。 | 理由：panel_style × feet_style = 6 < 10，**单靠这两轴过不了**；**N 必须编入 `slot_choices_for_seed` 的 tuple**（`(""panel_count"", f""n{N}"")`），由它把 distinct 数撑到 42。这是本模板的硬依赖——若把 N 当普通 int 参数而不进 slot_choice，门控只见 6 个 distinct 直接 FAIL。",N计入 raw；palette/连续尺寸不计入,explicit
60,Fountain_Drick_fountain,- 单台内部 Slot A × Slot B × Slot C(actuator kind) = 2 × 4 × 3 = **24** 个基本拓扑组合。 | - 单台内部计入 button multiplicity 的拓扑等价类 ≈ 2(A) × 4(B) × [single(1) + dual(2 个 N) + foot_pedal(1)] = 2 × 4 × 4 = **32** 个 distinct 拓扑。,N计入 raw；palette/连续尺寸不计入,explicit
61,Handtools_caulking_gun,- 朴素笛卡尔积 = cradle(5) × grip(4) × plunger_drive(3) = **60**（source map combo 预审）。 | 仅 cradle(5) × plunger_drive(3) = **15** 已含 5 种主壳 × 3 种尾端的 joint-拓扑无关结构差异；叠 grip(4，含 4 种 trigger pivot 锚点拓扑：后高位 / 前下低位 / 环内低位 / 顶上挑）→ ≥40 ≥ 10 稳过。,N计入 raw；palette/连续尺寸不计入,explicit
62,Handtools_Clamp,总组合数：foot(3) × handle(4) × frame_silhouette(2) = **24**（全部正交合法，见 §9 兼容矩阵——无非法组合需 gate）。 | 仅 foot(3) × handle(4) = **12 ≥ 10**（已达机械门控）；其中 joint 拓扑差异来自：foot 的 {+REVOLUTE swivel / 无 joint × 2 固定脚} 与 handle 的 {+REVOLUTE lever / 无 joint × 3 固定把手} → joint-topology 等价类组合（screw-only / screw+pad-REVOLUTE / screw+lever-REVOLUTE / screw+pad+lever 双 REVOLUTE）×（foot 是否独立 part）。叠 frame_silhouette(2) → 24，充裕。,N计入 raw；palette/连续尺寸不计入,explicit
63,Handtools_clothes_peg,"总组合数：spring_mechanism(2) × jaw_shape(3) × tail_shape(3) = **18**（全部正交合法，见 §9 兼容矩阵——三轴几何正交，无非法组合需 gate）。 | 仅 jaw(3) × tail(3) = **9**（已接近机械门控）；叠 spring(2) → 18 ≥ 10 稳过。所有 18 组合共享同一 joint 拓扑等价类「1 REVOLUTE `pivot` + 1 FIXED `lower_to_spring`」——distinct 来自 spring 件几何 / seat 形态、前端颚 profile、后端尾 profile 的笛卡尔积（part 树名 + 关键 helper / mesh 形态不同），**编入 `slot_choices_for_seed` 的 tuple**（`(""spring_mechanism"", m)`、`(""jaw_shape"", m)`、`(""tail_shape"", m)`）即天然 18 distinct。",N计入 raw；palette/连续尺寸不计入,explicit
64,Handtools_dial_caliper,总组合数：readout(3) × jaw_config(4) × accessory(3) × beam_profile(2) = **72**（无 multiplicity 乘子；与 source map 组合数预审 3×4×3×2=72 一致）。 | joint-拓扑维度小计：readout 决定 {PRISMATIC+CONTINUOUS（analog）| PRISMATIC only（digital/vernier）}（2 类 joint-topology）× accessory 决定 {无新 joint（rod / no_rod）| +REVOLUTE（lock_screw）}（2 类）= 4 种「joint 拓扑类」；叠 jaw_config(4) × beam_profile(2) 的 part-mesh 维度 → 72 distinct part-tree/mesh 组合。,N计入 raw；palette/连续尺寸不计入,explicit
65,Handtools_Hand_plane,"总组合数：body_silhouette(3) × blade_clamp(3) × grip(3) = **27**（全部正交合法，见 §9 兼容矩阵——无硬非法组合需 gate，仅 2 条""比例需 controlled-param 收口""项）。 | 仅 blade_clamp(3) × grip(3) = **9 ≥**（接近门控）；其中 PRIMARY joint 拓扑差异来自 blade_clamp 的 {REVOLUTE flip（cam parent=cap，两级）/ REVOLUTE spin（screw parent=body）/ CONTINUOUS spin（nut parent=body）} 三类真实关节拓扑（类型 × parent 部件 × part 数都不同）；叠 body_silhouette(3) → 27 ≥ 10，充裕。",N计入 raw；palette/连续尺寸不计入,explicit
66,Handtools_Knife,总组合数：deployment(4) × grip(4) × blade(4) = **64**（其中 1 条 deployment×blade 互斥需 gate，见 §9 — flipup_guard 的刀片 FIXED，4 个 blade profile 仍可注入护罩下的固定刀，**不删 combo**，仅在断言上区分；实质合法组合保持 64，无组合被删）。 | 仅 deployment(4) × blade(4) = **16 ≥ 10**（已达机械门控）；其中 joint 拓扑差异来自 deployment 的 {PRISMATIC ×2（spine vs clamp+posts 活动件）/ REVOLUTE 绕 Y（fold）/ REVOLUTE 绕 -Y（guard，刀片 FIXED）} 4 类真实 joint-topology 等价类。叠 grip(4)（handle 主壳 mesh 几何差异：rounded-rect loft / palm-swell loft / circular loft / box bar + 固定阵列差异）→ 64，充裕。,N计入 raw；palette/连续尺寸不计入,explicit
67,Handtools_Pen,理论乘积：`5 × 3 × 3 × 4 = 180`,N计入 raw；palette/连续尺寸不计入,explicit
68,Handtools_Paint_roller,总组合数：cage_shank(3) × grip(4) × cover(4) = **48**（与 source map §53 一致）。 | 仅 grip(4) × cover(4) = **16 ≥ 10**（已达机械门控）；叠 cage_shank(3) → 48，充裕。,N计入 raw；palette/连续尺寸不计入,explicit
69,Handtools_Stapler,"总组合数（笛卡尔积）：body_type(4) × hinge_mechanism(3) × top_cap(3) = **36**。 | 经兼容矩阵剪枝（torsion_spring 与 boxed_housing 互斥 → 不存在该组合，但 spring 与其他 hinge 不冲突；剪枝只发生在 hinge slot 内部——spring 只是少了与 boxed 并存的需求，spring 本身仍是合法第三候选）：hinge slot 仍提供 3 个互斥候选，互斥规则是""不能同时选 spring 与 boxed""——因 hinge 是单选 enum，**本就只选一个**，故 36 组合全部合法（互斥语义体现在：若未来允许复合 hinge 才需 gate；单选下 36 全可行）。叠 rib_count 采样数（仅 ribbed cap 分裂为 r3..r8 共 6 档，其余 cap 各 1 档）：distinct slot_choice ≈ body(4) × hinge(3) × [hump(1)+slab(1)+ribbed(6)] = 4×3×8 = **96**。",N计入 raw；palette/连续尺寸不计入,explicit
70,Handtools_Tool_cart,- 总合法组合 = storage 拓扑(26) × caster(3) = **78**（远超 ≥10 门控）。 | - 朴素笛卡尔积 = storage_module(5) × caster(3) = **15** base topologies（source map combo 预审）。,N计入 raw；palette/连续尺寸不计入,explicit
71,Handtools_wooden_tongs,总组合数：close_mechanism(4) × arm_shape(5) × grip_detail(2) = **40**（全部正交合法，见 §9 兼容矩阵——无完全非法组合需 gate，仅 lock_ring × round_dowel 一组接口风险需 conditional 处理）。 | 仅 close_mechanism(4) × arm_shape(5) = **20 ≥ 10**（已大幅超机械门控）；其中 joint 拓扑差异来自 close_mechanism 的 {1 REVOLUTE（spring_clip / bend / scissor）/ 1 REVOLUTE + 1 PRISMATIC + 独立 ring part（lock_ring）} 与连接硬件 / pivot origin 差异（顶端金属 clip / 中段圆销 / 顶端弯木无金属 / clip + 滑环）。叠 grip_detail(2) → 40，充裕。,N计入 raw；palette/连续尺寸不计入,explicit
72,Handtools_Wrench,"- crescent spine head_mechanism = {worm_rack_crescent, monkey_head, thumb_slide}(3) × handle{flat_steel, tapered_wood, tubular}(3) = **9** | - pipe spine head_mechanism = {screw_nut_pipe}(1) × handle{flat_steel, tapered_wood, tubular}(3) = **3**",N计入 raw；palette/连续尺寸不计入,explicit
73,Headwear_Racing_helmet,总组合数：Slot A(2) × Slot B(3) × Slot C(4) = **24**（未计 `vent_count` 采样）。 | 计入兼容性 gating：`modular_chin_bar` 仅与 `full_face_shell` 合法 → 去掉 (half_open_face × modular_chin_bar × 4) = 4 个非法组合 → **合法组合 20**。,N计入 raw；palette/连续尺寸不计入,explicit
74,Kitchen_Air_fryer,- 朴素笛卡尔积 = body_silhouette(3) × control(3) × basket_opening(3) = **27**（source map combo 预审）。 | 仅 control(3) × basket_opening(3) = **9**（含 无 joint / 2×REVOLUTE 旋钮 × PRISMATIC 抽屉 / PRISMATIC 抽屉无窗 / REVOLUTE 上掀盖 的 joint 拓扑组合）≈ 已接近门控；叠 body_silhouette(3) → 27 ≥ 10 已稳过，叠 N 后充裕。,N计入 raw；palette/连续尺寸不计入,explicit
75,Kitchen_Coffee_machine,- `super_automatic` spine：hopper_lid(3) × water_tank(3) = **9**。 | - `portafilter` spine：无 Slot B × water_tank(3) = **3**。,N计入 raw；palette/连续尺寸不计入,explicit
76,Kitchen_Corkscrew,- **winged 分支**：mechanism=winged × wing_geometry(4) × handle(3) × foil_crown(2) = **24**。 | - **direct_pull 分支**（无 wing_geometry）：mechanism=direct_pull × handle(3) × foil_crown(2) = **6**。,N计入 raw；palette/连续尺寸不计入,explicit
77,Kitchen_Dish_washer,"- 朴素笛卡尔积 = opening_mechanism(2) × rack_geometry(2) × control_handle(3) = **12** base topologies（source map combo 预审，≥10 ✓）。 | - 叠 rack_count：drop_down_door 分支随 N∈{2,3}（2 值）展开 → drop_down_door 状态 = rack_geometry(2) × control_handle(3) × N(2) = 12；dish_drawer 分支 rack_count = trivial N=1（不展开）+ control_handle 受 gate（仅 front_fascia / proud_bar_handle，见 §9）→ dish_drawer 状态 = rack_geometry(2) × control_handle(2) × N1(1) = 4 → 合法状态 = 12 + 4 = **16** distinct（≥10 稳过）。",N计入 raw；palette/连续尺寸不计入,explicit
78,Kitchen_Hood,"- 不计 N：3×2×3×3 = **54**（source map §组合数预审已确认 54 ≥ 10）。 | - 计 N：filter 三候选中只有 dual_baffle 暴露 N>1，其余两候选恒 N=1 → filter×N 的拓扑等价类 = {fixed_mesh·n1, hinged·n1, dual_baffle·n1, dual_baffle·n2, dual_baffle·n3, dual_baffle·n4} = **6** → 总 canopy_form(3) × chimney(2) × 6 × control(3) = **108**。",N计入 raw；palette/连续尺寸不计入,explicit
79,Kitchen_Knife_set,- 总合法组合（保守，按 §9 矩阵）≈ block_form(3) × base_stand(3) × [angled_prismatic_slots×N(6) + bristle_insert×N(6)] = 3 × 3 × 12 = **108**（远超 ≥10 门控；即便把 bristle×N 仅算 1 个 joint 拓扑、N 不展开，也有 3×3×(6+1)=63）。 | - 朴素笛卡尔积 = block_form(3) × holding_mechanism(2) × base_stand(3) = **18** base topologies（source map combo 预审）。,N计入 raw；palette/连续尺寸不计入,explicit
80,Kitchen_Microwave,总组合数：door_mechanism(4) × turntable(2) × control(3) × interior_rack(2) = **48**（含若干兼容 gating，见 §9；gate 后合法组合 ≈42-48）。 | 仅 door_mechanism(4) × control(3) = **12 ≥ 10**（已达机械门控），其中 joint 拓扑差异来自：door 的 {竖轴 REVOLUTE / 横轴 REVOLUTE×2 / PRISMATIC} × control 的 {无 joint / +2 REVOLUTE / 无 joint}；叠 turntable(2)（是否有 CONTINUOUS joint）→ 24；叠 interior_rack(2)（是否有 FIXED part）→ 48。,N计入 raw；palette/连续尺寸不计入,explicit
81,Kitchen_Toaster,"- 叠 slot_count：square_box（N∈[2,4]，3 值）× 上述其余槽 = 24/2(square)×3 = 36 …… 更精确：browning(3)×lever(2)×tray(2) = 12 组非-silhouette 组合；× square_box × N∈{2,3,4}(3) = 36；× retro_round × N=2(gate，1 值) = 12 → 总合法组合 = 36 + 12 = **48**（远超 ≥10 门控）。 | - 朴素笛卡尔积 = browning_control(3) × lever_placement(2) × crumb_tray(2) × body_silhouette(2) = **24** base topologies（source map combo 预审）。",N计入 raw；palette/连续尺寸不计入,explicit
82,Light_Latern,"总组合数：`4 type × 4 cap × 4 carry = 64` module 组合；叠加 guard multiplicity 轴（N 至少 3 个采样档 {2,6,10}，模板域 [2,16]）后远超 64。",N计入 raw；palette/连续尺寸不计入,explicit
83,Machinery_Watermill,"总组合数：`A(wheel_type)=3 × B(mount)=3 × C(spokes)=3 = 27`（slot 组合）。 | 把 `paddle_count` 的采样档算进去（保守取 3 档样本 {小,中,大}）：`27 × 3 = 81`。",N计入 raw；palette/连续尺寸不计入,explicit
84,Military_Aircraft,"总组合数：Slot A (6) × Slot B (3) × Slot C (4 distinct N) = **72** raw combos. | Minus gating: N=1 forbids `fixed_tricycle` → remove (6 × 1 × 1) = 6 illegal combos ⇒ **66 legal topology combos** (engine-count is in `slot_choices`, so each N is a distinct tuple). `palette_style` (5) is cosmetic and does NOT change topology, so it is excluded from the count.",N计入 raw；palette/连续尺寸不计入,explicit
85,Military_Granade,"- 名义 A×B×C = 3×3×3 = 27；compatibility matrix 砍掉非法 fuze↔spine 组合后， | legal (A,B,C) ≈ 2(lathe)×3×2 + 1(cyl)×3×2 = 12 + 6 = 18 个 distinct slot 三元组。",N计入 raw；palette/连续尺寸不计入,explicit
86,Military_Gun,"- 合计 raw distinct 拓扑 = 32 + 8 = **40**（palette / 连续 scale 不计入 distinct） | - revolver spine：barrel(2) × sights(2) × grip(2) × chamber_count(4: N∈{5,6,7,8}) = **32**",N计入 raw；palette/连续尺寸不计入,explicit
87,Military_helicopter,airframe(4) × gear(2) × doors(4) × front_rotor_N(7) × rear_rotor_N(7) × nose(2)；名义上 3136，需按实现 gate,N计入 raw；palette/连续尺寸不计入,inferred
88,Military_knife,"总组合数：Slot A (3) × Slot B (3) × Slot C (3) × N (5 distinct sword counts) = **135** topology classes (palette excluded as a reskin, not a topology axis). | 理由：3×3×3 = 27 distinct slot triples already clear the ≥10 bar without counting N; adding the 5-way multiplicity gives 135 distinct topology equivalence classes. All slot choices are mutually compatible (B and C are blade-local; every A accepts every N).",N计入 raw；palette/连续尺寸不计入,explicit
89,Military_Military_knife,"总组合数：deployment(3) × blade_profile(4) × pommel_clip(3) × serration_N(多档) = 36 × N_buckets。 | 仅取 serration 离散为 ~6 个采样桶（{2,3,5,6,8,10,15} 之类近似），**36 × ~6 ≈ 200+ distinct module-tuple 组合**（dagger 关锯齿略减，见下）。",N计入 raw；palette/连续尺寸不计入,explicit
90,Military_Radio,"- A(3) × B(5) = **15** 纯 slot；× knob N{1,2,3} = **45+** distinct。",N计入 raw；palette/连续尺寸不计入,explicit
91,Military_Rifle,总组合数（不含 N、不含连续 scale）：A × B × C × D = 4 × 4 × 3 × 3 = **144** 个 enum 组合。,N计入 raw；palette/连续尺寸不计入,explicit
92,Military_sword,"总组合数（拓扑等价类）：blade_profile(4) × hilt(3) × ring_count N(8 个 distinct N) = **96**（兼容矩阵会 gate 掉少量 saber×宽硬件组合，仍 ≫ 阈值）。`palette_style` / 连续 scale 不计入拓扑等价类。 | 理由：仅 blade(4)×hilt(3)=12 个 (A,B) 组合就 ≥10；再叠加 8 个 N，distinct slot_choice tuple 上限约 96。50-seed sweep 必然覆盖 ≥10 distinct；1000-seed 低于 300 时记录该小词汇上限。",N计入 raw；palette/连续尺寸不计入,explicit
93,Military_Tank,"- A(3) × B(3) × C(3) = **27** 纯 slot；× axle N{3,4,5}（仅 wheeled）= **45+** distinct。",N计入 raw；palette/连续尺寸不计入,explicit
94,Military_Turret,"- Slot A base = 4 | - Slot B barrel_count N ∈ [1,6] = 6",N计入 raw；palette/连续尺寸不计入,explicit
95,Music_Amplifier,"合法 (A,B,C) 拓扑类 = 12+12+4+3 = **31**。计入 multiplicity N 采样档（{2,3,4,5,6} → 5 档；最少按 5★ 已验 {2,4,6} 3 档）：**31 × 3 = 93**（按 5 档则 155）distinct 拓扑组合。原始未 gate 乘积 = 4×3×4×3 = 144，减去排除项（见兼容矩阵）。 | - `full_combo`：B(3) × C(4) = 12",N计入 raw；palette/连续尺寸不计入,explicit
96,Music_CD_case,"- standard_rigid × {clamshell, topflip, sliding} × {center_hub, trayless, dualsided_flip, bookletclip}（sliding 仅配 center_hub/trayless；dualsided/bookletclip 仅配 clamshell/topflip）≈ 4+4+2 = **10** | - doublewide × {clamshell, topflip, sliding} × {center_hub(+bookletclip/dualsided 仅 clamshell/topflip)} ≈ **6**",N计入 raw；palette/连续尺寸不计入,explicit
97,Music_Headphone,"总组合数：A × B × C × D = 3 × 3 × 3 × 3 = **81** slot 组合（cup 恒 ×2 不计入）。 | 叠加 `vent_count` multiplicity（仅 B=open_back_vented_grille 子集，N∈[4,16]\{12} 约 12 个样本）：vented 子集 27 组合 × ~12 N ≈ 324，非 vented 子集 54 组合 × 1 ≈ 54，合计 **≈ 378** 个 distinct seed 配置（远超 10）。",N计入 raw；palette/连续尺寸不计入,explicit
98,Music_keyboard,总组合数：control_surface × pitch_bender × chassis × key_count = **5 × 3 × 2 × 5 = 150**（slot 组合 30；× 5 个 key_count 样本，key_count 改变键 part 数 → 改变 topology 签名）。仅 slot 组合（不计 key_count）= **30**。 | 理由：仅 Slot 组合即 30 distinct（远超 10），每个都改变 part 树或 joint 拓扑——Slot A 跨 **8pad+4knob / 16pad+4slider / 9fader / 12knob / 20knob+4slider** 五种控制 part 树 + PRISMATIC/REVOLUTE 混合；Slot B 跨 **无 joint / 2×REVOLUTE 嵌套 / 2×REVOLUTE 平行** 三种 bender 拓扑；Slot C 跨 **水平座落 / 倾斜座落+木端板** 二种机身。再叠加 `key_count`（5 档，改键 part 数 5→61）→ 150 distinct topology 签名。`palette_style`（6）与连续 scale 不计入 topology 等价类时仍达 150。,N计入 raw；palette/连续尺寸不计入,explicit
99,Music_Violin_case,"总组合数：A × B × C × D = 3 × 3 × 4 × 4 = **144**（slot 组合）。计入 `latch_count` multiplicity（仅 B=hinge 时 N∈{2,3,4}）后，含 N 的拓扑组合 = `B=hinge`：3(N) × 4(C) × 4(D) = 48；`B=zipper`：1 × 4 × 4 = 16；`B=buckle`：1 × 4 × 4 = 16 → **80 个 joint-拓扑等价类**（A 为 footprint 几何轴，再 ×3 视觉变体）。",N计入 raw；palette/连续尺寸不计入,explicit
100,Music_Vocal_mic,"- 合计 distinct topology 组合 = **16**（palette 与连续 scale 不计入 topology 等价类）。 | - **Family A**：mount ∈ {rigid_forked_yoke, elastic_shock_cradle} (2) × head ∈ {cylindrical_mesh_basket, round_ball_windscreen} (2) × N ∈ {2,3,4} (3) = **12**",N计入 raw；palette/连续尺寸不计入,explicit
101,Other_Air_conditioner,"总组合数：body_form(4) × airflow_mechanism(4) × service_panel(3) = **48**，再叠 vane_count multiplicity（N∈[2,6]=5，仅 three_independent_slim_vanes 下有效）。 | （vane_count 仅在 4 个 airflow 中的 1 个下激活：three_independent 时 4×1×3×5=60 组合含 N；其余 3 个 airflow×body×panel=36 组合无 N。合计离散 slot 组合 48，含 vane_count 展开后 = 36 + 4×3×5 = 96；无论按哪种口径都 ≫ 逐 slot key 覆盖下限。）",N计入 raw；palette/连续尺寸不计入,explicit
102,Other_armchair,chair_form(4) × base_support(3) × recline(3) × armrest(3) × caster_N(4) = 432 nominal（兼容后略少）,N计入 raw；palette/连续尺寸不计入,inferred
103,Other_Bedside,"近似计：4(base) × 3(handle) × [two_drawers×4(N) + hinged_door×1 + flap_door×1 + niche×1(N=1)] = 4 × 3 × 7 = **84** distinct（storage×N 联合 7 类）。 | 理由：storage_mechanism 提供真正 joint 拓扑差异（N×PRISMATIC(+X) / REVOLUTE(+Z) / REVOLUTE(+Y) / 固定格+单 PRISMATIC = 真 joint-topology 类），叠 drawer_count 把 PRISMATIC 抽屉栈细分为 N∈{1,2,3,4}（每 N 关节数不同 → 真拓扑维度），再叠 base(4) × handle(3)。**N 必须编入 `slot_choices_for_seed`**（`(""drawer_count"", f""n{N}"")`，对齐 drawer_cabinet / cushion / shopping_bucket），否则单/双/三/四抽屉 slot_choice 同形，损失一整根拓扑维度。仅 base×handle×storage(无 N) = 4×3×4=48 已远超 10。",N计入 raw；palette/连续尺寸不计入,explicit
104,Other_Built_in_oven,"仅 door_mechanism(3) × door_count(3) × rack_count(5) = **45**，再叠 knob(5) → 225，**远超 ≥10 机械门控**。即便只看 door_mechanism × (Nr∈{0,1,2}) × (Nk∈{0,2,4}) = 3×3×3=27 也已稳过。 | 总组合数：door_mechanism(3) × door_count 采样数(3，{1,2,3}) × rack_count 采样数(5，{0,1,2,3,4}) × knob_count 采样数(5，{0,2,3,4,6}) = **3 × 3 × 5 × 5 = 225**。",N计入 raw；palette/连续尺寸不计入,explicit
105,Other_Cabinet,- storage 拓扑等价类计数：hinged_doors(7) + drawers(8) + sliding_doors(1) + door_over_drawers(1) + flap_door(1) + hinged_single_door(1) + niche_over_drawer(1) = **20** 个 storage-side distinct 拓扑 | - 总 = 20 × 6 = **120** 个 distinct (storage×count×base) 拓扑组合（远超 multiplicity 门槛；含连续 scale 后 1000-seed distinct 预计 >200）,N计入 raw；palette/连续尺寸不计入,explicit
106,Other_cauldron,"总组合数：pot_form(3) × lid_mechanism(3) × handle_suspension(3) × leg_count 采样数(3，即 {0,3,4}) = **81**（扣除 tripod×N>0 的非法组合后实际合法组合见兼容矩阵）。 | 仅 lid_mechanism(3) × handle_suspension(3) = **9**（含 PRISMATIC / REVOLUTE / PRISMATIC+2REVOLUTE 盖 × REVOLUTE 吊环 / 2FIXED 耳 / REVOLUTE 钟摆改 root 的 joint 拓扑组合）≈ 已接近门控；叠 pot_form(3) → 27 ≥ 10 已稳过，叠 N 后充裕。",N计入 raw；palette/连续尺寸不计入,explicit
107,Other_Coffin,- ⇒ carry_handles 维度有效拓扑数 = 2 + 4 = **6**。 | - 总组合 = body_shape(3) × lid_mechanism(5) × carry_handles_eff(6) = **90**。,N计入 raw；palette/连续尺寸不计入,explicit
108,Other_Folding_screen,"总组合数：panel_infill(4) × frame_top(2) × has_base_feet(2) × panel_count 采样数(7，即 {2,3,4,5,6,7,8}) = **112**。 | 理由：panel_infill(4) × frame_top(2) × has_base_feet(2) = 16 ≥ 10，**单靠这三 panel 属性轴已过门控**；叠加 **N 编入 `slot_choices_for_seed` 的 tuple**（`(""panel_count"", f""n{N}"")`，对齐 fence_cascade/cushion）把 distinct 撑到 112。N 进 slot_choice 是硬要求——否则 N=2 与 N=8 在 slot_choice 上同形，损失整根 multiplicity 拓扑维度（且 infill×frame 也会因 N 不区分而压缩）。",N计入 raw；palette/连续尺寸不计入,explicit
109,Other_high_arc_gooseneck_faucet,"- handle 拓扑 cell = handle_form×handle_count（gating 后）= {side_lever-1, side_lever-2, cross_tube-2} = **3** | - outlet_head = **2**",N计入 raw；palette/连续尺寸不计入,explicit
110,Other_Lighter,总组合数：body_shape(3) × ignition_mechanism(2) × cap(3) × flame_adjust(2) = **36**。 | 仅 ignition(2) × cap(3) × flame_adjust(2) = **12**（joint 拓扑维度：CONTINUOUS+REVOLUTE / PRISMATIC 点火 × 无盖 / REVOLUTE 盖 / PRISMATIC 盖 × 无调节 / CONTINUOUS 调节）≥ 10 已稳过门控；叠 body_shape(3) → 36 充裕。,N计入 raw；palette/连续尺寸不计入,explicit
111,Other_Metal_drain,"总组合数：flange_shape(3) × grate_pattern(3) × grate_mechanism(3) × perf_count 桶(3，{sparse,medium,dense}) = **81**。 | 仅 grate_mechanism(3) = 真正的 joint 拓扑类（2 joint depth-2 twist+lift / 1 joint depth-1 hinge / 3 joint depth-3 twist+lift+plug）；叠 grate_pattern(3) × flange_shape(3) = **27 ≥ 10** 已稳过；叠 N 桶(3) → 81 充裕。",N计入 raw；palette/连续尺寸不计入,explicit
112,Other_pliers,总组合数（离散槽，先不含 groove multiplicity）：jaw_function(4) × handle_form(3) × pivot_mechanism(3) = **36** | - pivot_mechanism=fixed_rivet（1/3 的组合，无 groove 轴）：4×3×1 = **12** 拓扑等价类。,N计入 raw；palette/连续尺寸不计入,explicit
113,Other_Scale,即每个 (pedestal_column × beam_form)=6 组合下 pan_hanger×N 合法子组合 = 8+1 = **9**； | 总组合数：pedestal_column(3) × pan_hanger(3) × beam_form(2) × chain_count 采样数 = **基数 3×3×2 = 18**，乘 chain_count：,N计入 raw；palette/连续尺寸不计入,explicit
114,Other_single_hole_basin_faucet,总组合数（**仅结构拓扑**）：handle(4) × spout(3) × deck(3) = **36 个拓扑组合**（palette(4) 仅着色；外观子轴 body_section/knob_grip/spout_tip_collar/base_escutcheon 仅改 parent.visual 造型/装饰，**不计入拓扑等价类**；含连续 scale 后采样空间远大于 36）。,N计入 raw；palette/连续尺寸不计入,explicit
115,Other_stove,"仅 door_mechanism(3) × cooktop(3) × base(3) = **27**（已远超门控）；叠 burner_count(7) → 189。 | 总组合数：door_mechanism(3) × cooktop(3) × base(3) × burner_count 采样数(7，即 {0,1,2,3,4,5,6}，含 griddle 的 Nb=0) = **3 × 3 × 3 × 7 = 189**。",N计入 raw；palette/连续尺寸不计入,explicit
116,Other_Switch,"总组合数：actuator_type(4) × faceplate_shape(3) × gang_count 采样数(4，即 {1,2,3,4}) = **48**。 | （actuator_type×faceplate_shape×N 的笛卡尔积，扣除 §9 兼容矩阵 gate 掉的 round_plate×N>2 的少数组合后仍 ≈40+。）",N计入 raw；palette/连续尺寸不计入,explicit
117,Other_TV,总组合数：cabinet_form(3) × screen_tube(3) × base_support(3) × knob_count 采样数(6，即 {1..6}) = **162**。 | 仅 base_support(3) × knob_count(6) = **18** 已含真正的 joint 拓扑差异（tabletop/legs 无新 joint vs swivel_base 多一根 CONTINUOUS +Z spine + root 切换 × N 个 REVOLUTE 旋钮）≥10 已过；叠 cabinet_form(3) × screen_tube(3) → 162 充裕。,N计入 raw；palette/连续尺寸不计入,explicit
118,Other_Tripod_Turnstile,pedestal_form(4) × bank_style(3) × arm_mechanism(2) × barrier(4) × hub_count(5) × arm_count(2) ≫ 数百,N计入 raw；palette/连续尺寸不计入,inferred
119,Other_Vent,主拓扑笛卡尔积（不含 multiplicity）：4 × 5 × 4 = **80**（含 0 / 1 REVOLUTE(+Y) / 1 REVOLUTE(-X) / N REVOLUTE 的 backdraft joint 拓扑 × 5 grille 形态 × 4 壳体）。 | 叠 impeller_blade_count(4) → 320。,N计入 raw；palette/连续尺寸不计入,explicit
120,Other_Water_dispenser,"- 实际合法组合（gate 后约）：rectangular_box × {push_lever,push_button,twist_spigot}(3) × base(4) × N(4) = 48；bottled_cooler_cabinet × {push_lever,push_button,twist_spigot,paddle}(4) × base(4) × N(1-2) ≈ 24；cylindrical_urn × {push_lever,push_button,twist_spigot}(3) × base(4) × N(≤3) ≈ 27 → **合计约 ≈ 99 个合法拓扑组合**（未计 palette 与连续 scale）。 | 理由：tap_type 提供 4 种出水阀 joint 拓扑（lever REVOLUTE / button PRISMATIC / spigot REVOLUTE@流轴 / paddle REVOLUTE@悬挂）× base_reservoir 提供 4 种接地/活动拓扑（含 PRISMATIC 抽拉 tray）× body_form(3) × N(4) → 合法组合 ≈99 ≫ 10。**N 必须编入 `slot_choices_for_seed` 的 tuple**（`(""faucet_count"", f""n{N}"")`，对齐 cushion/shopping_bucket/candy_vending_machine），否则单龙头与多龙头 slot_choice 同形，损失一整根拓扑维度。",N计入 raw；palette/连续尺寸不计入,explicit
121,Other_widespread_two_handle_faucet,总组合数（**结构层**）：A × B × C = 2 × 4 × 2 = **16**（valve_station_count 固定 ×2 不增组合数）。 | 经 compatibility gating（见下）后净 distinct ≈ **14**（保守，去掉若干弱配对）。,N计入 raw；palette/连续尺寸不计入,explicit
122,Others_Binocular,总组合数：A × B × C = 3 × 3 × 2 = **18**（无 multiplicity 轴；barrel 恒为 2 不计入组合）。,N计入 raw；palette/连续尺寸不计入,explicit
123,Others_blacksmith_tongs,总组合数：jaw_shape(6) × rein_form(4) × boss_rivet(3) = **72**（全部正交合法，见 §9 兼容矩阵——无完全非法组合需 gate，仅 raised_boss_collar × pincer_claw_jaw 一组接口间隙需 conditional 重算）。若把 short_stout_handle 作为 rein_form 第 5 候选纳入，则 6×5×3 = **90**。,N计入 raw；palette/连续尺寸不计入,explicit
124,Others_Matchbox,"总组合数（drawer_slide / flip_lid 自由系）：closure(2: drawer_slide, flip_lid) × match_arrangement(2) × striker_style(2) = **8** + matchbook(1，耦合，自带 fill + striker，不展开两轴) = **9 基础结构组合**。 | > 源 map 预审写 closure 3 × arrangement 2 × striker 2 = 12 ≥ 10。本 spec 据耦合说明把 matchbook 折出两轴笛卡尔（matchbook 自带 native fill + striker），保守口径取 drawer/flip 自由系 8 + matchbook 1 = **9 基础组合**；叠 match_count N 的 ~5 个等价类（含双层 packing）→ **9 × 5 ≈ 45 distinct ≫ 10**，过门控充裕。若按源 map 原口径（matchbook 也名义乘 2×2）则达 12 基础，更宽松。",N计入 raw；palette/连续尺寸不计入,explicit
125,Others_Safe,"总组合数：A(3) × B(3) × C(3) × D(3) = 81 结构组合 × bolt N 采样数(取 5: {2,3,4,5,6}) = 405",N计入 raw；palette/连续尺寸不计入,explicit
126,Parts_quick_release_clamp,总组合数：`3 collar × 3 actuation × 3 nut = 27`（无 multiplicity 轴，不乘 N）。,N计入 raw；palette/连续尺寸不计入,explicit
127,Playground_playground_chair_swing_carousel,"总组合数（slot 笛卡尔，未计 N 与 palette）：A × B × C = 4 × 4 × 3 = **48**。 | 计入 multiplicity：N ∈ [2,8] 共 7 档 → 48 × 7 = **336** 个 (slot×N) 组合（palette 不计入拓扑，因为只改材质）。",N计入 raw；palette/连续尺寸不计入,explicit
128,Playground_playground_merry_go_round,- slot 组合：base_post(3) × cage_form(3) = **9** distinct（post part-tree × cage lattice）。 | - 合计 distinct module/multiplicity 拓扑 ≈ **39+**（未计 n_latitude_ring 次级档与连续 scale）。,N计入 raw；palette/连续尺寸不计入,explicit
129,Playground_Seesaw,beam_count (2) = **360** nominal; after compatibility gating | the legal space is still well over **100** distinct topology classes.,N计入 raw；palette/连续尺寸不计入,explicit
130,Playground_swing,"总 slot 组合数：A(4) × B(3) × C(3) = **36** 纯 slot 组合。 | 计入 multiplicity：× swing_count N∈[1,4]（4 档）= **144** topology 级组合（次级 chain_link_count 仅尺寸级，不计入 topology）。",N计入 raw；palette/连续尺寸不计入,explicit
131,Playground_swing_circular,"总组合数：support_frame (3) × ring_seat (3) × suspension N 档 ({1,2,3,4} → 4 个有效拓扑) = 3 × 3 × 4 = **36** 个 distinct 拓扑骨架（未计 palette 与连续 scale 与次级 plank/fin count）。",N计入 raw；palette/连续尺寸不计入,explicit
132,Powertools_angle_grinder,"- A(3) × B(3) × C(2) = **18** 纯 slot；× handle N{1,2,3} = **54** distinct。",N计入 raw；palette/连续尺寸不计入,explicit
133,Powertools_drill,"- A(3) × B(2) = **6** 纯 slot；× jaw N{2,3} × detent N{12,16,20} = **36** distinct。",N计入 raw；palette/连续尺寸不计入,explicit
134,Powertools_Lawn_mower,"- A(3) × B(3) × C(3) = **27** 纯 slot；× wheel N{3,4} = **54** distinct。",N计入 raw；palette/连续尺寸不计入,explicit
135,Science_Capsule,`body_form_family(4) × seam_feature(4) × surface_feature(3) = 48 distinct` | 结构组合数：,N计入 raw；palette/连续尺寸不计入,explicit
136,Science_Dental_setup,"- 纯 slot 组合 = A(3) × B(3) × C(3) = **27**；× N 样本 {3,5,7} = **189** distinct（N 编码进 slot_choices_for_seed）。",N计入 raw；palette/连续尺寸不计入,explicit
137,Science_First_aid_cabinet,"总组合数：door(3) × fitment(3) × shelf_count(N∈[1,6]→测试取 ≥3 档) × drawer_count(由 fitment 派生：open=0 / single=1 / stack∈[2,4]→≥2 档) | = 3 × [ open_shelves(shelf:≥3 档, drawer:1 档=0) + shelves_plus_drawer(shelf:≥3 档, drawer:1 档=1) + shelves_plus_drawer_stack(shelf:≥2 档, drawer:3 档∈{2,3,4}) ]",N计入 raw；palette/连续尺寸不计入,explicit
138,Science_microscope,"- A(3) × B(3) × C(3) = **27** 纯 slot；× N{2,3,4,6} = **135** distinct。",N计入 raw；palette/连续尺寸不计入,explicit
139,Science_Surgical_bed,"- A(4) × B(3) = **12** 纯 slot；× N{2,3,4} = **36+** distinct（N 编码进 slot_choices）。",N计入 raw；palette/连续尺寸不计入,explicit
140,Science_Surgical_chair,- A(4) × B(4) = **16** 纯 slot；含 caster N 条件轴 → base 侧 7 个 distinct base-tuple × B(4) = **28** distinct。,N计入 raw；palette/连续尺寸不计入,explicit
141,Science_Syringe,- A(4) × B(3) × C(2) × D(3) = **72** 纯 slot 组合；× tick N 不增 part-topology 但增视觉多样。,N计入 raw；palette/连续尺寸不计入,explicit
142,Sign_sign,"- 核心 named slots：panel_profile 4 × base_support 2 × handle_mechanism 2 = **16** | - 乘 knuckle N 的 distinct 拓扑数（N∈{1,2,3,4,5,6,7} = 7，且 N≥4 piano-alternating 再分一类，保守计 N distinct ≈ 7）：16 × 7 = **112**",N计入 raw；palette/连续尺寸不计入,explicit
143,Sports_Baby_cycle,总组合数：Slot B(3) × Slot C(3) × Slot D(3) × Slot A N-samples(3) = 27 × 3 = **81**。 | （front_pedals×front_count==2 与 inline×front_pedals 被 gate 掉，仍 >> 10。）,N计入 raw；palette/连续尺寸不计入,explicit
144,Sports_Bike,"总组合数：A(4) × B(3) × C(3) = 36 种 slot 拓扑；× n_spokes 采样档（产品域 [12,48] 取约 12 个加权档）→ 数百级别的可区分种子。",N计入 raw；palette/连续尺寸不计入,explicit
145,Sports_Carabiner,总组合数：body_form(4) × gate_mechanism(4) = 16。扣除兼容矩阵排除（screw_lock_sleeve 仅绑连续实心 gate body —— 该排除作用在 gate↔gate-body 一致性上而非 body_form，故 body_form 仍全 4 合法）→ 合法拓扑 16（若 screw_lock 进一步限定特定 body，最坏退到 13，仍 ≥10）。无 multiplicity，N 采样数=1。,N计入 raw；palette/连续尺寸不计入,explicit
146,Sports_Dumble,"总组合数：A(3) × B(3) × C(2) = **18** slot combos; × N test-samples (4 distinct: {2,4,5,6}) = **72** topology-distinct configurations (and far more across the full N∈[1,8] product domain).",N计入 raw；palette/连续尺寸不计入,explicit
147,Sports_Exercise_bike,- 合计 frame×resistance×cockpit ≈ 18 + 3 = **~21 拓扑骨架** × stabilizer_foot_count {2..6} 的 N 采样（5 档） ⇒ 名义上 ~21×5 = **~105** distinct（含 N 维）。 | - frame_type=recumbent（1）× resistance_form（3，magnetic 退化）× (cockpit 固定为 side_grips) = 3 组合,N计入 raw；palette/连续尺寸不计入,explicit
148,Sports_Fidget_Spinner,"- 计入 N 测试样本 {2,3,4,5}（4 档）= 27 × 4 = **108** distinct 拓扑（产品 N∈[2,8] 7 档 = 189）。 | 总组合数：A × B × C × N = 3 × 3 × 3 × |N_samples|。",N计入 raw；palette/连续尺寸不计入,explicit
149,Sports_game_console,"- 扣除兼容矩阵非法组合（clamshell×no_screen、controller×有屏、controller×numeric_keypad、dual_screen×非clamshell、dual_screen×numeric_keypad 等）后合法组合仍 ≈180+。 | - Slot A × Slot B × Slot C × N-samples = 4 × 4 × 4 × |{2,3,4,6,(5,7,8)}≈6| = 384（Slot C 增 dual_screen）。",N计入 raw；palette/连续尺寸不计入,explicit
150,Sports_Karting,总组合数：A(4) × B(3) × C(3) × D(3) × cross_tube N 样本(测试 4 档) = 4×3×3×3×4 = **432**（仅结构 + 多重度，未计连续 scale）。 | 即便只看最小独立子集 A(4) × C(3) = 12 ≥ 10。,N计入 raw；palette/连续尺寸不计入,explicit
151,Sports_Roller_scates,"- 顶层拓扑组合 ≈ 4(chassis) × 3(boot) × 5(closure×M) = **60** distinct 拓扑（未计连续 scale）。 | - arrangement/N：inline N∈{3,4,5}=3 + quad(N=4)=1 → 4 个底盘拓扑样本",N计入 raw；palette/连续尺寸不计入,explicit
152,Sports_Scooter_Racer,总组合数：Slot A (4) × Slot B (2) × Slot C (2) × N_rear (2 samples) = **32** distinct topologies (before continuous-scale variation).,N计入 raw；palette/连续尺寸不计入,explicit
153,Sports_Skateboard,总组合数：A × B × C × N_samples = 4 × 3 × 3 × (≥4 个 N 档) = 36 × 4 = **144**（仅 enum 槽位 36 个拓扑骨架，乘 multiplicity N 档）。 | 理由：仅 slot enum 已 36 个不同拓扑骨架（远超 10）；叠加 bolt_count 多档与连续 scale，distinct 拓扑充裕。即便把 cruiser_wheels 视为 street_hard 的尺度变体而降级 Slot C 到 2，仍有 4×3×2=24 骨架 > 10。,N计入 raw；palette/连续尺寸不计入,explicit
154,Sports_Skincare_Roller,"总组合数：A(4) × B(3) × C(3) × N(2) = **72** 个名义组合（部分被兼容门控降权，见下）。 | 理由：4×3×3 = 36 个 slot 组合已远超 10，N=2 进一步翻倍；每个 Slot A 改变 roller part 的 primitive/mesh 构造，Slot C 改变 body 静态 yoke 的 part-visual 拓扑且 cantilever 改变 joint origin（(-reach,0,z) vs (0,0,z)），N 改变 part/joint 计数（1 vs 2 个 roller part + spin joint）。即便门控降权 cantilever×N=2、spiky×{blade/cantilever}，distinct 拓扑仍 ≫10。",N计入 raw；palette/连续尺寸不计入,explicit
155,Sports_Table_football,"Multiplicity combinations: rod_count=6 has 1 legal non-goalie vector, rod_count=8 has 18, and rod_count=10 has 68, for **87 symmetric rod/figure layouts**. With Slot B(4) × Slot C(3), this yields **1,044 structural combinations** before palette and continuous scales. | 理由：leg_form(4) × grip_form(3) alone = 12 distinct leg/grip topologies; multiply by 87 symmetric rod/figure layouts and the structural space is 1,044 combinations. The slot/multiplicity space — not continuous scales — is the diversity source.",N计入 raw；palette/连续尺寸不计入,explicit
156,Sports_Toy_car,"总组合数：Slot A(4) × Slot B(3) × Slot C(3) × wheel_count N-samples(≥3：{3,4,6}，产品域 [3,8] 可达 6 个离散值) = **4×3×3×6 = 216** 拓扑组合（即使只数测试 N {3,4,6} 也有 4×3×3×3 = 108）。 | 理由：仅 Slot A×B×C 已 36 distinct 拓扑（part/joint 拓扑各不同），叠加 wheel_count 改变 part 数与 axle 布局 → 108–216，远超 10。",N计入 raw；palette/连续尺寸不计入,explicit
157,Stairs_Escalator,"- spine 合计 = 32 slot 组合；× distinct-N 等价类（保守取 5 档：{tiny<6, 6-16, 17-30, 31-45, 46-60}）= **32 × 5 = 160** distinct topology 组合（远 ≥10）。 | - single spine：A(2) × B(4) × C(2) = 16 slot 组合",N计入 raw；palette/连续尺寸不计入,explicit
158,Stationary_Calculater,总组合数（离散槽）：shape_family(2) × display_mount(2) × keypad_cover(2) × rear_support(2) = **16** | 叠加 multiplicity：n_cols(4 值) × n_rows(3 值) = 12 种网格规模（多数产生不同键数 → 不同 part/joint 计数 = 不同拓扑等价类），再叠 has_tall_plus（科学布局）。,N计入 raw；palette/连续尺寸不计入,explicit
159,Stationary_Clip,总组合数（离散槽）：body_form(2) × lip_bearing(2) × handle_style(4) × mouth_grip(2) × n_handles(2) = **64** | → **64 distinct 拓扑**（实测 reachable_topology=63 saturated，仅 1 个组合采样未命中）。,N计入 raw；palette/连续尺寸不计入,explicit
160,Stationary_Clipboard,总组合数（离散槽）：board_form(3) × clamp_mechanism(4) × hang_hardware(2) × cover(2) = **48** | 叠加 multiplicity：n_clamps(3 值) → 48 × 3 = **144 distinct 拓扑**（每个 n_clamps 改变 part/joint 计数 = 不同拓扑等价类）。,N计入 raw；palette/连续尺寸不计入,explicit
161,Stationary_Folder,总组合数（离散槽）：corner_style(2) × tab_style(3) × spine_style(2) × interior(2) × closure(3) = **72** | → 96 × ~数十 ≈ **数百 distinct 拓扑**（远超门槛）。,N计入 raw；palette/连续尺寸不计入,explicit
162,Stationary_Pen,"总组合数（离散槽）：barrel_profile(2) × tip_form(2) × actuation(6) × pocket_clip(≤3) = **最多 72**（受 gating：无 cap 的 click/twist_extend ⇒ pocket_clip∈{fixed,none}，sprung 仅 4 个 cap 类 actuation 可用，仍 >40 合法组合）。",N计入 raw；palette/连续尺寸不计入,explicit
163,Stationary_Pencil_sharpener,→ 离散组合 ≈ **54**，再叠 n_holes(3 值) ≈ **160+ distinct 拓扑**（多数 n_holes 产生不同 cutter 计数 = 不同 part/joint 拓扑等价类）。 | - crank_helical 分支：3 × 1 × 4 × 2(handle) × 2(mount) = 48,N计入 raw；palette/连续尺寸不计入,explicit
164,Stationary_Scissors,"总组合数（离散槽）：blade_profile(4) × handle_loops(3) × spring_assist(2) = **24** | 叠加 multiplicity：blades_per_half(5 值，但 N>1 时 profile 锁 straight) → N=1 时 24 组合 + N∈{2,3,4,5} 各 3(handle)×2(spring)=6 组合 = 24 + 4×6 = **48 distinct 拓扑等价类**（不同刃数 → 不同 visual/part 计数 = 不同拓扑）。",N计入 raw；palette/连续尺寸不计入,explicit
165,Structure_Elevator,"总组合数（slot 笛卡尔，未含连续 scale）：A × B × C × D = **4 × 4 × 3 × 4 = 192**。 | door_leaf_count {1,2,4} 已绑定在 Slot A 的 4 个候选里（不额外乘）。compatibility gating（pylon⇒bare_dark_shaft，即 pylon 不配 furnished/mirror）后合法组合 ≈ 4×(3×4 + 1×... )；具体：B∈{stone,portal,alcove} 配 C∈{bare,furnished,mirror} = 3×3=9 facade×reveal；B=pylon 仅配 C=bare = 1；故 facade×reveal 合法 = 3×3+1 = 10，× A(4) × D(4) = **160 合法组合**，仍远超机械门槛。",N计入 raw；palette/连续尺寸不计入,explicit
166,Urban_Environment_bucket1,"总组合数：A × B × C × D = 5 × 3 × 3 × 4 = **180**（D 含 N∈{0,2,3} 三个已验证档；加 N∈{4,5} 外推后 band 轴 5 档 → 5×3×3×5 = 225）。≥10 → PASS。",N计入 raw；palette/连续尺寸不计入,explicit
167,Urban_Environment_bucket2,"- closure=slide_off_lid：handle ∈ {lid_arched_grip, swing_bail, side_ear_rings} = 3 | - closure=hinged_lid：handle ∈ {lid_arched_grip, swing_bail, side_ear_rings} = 3",N计入 raw；palette/连续尺寸不计入,explicit
168,Urban_Environment_Caster_Trolley,"标称组合数（HARD GATE）：Slot A(4) × Slot B(3) × Slot C distinct-N(3) = **36 ≥ 10** ✓。 | - per-A 合法收窄：deck → {one_end, both_ends}；tray → {one_end, both_ends}；utility_wire_bin → {one_end, both_ends}；shelf → {full_cage (cage↔open_post)}。Σ A×B base legal = 2+2+2+1 = 7；再乘 caster distinct-N(3)=21、叠加 fixed↔folding / single↔double 子轴与 palette → distinct topology ≫ 10。",N计入 raw；palette/连续尺寸不计入,explicit
169,Urban_Environment_Caster_Trolley2,总组合数：basket_form(3) × lower_deck(2) × handle_form(3) × front_face(2) × rim_treatment(2) = **72** 个离散拓扑组合（脚轮固定 ×4 不计入；palette 6 与连续 scale 不计入结构 distinct）。 | 理由：5 个登记 slot 每个候选均可达且 ≥2 distinct（A=3、B=2、C=3、D=2、E=2），无单候选 slot（B/D/E 的 2-candidate 已在 §4 记 degrade 理由：④装饰轴 / 源池仅两态 / 甲板恒存），sampler 对每 slot 独立加权采样，5 slot 互相兼容（无互斥 gate，D/E 独立组合），reachable 全覆盖。,N计入 raw；palette/连续尺寸不计入,explicit
170,Urban_Environment_Draft_Wagon,总组合数（slot 笛卡尔积，未含 N）：A(3) × B(4 spoke 等价类) × C(4) × D(4) = **192**；扣除 compatibility gating（2-wheel 排除 gabled/canvas、flat_rack 排除 gabled/tailgate）后合法组合 ≈ **110**。 | 理由：单 Slot A(3) 已贡献 3 个不同 part/joint 拓扑（2/4/6 wheel + bolster 有无）；Slot D 的 drop_tailgate 加独立 part+REVOLUTE 关节、canvas/gabled 加不同 body-visual 群，Slot C 改 part-tree 板/桩复制结构；distinct-N（axle station 1/2/3 + spoke/board/stake/hoop 多值）独立倍增。最小诚实读：A(3)×distinct-N(≥3)=9，再加 Slot D 关节拓扑（tailgate vs others）≥2 → ≥18 ≥ 10。完整 ≈110 合法组合 × N 采样 ≫ 100。,N计入 raw；palette/连续尺寸不计入,explicit
171,Urban_Environment_Fire_Extinguisher,总组合数：A × B × C × D = 3 × 3 × 3 × 3 = **81**（×5 palette_style 装饰层不计入拓扑）。,N计入 raw；palette/连续尺寸不计入,explicit
172,Urban_Environment_Fire_Hydrant,"总组合数：bonnet_shape 3 × outlet_cap_style 3 × base_form 2 × distinct-N 4（N∈{1,2,3,4}）= **3 × 3 × 2 × 4 = 72 ≥ 10 ✓** | （即便忽略 cap_style 与 base_form，仅 bonnet 3 × N 4 = 12 仍过门槛。）",N计入 raw；palette/连续尺寸不计入,explicit
173,Urban_Environment_Fire_cabinet,"- closure×front×N 子合计 = 3+3+1+1 = **8** distinct closure/face/N 拓扑类 | - closure=n_sliding_drawers × N∈{3,4,5} = **3**（front 强制 solid，base × 3）",N计入 raw；palette/连续尺寸不计入,explicit
174,Urban_Environment_Garbage_bin,总组合数（结构槽）：A(5) × B(2) × C(3) × D(2) = **60** legal slot 组合（slot_top 与全宽盖在 A 内已是互斥单选，不额外相乘）。 | 理由：单是 4 结构槽 product = 60 ≥ 10 已独立满足硬门；twin(lid_count=2)、caster_count、slat_count、lift_bracket_count 各自改变 part/joint count → slot choice tuple distinct equivalence class，叠加后 1000-seed slot choice tuple distinct 预计 按 ≥300 report-only 口径观察。,N计入 raw；palette/连续尺寸不计入,explicit
175,Urban_Environment_Large_Trashcan,"保守地按 **distinct-N × lift × profile** 计结构等价类：wheel-N{2,4,6}(3) × lid-N{1,2,3}(3) × lift{top,comb,handles}(3) × profile{tapered,boxy}(2) = **54** distinct topology classes（远超 map 的 27 下界，因把 D 算进去）。 | 理由：54 ≫ 10。即使只采 wheel-N × lid-N × lift = 3×3×3 = 27（map HARD GATE 已审为 PASS），也满足。distinct N 在两根轴上各贡献 3 个值，single-axis sweep 即可越过门槛。",N计入 raw；palette/连续尺寸不计入,explicit
176,Urban_Environment_Mailbox,body_form 4 × mount 5 × door_mechanism 2 × signal_flag 2 = **80 distinct configs**。 | 总组合数（仅 slot 拓扑，不含 N / palette / scale）：,N计入 raw；palette/连续尺寸不计入,explicit
177,Urban_Environment_Manhole_cover,总组合数：A(3) × B(5) × C(2) × D(3) = **90** 结构组合，再乘 multiplicity（B 决定的 ≥3 个 distinct N 档：以 source map 的 dense / nominal / coarse 计 ≥3）= **90 × 3 = 270 ≥ 10**。 | （扣除兼容矩阵非法/降级组合后合法组合仍远超 10：见下表。即便保守只算 solid_lid 无 N 的组合也有 A×C×D=18，加 4 种带 N 图案 ×3 档 ×A×C×D 远超门控。）,N计入 raw；palette/连续尺寸不计入,explicit
178,Urban_Environment_Phone_box,"总组合数：A × B × C × D = 3 × 3 × 3 × 2 = **54**；把 distinct glazing N（≥3：2×4, 3×6, 4×8，加尾部 5×9/6×10）独立计入，topology-distinct 上限远超 54。 | 理由：仅 Slot A×B 就有 9 个 part-tree/joint-count 不同的 topology（domed/flat/pediment × single/bifold/openside，其中 bifold 多 1 child+1 mimic joint、openside 把关节挪到侧面 panel + front 敞口去掉 door part），再叠 C 的 distinct N 与 D 的 footprint，distinct topology ≥ 9×3 = 27 ≫ 10。",N计入 raw；palette/连续尺寸不计入,explicit
179,Urban_Environment_Public_toilet,spec: roof(4) × walls(3) × utility(3) × door(2) × cabin_count(4) = 288；代码当前 cabin_count 为 1..15，则 1080,N计入 raw；palette/连续尺寸不计入,inferred
180,Urban_Environment_Public_toilet1,roof(4) × walls(3) × utility(3) × door(2) × stalls_N(3) × toilet body(3) × flush(3) × seat(2) = 3888 nominal（每 stall fixture 组合口径）,N计入 raw；palette/连续尺寸不计入,inferred
181,Urban_Environment_Roof_antena,- 非 N 候选乘积：antenna_type 4 × mast_mount 4 × boom_config(yagi 时 2，否则 1) = (1·2 + 3·1) × 4 = 5 × 4 = **20**（type×boom 合法组合 5，乘 mount 4）。 | - 计入 distinct-N（yagi/dipole 行型，按 ~5/~9/~14 三档区分）：20 + 额外 N 拓扑等价类。yagi×mount×boom×N(3) + dipole×mount×N(3) 远超基线，**总 distinct topology ≈ 50+**。,N计入 raw；palette/连续尺寸不计入,explicit
182,Urban_Environment_sci_fi_satellite_dish,总组合数：dish_form 4 × mount_gimbal 3 × feed 3 legal non-flat + flat-none combinations × N samples ≈ 108 legal families. `flat_phased_array` gates `feed=none`; non-flat gates `feed!=none`.,N计入 raw；palette/连续尺寸不计入,explicit
183,Urban_Environment_Tipping_Barrow,无法统计：CSV 指向的规格文件不存在，模板文件也不存在,N计入 raw；palette/连续尺寸不计入,missing_source
184,Urban_Environment_Trashcan1,- A × B × (C×D legal) = 3 × 4 × 13 = **156** structural combos。 | 总组合数：A(3) × B(4) × C(4) × D(4) = 192 structural；扣除 `top_open_rim` 须配 swing_bail：,N计入 raw；palette/连续尺寸不计入,explicit
185,Urban_Environment_Trashcan2,总组合数：A(6) × B(5) × C(3) × D(2) = **180 distinct cells**（未计兼容门控削减）。 | 仅 A×B = **30 ≥ 10** ✓。,N计入 raw；palette/连续尺寸不计入,explicit
186,Urban_Environment_utility_box,裸笛卡尔积：door(5) × body(5) × vent(5) × base(5) × roof(4) = 2500；distinct-N 三轴另乘 door-N(3) + louver-N(~10) + leg-N(2)。 | 仅独立两轴下限：door(5) × body(5) = 25 ≥ 10 已单独过线。,N计入 raw；palette/连续尺寸不计入,explicit
187,Urban_Environment_Well_lid,surface_pattern(4) × open_mechanism(3) × frame_style(2) × pick_feature(conditional≈1.x) | 基础 = 4 × 3 × 2 = 24,N计入 raw；palette/连续尺寸不计入,explicit
188,Vehicle_Sports_car,= 4×3×3×2×3×2×3×6 = **23328**（去掉 gate 掉的非法组合后仍 ≫ 20；纯 door×light×rear×livery 口径 3×(3×2)×(3×2×3)×6 同样 ≫20）。 | A(4) × B(3) × C_popup{有/无}(2) × D_louver{有/无}(2) = **48 结构性 distinct**。,N计入 raw；palette/连续尺寸不计入,explicit
189,Window_Sliding_window,总组合数（slot 笛卡尔，未含连续 N）：A × B × C × D × E = 2 × 4 × 2 × 5 × 5 = **400**（conditional gating 后合法组合约 ~200，仍远超机械门槛；即便仅 A×B×C = 16 ≥ 10 已单独过闸）。,N计入 raw；palette/连续尺寸不计入,explicit
190,Window_Window,总组合数（slot 笛卡尔，未含连续 N）：A × B × C × D = 5 × 4 × 5 × 5 = **500**（即便仅 A×B = 20 ≥ 10 已单独过闸）。,N计入 raw；palette/连续尺寸不计入,explicit

