raw_index,image_path
0,/mnt/zsn/lyb/arti-skill/articraft_data/picture/Accessories/Cushion/001.png
1,/mnt/zsn/lyb/arti-skill/articraft_data/picture/Accessories/Cushion/002.png
2,/mnt/zsn/lyb/arti-skill/articraft_data/picture/Accessories/glasses/001.png
3,/mnt/zsn/lyb/arti-skill/articraft_data/picture/Accessories/glasses/002.png
4,/mnt/zsn/lyb/arti-skill/articraft_data/picture/Workspace/Adjustable monitor arm/001.png
5,/mnt/zsn/lyb/arti-skill/articraft_data/picture/Workspace/Adjustable monitor arm/002.png
6,/mnt/zsn/lyb/arti-skill/articraft_data/picture/Pet_Animal related/Animal feeding bowl stand/001.png
7,/mnt/zsn/lyb/arti-skill/articraft_data/picture/Pet_Animal related/Animal feeding bowl stand/002.png
8,/mnt/zsn/lyb/arti-skill/articraft_data/picture/Pet_Animal related/Aquarium/001.png
9,/mnt/zsn/lyb/arti-skill/articraft_data/picture/Pet_Animal related/Aquarium/002.png
10,/mnt/zsn/lyb/arti-skill/articraft_data/picture/Art_Drawing Models/Articulated mannequin_Poseable figure mannequin/001.png
11,/mnt/zsn/lyb/arti-skill/articraft_data/picture/Art_Drawing Models/Articulated mannequin_Poseable figure mannequin/002.png
12,/mnt/zsn/lyb/arti-skill/articraft_data/picture/Art_Drawing Models/Articulated mannequin_Poseable figure mannequin/003.png
13,/mnt/zsn/data/particulate/datasets/PV-A/renders/builtin99_representatives/articulated_task_lamp__seed_0000.png
14,/mnt/zsn/data/particulate/datasets/PV-A/renders/builtin99_representatives/astronomical_telescope_on_tripod__seed_0000.png
15,/mnt/zsn/lyb/arti-skill/articraft_data/picture/Astronomy/Antenna dish/001.png
16,/mnt/zsn/lyb/arti-skill/articraft_data/picture/Astronomy/Antenna dish/002.png
17,/mnt/zsn/lyb/arti-skill/articraft_data/picture/Astronomy/Antenna dish/003.png
18,/mnt/zsn/lyb/arti-skill/articraft_data/picture/Astronomy/Astronaut helmet/001.png
19,/mnt/zsn/lyb/arti-skill/articraft_data/picture/Astronomy/Astronaut helmet/002.png
20,/mnt/zsn/lyb/arti-skill/articraft_data/picture/Astronomy/Lunar rover/001.png
21,/mnt/zsn/lyb/arti-skill/articraft_data/picture/Astronomy/Lunar rover/002.png
22,/mnt/zsn/lyb/arti-skill/articraft_data/picture/Astronomy/Mars rover/001.png
23,/mnt/zsn/lyb/arti-skill/articraft_data/picture/Astronomy/Mars rover/002.png
24,/mnt/zsn/lyb/arti-skill/articraft_data/picture/Astronomy/Pressurised module door/001.png
25,/mnt/zsn/lyb/arti-skill/articraft_data/picture/Astronomy/Pressurised module door/002.png
26,/mnt/zsn/lyb/arti-skill/articraft_data/picture/Astronomy/Retractable landing gear/001.png
27,/mnt/zsn/lyb/arti-skill/articraft_data/picture/Astronomy/Retractable landing gear/002.png
28,/mnt/zsn/lyb/arti-skill/articraft_data/picture/Astronomy/Retractable landing gear/003.png
29,/mnt/zsn/lyb/arti-skill/articraft_data/picture/Astronomy/Return capsule/001.png
30,/mnt/zsn/lyb/arti-skill/articraft_data/picture/Astronomy/Return capsule/002.png
31,/mnt/zsn/lyb/arti-skill/articraft_data/picture/Astronomy/Rocket engine/001.png
32,/mnt/zsn/lyb/arti-skill/articraft_data/picture/Astronomy/Satellite/001.png
33,/mnt/zsn/lyb/arti-skill/articraft_data/picture/Astronomy/Satellite/002.png
34,/mnt/zsn/lyb/arti-skill/articraft_data/picture/Astronomy/Space shuttle/001.png
35,/mnt/zsn/lyb/arti-skill/articraft_data/picture/Mechanical Components_Drivetrain/Automotive differential_Differential gear/001.png
36,/mnt/zsn/lyb/arti-skill/articraft_data/picture/Workspace/Badge_ID holder clip/001.png
37,/mnt/zsn/lyb/arti-skill/articraft_data/picture/Workspace/Badge_ID holder clip/002.png
38,/mnt/zsn/lyb/arti-skill/articraft_data/picture/Bag_Suitcase/Box/001.png
39,/mnt/zsn/lyb/arti-skill/articraft_data/picture/Bag_Suitcase/Luggage bag/001.png
40,/mnt/zsn/lyb/arti-skill/articraft_data/picture/Bag_Suitcase/Shopping bucket/001.png
41,/mnt/zsn/lyb/arti-skill/articraft_data/picture/Bag_Suitcase/Shopping bucket/002.png
42,/mnt/zsn/lyb/arti-skill/articraft_data/picture/Bag_Suitcase/Suitcase/001.png
43,/mnt/zsn/lyb/arti-skill/articraft_data/picture/Bag_Suitcase/Treasure chest/001.png
44,/mnt/zsn/lyb/arti-skill/articraft_data/picture/Bar/Piano/001.png
45,/mnt/zsn/lyb/arti-skill/articraft_data/picture/Bar/Piano/002.png
46,/mnt/zsn/lyb/arti-skill/articraft_data/picture/Retail_Shop Fixtures/Barcode scanner/001.png
47,/mnt/zsn/lyb/arti-skill/articraft_data/picture/Retail_Shop Fixtures/Barcode scanner/002.png
48,/mnt/zsn/data/particulate/datasets/PV-A/renders/builtin99_representatives/barrier_gate_boom__seed_0000.png
49,/mnt/zsn/data/particulate/datasets/PV-A/renders/builtin99_representatives/barrier_gate_leaf_gate__seed_0000.png
50,/mnt/zsn/lyb/arti-skill/articraft_data/picture/Bathroom/Hair dryer/001.png
51,/mnt/zsn/lyb/arti-skill/articraft_data/picture/Bathroom/toilet/001.png
52,/mnt/zsn/lyb/arti-skill/articraft_data/picture/Bathroom/toilet/002.png
53,/mnt/zsn/lyb/arti-skill/articraft_data/picture/Bathroom/toilet/003.png
54,/mnt/zsn/lyb/arti-skill/articraft_data/picture/Bathroom/washmachine/001.png
55,/mnt/zsn/data/particulate/datasets/PV-A/renders/builtin99_representatives/bell_tower_with_swinging_bell__seed_0000.png
56,/mnt/zsn/lyb/arti-skill/articraft_data/picture/Bench/Wood Swing/001.png
57,/mnt/zsn/lyb/arti-skill/articraft_data/picture/Bench/Wood Swing/002.png
58,/mnt/zsn/lyb/arti-skill/articraft_data/picture/Bench/Wood Swing/003.png
59,/mnt/zsn/lyb/arti-skill/articraft_data/picture/Bench/Wood Swing/004.png
60,/mnt/zsn/lyb/arti-skill/articraft_data/picture/Bench/Wood Swing/005.png
61,/mnt/zsn/data/particulate/datasets/PV-A/renders/builtin99_representatives/bicycle_crankset_and_pedal_assembly__seed_0000.png
62,/mnt/zsn/lyb/arti-skill/articraft_data/picture/Pet_Animal related/Bird cage/001.png
63,/mnt/zsn/lyb/arti-skill/articraft_data/picture/Pet_Animal related/Bird cage/002.png
64,/mnt/zsn/data/particulate/datasets/PV-A/renders/builtin99_representatives/blender_countertop__seed_0000.png
65,/mnt/zsn/data/particulate/datasets/PV-A/renders/builtin99_representatives/box_fan_with_control_knob__seed_0000.png
66,/mnt/zsn/data/particulate/datasets/PV-A/renders/builtin99_representatives/branching_tree_with_three_independent_rotary_branches__seed_0000.png
67,/mnt/zsn/data/particulate/datasets/PV-A/renders/builtin99_representatives/branching_tree_with_two_independent_rotary_branches__seed_0000.png
68,/mnt/zsn/data/particulate/datasets/PV-A/renders/builtin99_representatives/camcorder_with_flipout_screen__seed_0000.png
69,/mnt/zsn/data/particulate/datasets/PV-A/renders/builtin99_representatives/camera_flash__seed_0000.png
70,/mnt/zsn/data/particulate/datasets/PV-A/renders/builtin99_representatives/camera_lens__seed_0000.png
71,/mnt/zsn/lyb/arti-skill/articraft_data/picture/Camping_Outdoor Gear/Camp chair/001.png
72,/mnt/zsn/lyb/arti-skill/articraft_data/picture/Camping_Outdoor Gear/Camp chair/002.png
73,/mnt/zsn/lyb/arti-skill/articraft_data/picture/Camping_Outdoor Gear/Camping Lantern/001.png
74,/mnt/zsn/lyb/arti-skill/articraft_data/picture/Camping_Outdoor Gear/Camping Lantern/002.png
75,/mnt/zsn/data/particulate/datasets/PV-A/renders/builtin99_representatives/candy_vending_machine__seed_0000.png
76,/mnt/zsn/data/particulate/datasets/PV-A/renders/builtin99_representatives/cannon__seed_0000.png
77,/mnt/zsn/data/particulate/datasets/PV-A/renders/builtin99_representatives/cantilever_articulated_arm__seed_0000.png
78,/mnt/zsn/data/particulate/datasets/PV-A/renders/builtin99_representatives/car_axles__seed_0000.png
79,/mnt/zsn/lyb/arti-skill/articraft_data/picture/Retail_Shop Fixtures/Cash register/001.png
80,/mnt/zsn/lyb/arti-skill/articraft_data/picture/Retail_Shop Fixtures/Cash register/002.png
81,/mnt/zsn/data/particulate/datasets/PV-A/renders/builtin99_representatives/casino_machine__seed_0000.png
82,/mnt/zsn/lyb/arti-skill/articraft_data/picture/Pet_Animal related/Cat flap/001.png
83,/mnt/zsn/lyb/arti-skill/articraft_data/picture/Pet_Animal related/Cat flap/002.png
84,/mnt/zsn/data/particulate/datasets/PV-A/renders/builtin99_representatives/cctv_mast_with_pantilt_camera_head__seed_0000.png
85,/mnt/zsn/data/particulate/datasets/PV-A/renders/builtin99_representatives/ceiling_fan__seed_0000.png
86,/mnt/zsn/data/particulate/datasets/PV-A/renders/builtin99_representatives/ceiling_light_fixture_adjustable__seed_0000.png
87,/mnt/zsn/lyb/arti-skill/articraft_data/picture/Chair/Chair/001.png
88,/mnt/zsn/lyb/arti-skill/articraft_data/picture/Chair/Chair/002.png
89,/mnt/zsn/lyb/arti-skill/articraft_data/picture/Chair/Folding chair/001.png
90,/mnt/zsn/data/particulate/datasets/PV-A/renders/builtin99_representatives/chest_freezer_with_hinged_lid__seed_0000.png
91,/mnt/zsn/data/particulate/datasets/PV-A/renders/builtin99_representatives/clock_tower_with_rotating_hour_and_minute_hands__seed_0000.png
92,/mnt/zsn/lyb/arti-skill/articraft_data/picture/Retail_Shop Fixtures/Clothing rack/001.png
93,/mnt/zsn/lyb/arti-skill/articraft_data/picture/Retail_Shop Fixtures/Clothing rack/002.png
94,/mnt/zsn/data/particulate/datasets/PV-A/renders/builtin99_representatives/coaxial_rotary_stack__seed_0000.png
95,/mnt/zsn/lyb/arti-skill/articraft_data/picture/Container/Barrel/001.png
96,/mnt/zsn/lyb/arti-skill/articraft_data/picture/Container/Barrel/002.png
97,/mnt/zsn/lyb/arti-skill/articraft_data/picture/Container/Basket/001.png
98,/mnt/zsn/lyb/arti-skill/articraft_data/picture/Container/Basket/002.png
99,/mnt/zsn/lyb/arti-skill/articraft_data/picture/Container/Basket/003.png
100,/mnt/zsn/lyb/arti-skill/articraft_data/picture/Container/Basket/004.png
101,/mnt/zsn/lyb/arti-skill/articraft_data/picture/Container/Basket/005.png
102,/mnt/zsn/lyb/arti-skill/articraft_data/picture/Container/Bottle/001.png
103,/mnt/zsn/lyb/arti-skill/articraft_data/picture/Container/Bottle/002.png
104,/mnt/zsn/lyb/arti-skill/articraft_data/picture/Container/Bottle serum/001.png
105,/mnt/zsn/lyb/arti-skill/articraft_data/picture/Container/Box/001.png
106,/mnt/zsn/lyb/arti-skill/articraft_data/picture/Container/Box/002.png
107,/mnt/zsn/lyb/arti-skill/articraft_data/picture/Container/Box/003.png
108,/mnt/zsn/lyb/arti-skill/articraft_data/picture/Container/Box/004.png
109,/mnt/zsn/lyb/arti-skill/articraft_data/picture/Container/Can/001.png
110,/mnt/zsn/lyb/arti-skill/articraft_data/picture/Container/Can/002.png
111,/mnt/zsn/lyb/arti-skill/articraft_data/picture/Container/Can/003.png
112,/mnt/zsn/lyb/arti-skill/articraft_data/picture/Container/Can/004.png
113,/mnt/zsn/lyb/arti-skill/articraft_data/picture/Container/Can/005.png
114,/mnt/zsn/lyb/arti-skill/articraft_data/picture/Container/Can/006.png
115,/mnt/zsn/lyb/arti-skill/articraft_data/picture/Container/Cosmetic/001.png
116,/mnt/zsn/lyb/arti-skill/articraft_data/picture/Container/Cup/001.png
117,/mnt/zsn/lyb/arti-skill/articraft_data/picture/Container/Dispenser/001.png
118,/mnt/zsn/lyb/arti-skill/articraft_data/picture/Container/Gas cylinder/001.png
119,/mnt/zsn/lyb/arti-skill/articraft_data/picture/Container/Glass bottle/001.png
120,/mnt/zsn/lyb/arti-skill/articraft_data/picture/Container/Jar/001.png
121,/mnt/zsn/lyb/arti-skill/articraft_data/picture/Container/Jar/002.png
122,/mnt/zsn/lyb/arti-skill/articraft_data/picture/Container/Jar/003.png
123,/mnt/zsn/lyb/arti-skill/articraft_data/picture/Container/Kettle/001.png
124,/mnt/zsn/lyb/arti-skill/articraft_data/picture/Container/Kettle/002.png
125,/mnt/zsn/lyb/arti-skill/articraft_data/picture/Container/laundry detergent bottle/001.png
126,/mnt/zsn/lyb/arti-skill/articraft_data/picture/Container/Lipstick/001.png
127,/mnt/zsn/lyb/arti-skill/articraft_data/picture/Container/Lipstick/002.png
128,/mnt/zsn/lyb/arti-skill/articraft_data/picture/Container/Locker/001.png
129,/mnt/zsn/lyb/arti-skill/articraft_data/picture/Container/Paint spray/001.png
130,/mnt/zsn/lyb/arti-skill/articraft_data/picture/Container/Plastic can/001.png
131,/mnt/zsn/lyb/arti-skill/articraft_data/picture/Container/Plastic can/002.png
132,/mnt/zsn/lyb/arti-skill/articraft_data/picture/Container/Plastic can/003.png
133,/mnt/zsn/lyb/arti-skill/articraft_data/picture/Container/Plastic can/004.png
134,/mnt/zsn/lyb/arti-skill/articraft_data/picture/Container/Primer bottle/001.png
135,/mnt/zsn/lyb/arti-skill/articraft_data/picture/Container/Pump/001.png
136,/mnt/zsn/lyb/arti-skill/articraft_data/picture/Container/Shipping container/001.png
137,/mnt/zsn/lyb/arti-skill/articraft_data/picture/Container/Tube/001.png
138,/mnt/zsn/lyb/arti-skill/articraft_data/picture/Container/Tube/002.png
139,/mnt/zsn/data/particulate/datasets/PV-A/renders/builtin99_representatives/crane_tower__seed_0000.png
140,/mnt/zsn/lyb/arti-skill/articraft_data/picture/Curtain/blind/001.png
141,/mnt/zsn/lyb/arti-skill/articraft_data/picture/Curtain/blind/002.png
142,/mnt/zsn/lyb/arti-skill/articraft_data/picture/Emergency Equipment/Defibrillator case/001.png
143,/mnt/zsn/lyb/arti-skill/articraft_data/picture/Emergency Equipment/Defibrillator case/002.png
144,/mnt/zsn/data/particulate/datasets/PV-A/renders/builtin99_representatives/desk_with_drawer__seed_0000.png
145,/mnt/zsn/data/particulate/datasets/PV-A/renders/builtin99_representatives/desk_with_drawer_card_catalog__seed_0000.png
146,/mnt/zsn/data/particulate/datasets/PV-A/renders/builtin99_representatives/desktop_monitor_with_tilt_swivel_stand__seed_0000.png
147,/mnt/zsn/data/particulate/datasets/PV-A/renders/builtin99_representatives/desktop_pc_tower__seed_0000.png
148,/mnt/zsn/lyb/arti-skill/articraft_data/picture/Robotics/Differential drive wheel/001.png
149,/mnt/zsn/lyb/arti-skill/articraft_data/picture/Robotics/Differential drive wheel/002.png
150,/mnt/zsn/data/particulate/datasets/PV-A/renders/builtin99_representatives/dishwasher_with_dropdown_door_and_sliding_racks__seed_0000.png
151,/mnt/zsn/data/particulate/datasets/PV-A/renders/builtin99_representatives/display_freezer_with_sliding_glass_lids__seed_0000.png
152,/mnt/zsn/data/particulate/datasets/PV-A/renders/builtin99_representatives/dj_equipment__seed_0000.png
153,/mnt/zsn/lyb/arti-skill/articraft_data/picture/Door/Door/001.png
154,/mnt/zsn/lyb/arti-skill/articraft_data/picture/Door/Door/002.png
155,/mnt/zsn/lyb/arti-skill/articraft_data/picture/Door/Door/003.png
156,/mnt/zsn/lyb/arti-skill/articraft_data/picture/Door/Door/004.png
157,/mnt/zsn/lyb/arti-skill/articraft_data/picture/Door/Door/005.png
158,/mnt/zsn/lyb/arti-skill/articraft_data/picture/Door/Door/006.png
159,/mnt/zsn/lyb/arti-skill/articraft_data/picture/Door/Double Door/001.png
160,/mnt/zsn/lyb/arti-skill/articraft_data/picture/Door/Double Door/002.png
161,/mnt/zsn/lyb/arti-skill/articraft_data/picture/Door/Double Door/003.png
162,/mnt/zsn/lyb/arti-skill/articraft_data/picture/Door/Double Door/004.png
163,/mnt/zsn/lyb/arti-skill/articraft_data/picture/Door/Double Door/005.png
164,/mnt/zsn/lyb/arti-skill/articraft_data/picture/Door/Double Door/006.png
165,/mnt/zsn/lyb/arti-skill/articraft_data/picture/Door/folding door/001.png
166,/mnt/zsn/lyb/arti-skill/articraft_data/picture/Door/folding door/002.png
167,/mnt/zsn/lyb/arti-skill/articraft_data/picture/Door/folding door/003.png
168,/mnt/zsn/lyb/arti-skill/articraft_data/picture/Door/Folding gate/001.png
169,/mnt/zsn/lyb/arti-skill/articraft_data/picture/Door/Garage shutter/001.png
170,/mnt/zsn/lyb/arti-skill/articraft_data/picture/Door/Gate/001.png
171,/mnt/zsn/lyb/arti-skill/articraft_data/picture/Door/Other/001.png
172,/mnt/zsn/lyb/arti-skill/articraft_data/picture/Door/Other/002.png
173,/mnt/zsn/lyb/arti-skill/articraft_data/picture/Door/Scifi Gate/001.png
174,/mnt/zsn/lyb/arti-skill/articraft_data/picture/Door/Scifi Gate/002.png
175,/mnt/zsn/lyb/arti-skill/articraft_data/picture/Door/Sliding Door/001.png
176,/mnt/zsn/lyb/arti-skill/articraft_data/picture/Door/Sliding Door/002.png
177,/mnt/zsn/lyb/arti-skill/articraft_data/picture/Door/Sliding Door/003.png
178,/mnt/zsn/lyb/arti-skill/articraft_data/picture/Door/Sliding Door/004.png
179,/mnt/zsn/lyb/arti-skill/articraft_data/picture/Door/Sliding Door/005.png
180,/mnt/zsn/lyb/arti-skill/articraft_data/picture/Door/Trap door/001.png
181,/mnt/zsn/lyb/arti-skill/articraft_data/picture/Door/wooden plank door with a ring pull/001.png
182,/mnt/zsn/lyb/arti-skill/articraft_data/picture/Door/wooden plank door with a ring pull/002.png
183,/mnt/zsn/lyb/arti-skill/articraft_data/picture/Workspace/Drafting table/001.png
184,/mnt/zsn/lyb/arti-skill/articraft_data/picture/Workspace/Drafting table/002.png
185,/mnt/zsn/lyb/arti-skill/articraft_data/picture/Workspace/Drafting table/003.png
186,/mnt/zsn/data/particulate/datasets/PV-A/renders/builtin99_representatives/drawer_cabinet_with_sliding_drawers__seed_0000.png
187,/mnt/zsn/data/particulate/datasets/PV-A/renders/builtin99_representatives/drone__seed_0000.png
188,/mnt/zsn/data/particulate/datasets/PV-A/renders/builtin99_representatives/dual_independent_finger_chains__seed_0000.png
189,/mnt/zsn/lyb/arti-skill/articraft_data/picture/Electrical_Wiring/Cable reel/001.png
190,/mnt/zsn/lyb/arti-skill/articraft_data/picture/Electrical_Wiring/Cable reel/002.png
191,/mnt/zsn/lyb/arti-skill/articraft_data/picture/Electrical_Wiring/Circuit breaker/001.png
192,/mnt/zsn/lyb/arti-skill/articraft_data/picture/Electrical_Wiring/Circuit breaker/002.png
193,/mnt/zsn/lyb/arti-skill/articraft_data/picture/Electrical_Wiring/Conduit bender/001.png
194,/mnt/zsn/lyb/arti-skill/articraft_data/picture/Electrical_Wiring/Conduit bender/002.png
195,/mnt/zsn/lyb/arti-skill/articraft_data/picture/Electrical_Wiring/Distribution board panel/001.png
196,/mnt/zsn/lyb/arti-skill/articraft_data/picture/Electrical_Wiring/Distribution board panel/002.png
197,/mnt/zsn/lyb/arti-skill/articraft_data/picture/Electrical_Wiring/Junction box/001.png
198,/mnt/zsn/lyb/arti-skill/articraft_data/picture/Electrical_Wiring/Junction box/002.png
199,/mnt/zsn/lyb/arti-skill/articraft_data/picture/Electrical_Wiring/Junction box/003.png
200,/mnt/zsn/lyb/arti-skill/articraft_data/picture/Electrical_Wiring/Surge protector switch/001.png
201,/mnt/zsn/lyb/arti-skill/articraft_data/picture/Electrical_Wiring/Surge protector switch/002.png
202,/mnt/zsn/lyb/arti-skill/articraft_data/picture/Electrical_Wiring/Wire stripper/001.png
203,/mnt/zsn/lyb/arti-skill/articraft_data/picture/Electrical_Wiring/Wire stripper/002.png
204,/mnt/zsn/data/particulate/datasets/PV-A/renders/builtin99_representatives/elevator_shaft__seed_0000.png
205,/mnt/zsn/lyb/arti-skill/articraft_data/picture/Emergency Equipment/Emergency exit door/001.png
206,/mnt/zsn/lyb/arti-skill/articraft_data/picture/Emergency Equipment/Emergency exit door/002.png
207,/mnt/zsn/lyb/arti-skill/articraft_data/picture/Equipment/Control panel/001.png
208,/mnt/zsn/lyb/arti-skill/articraft_data/picture/Equipment/Control panel/002.png
209,/mnt/zsn/lyb/arti-skill/articraft_data/picture/Equipment/Control panel/003.png
210,/mnt/zsn/lyb/arti-skill/articraft_data/picture/Equipment/Game console/001.png
211,/mnt/zsn/lyb/arti-skill/articraft_data/picture/Equipment/LED work light/001.png
212,/mnt/zsn/lyb/arti-skill/articraft_data/picture/Equipment/Lock/001.png
213,/mnt/zsn/lyb/arti-skill/articraft_data/picture/Equipment/Lock/002.png
214,/mnt/zsn/lyb/arti-skill/articraft_data/picture/Equipment/Pipeline/001.png
215,/mnt/zsn/lyb/arti-skill/articraft_data/picture/Equipment/Pipeline/002.png
216,/mnt/zsn/lyb/arti-skill/articraft_data/picture/Equipment/Pipeline/003.png
217,/mnt/zsn/lyb/arti-skill/articraft_data/picture/Equipment/Power switch/001.png
218,/mnt/zsn/lyb/arti-skill/articraft_data/picture/Equipment/Power switch/002.png
219,/mnt/zsn/lyb/arti-skill/articraft_data/picture/Equipment/Pump2/001.png
220,/mnt/zsn/lyb/arti-skill/articraft_data/picture/Textiles_Fabric/Fabric scissors/001.png
221,/mnt/zsn/lyb/arti-skill/articraft_data/picture/Textiles_Fabric/Fabric scissors/002.png
222,/mnt/zsn/lyb/arti-skill/articraft_data/picture/Facade Element/Air conditioner outdoor unit/001.png
223,/mnt/zsn/lyb/arti-skill/articraft_data/picture/Facade Element/Air conditioner outdoor unit/002.png
224,/mnt/zsn/lyb/arti-skill/articraft_data/picture/Facade Element/Air conditioner outdoor unit/003.png
225,/mnt/zsn/lyb/arti-skill/articraft_data/picture/Facade Element/Gutter downchain/001.png
226,/mnt/zsn/lyb/arti-skill/articraft_data/picture/Facade Element/Gutter downchain/002.png
227,/mnt/zsn/lyb/arti-skill/articraft_data/picture/Facade Element/Lamp1/001.png
228,/mnt/zsn/lyb/arti-skill/articraft_data/picture/Facade Element/Lamp1/002.png
229,/mnt/zsn/lyb/arti-skill/articraft_data/picture/Fence/Cascade fences (MORE THAN 1)/001.png
230,/mnt/zsn/lyb/arti-skill/articraft_data/picture/Fence/Cascade fences (MORE THAN 1)/002.png
231,/mnt/zsn/data/particulate/datasets/PV-A/renders/builtin99_representatives/ferris_wheel__seed_0000.png
232,/mnt/zsn/data/particulate/datasets/PV-A/renders/builtin99_representatives/fingerlike_phalanx_chain__seed_0000.png
233,/mnt/zsn/lyb/arti-skill/articraft_data/picture/Emergency Equipment/Fire escape ladder/001.png
234,/mnt/zsn/lyb/arti-skill/articraft_data/picture/Emergency Equipment/Fire escape ladder/002.png
235,/mnt/zsn/data/particulate/datasets/PV-A/renders/builtin99_representatives/folding_arm_chain__seed_0000.png
236,/mnt/zsn/lyb/arti-skill/articraft_data/picture/Camping_Outdoor Gear/Folding camp table/001.png
237,/mnt/zsn/lyb/arti-skill/articraft_data/picture/Camping_Outdoor Gear/Folding camp table/002.png
238,/mnt/zsn/lyb/arti-skill/articraft_data/picture/Fountain/Drick fountain/001.png
239,/mnt/zsn/data/particulate/datasets/PV-A/renders/builtin99_representatives/gear_assemblies__seed_0000.png
240,/mnt/zsn/data/particulate/datasets/PV-A/renders/builtin99_representatives/globe__seed_0000.png
241,/mnt/zsn/data/particulate/datasets/PV-A/renders/builtin99_representatives/graphics_card_with_cooling_fans__seed_0000.png
242,/mnt/zsn/lyb/arti-skill/articraft_data/picture/Agricultural/Greenhouse vent roof/001.png
243,/mnt/zsn/lyb/arti-skill/articraft_data/picture/Pet_Animal related/Hamster wheel/001.png
244,/mnt/zsn/lyb/arti-skill/articraft_data/picture/Pet_Animal related/Hamster wheel/002.png
245,/mnt/zsn/lyb/arti-skill/articraft_data/picture/Agricultural/Hand cultivator/001.png
246,/mnt/zsn/lyb/arti-skill/articraft_data/picture/0611/hand_operated_pasta_maker_with_rollers_and_crank/001.png
247,/mnt/zsn/lyb/arti-skill/articraft_data/picture/Handtools/caulking gun/001.png
248,/mnt/zsn/lyb/arti-skill/articraft_data/picture/Handtools/caulking gun/002.png
249,/mnt/zsn/lyb/arti-skill/articraft_data/picture/Handtools/caulking gun/003.png
250,/mnt/zsn/lyb/arti-skill/articraft_data/picture/Handtools/Clamp/001.png
251,/mnt/zsn/lyb/arti-skill/articraft_data/picture/Handtools/Clamp/002.png
252,/mnt/zsn/lyb/arti-skill/articraft_data/picture/Handtools/clothes peg/001.png
253,/mnt/zsn/lyb/arti-skill/articraft_data/picture/Handtools/dial caliper/001.png
254,/mnt/zsn/lyb/arti-skill/articraft_data/picture/Handtools/Hand plane/001.png
255,/mnt/zsn/lyb/arti-skill/articraft_data/picture/Handtools/Knife/001.png
256,/mnt/zsn/lyb/arti-skill/articraft_data/picture/Handtools/Paint roller/001.png
257,/mnt/zsn/lyb/arti-skill/articraft_data/picture/Handtools/Pen/001.png
258,/mnt/zsn/lyb/arti-skill/articraft_data/picture/Handtools/Stapler/001.png
259,/mnt/zsn/lyb/arti-skill/articraft_data/picture/Handtools/Tool cart/001.png
260,/mnt/zsn/lyb/arti-skill/articraft_data/picture/Handtools/wooden tongs/001.png
261,/mnt/zsn/lyb/arti-skill/articraft_data/picture/Handtools/Wrench/001.png
262,/mnt/zsn/lyb/arti-skill/articraft_data/picture/Handtools/Wrench/002.png
263,/mnt/zsn/lyb/arti-skill/articraft_data/picture/Robotics/Harmonic drive/001.png
264,/mnt/zsn/lyb/arti-skill/articraft_data/picture/Robotics/Harmonic drive/002.png
265,/mnt/zsn/lyb/arti-skill/articraft_data/picture/Agricultural/Harvester vehicle (arm)/001.png
266,/mnt/zsn/lyb/arti-skill/articraft_data/picture/Agricultural/Harvester vehicle (arm)/002.png
267,/mnt/zsn/lyb/arti-skill/articraft_data/picture/Agricultural/Harvester vehicle (arm)/003.png
268,/mnt/zsn/lyb/arti-skill/articraft_data/picture/Headwear/Racing helmet/001.png
269,/mnt/zsn/lyb/arti-skill/articraft_data/picture/Healthcare/Adjustable hospital bed/001.png
270,/mnt/zsn/lyb/arti-skill/articraft_data/picture/Healthcare/Adjustable hospital bed/002.png
271,/mnt/zsn/lyb/arti-skill/articraft_data/picture/Healthcare/Crutches/001.png
272,/mnt/zsn/lyb/arti-skill/articraft_data/picture/Healthcare/Crutches/002.png
273,/mnt/zsn/lyb/arti-skill/articraft_data/picture/Healthcare/Crutches/003.png
274,/mnt/zsn/lyb/arti-skill/articraft_data/picture/Healthcare/Crutches/004.png
275,/mnt/zsn/lyb/arti-skill/articraft_data/picture/Healthcare/Crutches/005.png
276,/mnt/zsn/lyb/arti-skill/articraft_data/picture/Healthcare/First aid box/001.png
277,/mnt/zsn/lyb/arti-skill/articraft_data/picture/Healthcare/First aid box/002.png
278,/mnt/zsn/lyb/arti-skill/articraft_data/picture/Healthcare/Pill bottle_box/001.png
279,/mnt/zsn/lyb/arti-skill/articraft_data/picture/Healthcare/Pill bottle_box/002.png
280,/mnt/zsn/lyb/arti-skill/articraft_data/picture/Healthcare/Prosthetic limb/001.png
281,/mnt/zsn/lyb/arti-skill/articraft_data/picture/Healthcare/Prosthetic limb/002.png
282,/mnt/zsn/lyb/arti-skill/articraft_data/picture/Healthcare/Wheelchair/001.png
283,/mnt/zsn/lyb/arti-skill/articraft_data/picture/Workspace/Hole punch/001.png
284,/mnt/zsn/lyb/arti-skill/articraft_data/picture/Workspace/Hole punch/002.png
285,/mnt/zsn/lyb/arti-skill/articraft_data/picture/Household_Laundry/Clothes drying rack_Laundry drying rack/001.png
286,/mnt/zsn/lyb/arti-skill/articraft_data/picture/Household_Laundry/Clothes drying rack_Laundry drying rack/002.png
287,/mnt/zsn/data/particulate/datasets/PV-A/renders/builtin99_representatives/immersion_blender__seed_0000.png
288,/mnt/zsn/lyb/arti-skill/articraft_data/picture/Industrial/Blast door/001.png
289,/mnt/zsn/lyb/arti-skill/articraft_data/picture/Industrial/Blast door/002.png
290,/mnt/zsn/lyb/arti-skill/articraft_data/picture/Industrial/Blast door/003.png
291,/mnt/zsn/lyb/arti-skill/articraft_data/picture/Industrial/Drill press table/001.png
292,/mnt/zsn/lyb/arti-skill/articraft_data/picture/Industrial/Drill press table/002.png
293,/mnt/zsn/lyb/arti-skill/articraft_data/picture/Industrial/Electric Saw/001.png
294,/mnt/zsn/lyb/arti-skill/articraft_data/picture/Industrial/Electric Saw/002.png
295,/mnt/zsn/lyb/arti-skill/articraft_data/picture/Industrial/Electric Saw/003.png
296,/mnt/zsn/lyb/arti-skill/articraft_data/picture/Industrial/Hydraulic press/001.png
297,/mnt/zsn/lyb/arti-skill/articraft_data/picture/Industrial/Hydraulic press/002.png
298,/mnt/zsn/lyb/arti-skill/articraft_data/picture/Industrial/Industrial vice/001.png
299,/mnt/zsn/lyb/arti-skill/articraft_data/picture/Industrial/Industrial vice/002.png
300,/mnt/zsn/lyb/arti-skill/articraft_data/picture/Industrial/Mine cart/001.png
301,/mnt/zsn/lyb/arti-skill/articraft_data/picture/Industrial/Mine cart/002.png
302,/mnt/zsn/lyb/arti-skill/articraft_data/picture/Industrial/Ore crusher jaw/001.png
303,/mnt/zsn/lyb/arti-skill/articraft_data/picture/Industrial/Ore crusher jaw/002.png
304,/mnt/zsn/lyb/arti-skill/articraft_data/picture/Industrial/Safety cage/001.png
305,/mnt/zsn/lyb/arti-skill/articraft_data/picture/Industrial/Safety cage/002.png
306,/mnt/zsn/lyb/arti-skill/articraft_data/picture/Industrial/Safety cage/003.png
307,/mnt/zsn/lyb/arti-skill/articraft_data/picture/Textiles_Fabric/Ironing board/001.png
308,/mnt/zsn/lyb/arti-skill/articraft_data/picture/Textiles_Fabric/Ironing board/002.png
309,/mnt/zsn/data/particulate/datasets/PV-A/renders/builtin99_representatives/jet_engine__seed_0000.png
310,/mnt/zsn/lyb/arti-skill/articraft_data/picture/Kitchen/Air fryer/001.png
311,/mnt/zsn/lyb/arti-skill/articraft_data/picture/Kitchen/Coffee machine/001.png
312,/mnt/zsn/lyb/arti-skill/articraft_data/picture/Kitchen/Corkscrew/001.png
313,/mnt/zsn/lyb/arti-skill/articraft_data/picture/Kitchen/Dish washer/001.png
314,/mnt/zsn/lyb/arti-skill/articraft_data/picture/Kitchen/Hood/001.png
315,/mnt/zsn/lyb/arti-skill/articraft_data/picture/Kitchen/Knife set/001.png
316,/mnt/zsn/lyb/arti-skill/articraft_data/picture/Kitchen/Microwave/001.png
317,/mnt/zsn/lyb/arti-skill/articraft_data/picture/Kitchen/Toaster/001.png
318,/mnt/zsn/lyb/arti-skill/articraft_data/picture/Workspace/Laptop stand/001.png
319,/mnt/zsn/lyb/arti-skill/articraft_data/picture/Workspace/Laptop stand/002.png
320,/mnt/zsn/data/particulate/datasets/PV-A/renders/builtin99_representatives/lever_chain__seed_0000.png
321,/mnt/zsn/lyb/arti-skill/articraft_data/picture/Light/Latern/001.png
322,/mnt/zsn/lyb/arti-skill/articraft_data/picture/Robotics/Linear actuator/001.png
323,/mnt/zsn/lyb/arti-skill/articraft_data/picture/Robotics/Linear actuator/002.png
324,/mnt/zsn/lyb/arti-skill/articraft_data/picture/Textiles_Fabric/Loom shuttle/001.png
325,/mnt/zsn/lyb/arti-skill/articraft_data/picture/Textiles_Fabric/Loom shuttle/002.png
326,/mnt/zsn/data/particulate/datasets/PV-A/renders/builtin99_representatives/louvered_shutter_assembly__seed_0000.png
327,/mnt/zsn/lyb/arti-skill/articraft_data/picture/Machinery/Watermill/001.png
328,/mnt/zsn/lyb/arti-skill/articraft_data/picture/0611/Makeup/001.png
329,/mnt/zsn/lyb/arti-skill/articraft_data/picture/0611/Makeup/002.png
330,/mnt/zsn/lyb/arti-skill/articraft_data/picture/0611/Makeup1/001.png
331,/mnt/zsn/lyb/arti-skill/articraft_data/picture/0611/Makeup1/002.png
332,/mnt/zsn/lyb/arti-skill/articraft_data/picture/0611/Makeup1/003.png
333,/mnt/zsn/lyb/arti-skill/articraft_data/picture/0611/Makeup2/001.png
334,/mnt/zsn/lyb/arti-skill/articraft_data/picture/0611/Makeup2/002.png
335,/mnt/zsn/lyb/arti-skill/articraft_data/picture/0611/Makeup3/001.png
336,/mnt/zsn/lyb/arti-skill/articraft_data/picture/0611/Makeup3/002.png
337,/mnt/zsn/lyb/arti-skill/articraft_data/picture/0611/manual_coffee_grinder/001.png
338,/mnt/zsn/lyb/arti-skill/articraft_data/picture/0611/manual_coffee_grinder/002.png
339,/mnt/zsn/lyb/arti-skill/articraft_data/picture/0611/manual_coffee_grinder/003.png
340,/mnt/zsn/lyb/arti-skill/articraft_data/picture/0611/manual_grain_mill1/001.png
341,/mnt/zsn/lyb/arti-skill/articraft_data/picture/0611/manual_grain_mill2/002.png
342,/mnt/zsn/lyb/arti-skill/articraft_data/picture/0611/manual_hand_drill/001.png
343,/mnt/zsn/lyb/arti-skill/articraft_data/picture/0611/manual_pipe_bender/001.png
344,/mnt/zsn/lyb/arti-skill/articraft_data/picture/0611/manual_pipe_bender/002.png
345,/mnt/zsn/lyb/arti-skill/articraft_data/picture/0611/manual_pipe_bender/003.png
346,/mnt/zsn/lyb/arti-skill/articraft_data/picture/0611/manual_pipe_bender/004.png
347,/mnt/zsn/lyb/arti-skill/articraft_data/picture/0611/manual_pipe_bender/005.png
348,/mnt/zsn/lyb/arti-skill/articraft_data/picture/0611/Manual_water_dispenser_pump/001.png
349,/mnt/zsn/lyb/arti-skill/articraft_data/picture/0611/Manual_water_dispenser_pump/002.png
350,/mnt/zsn/lyb/arti-skill/articraft_data/picture/0611/meat_grinder/001.png
351,/mnt/zsn/lyb/arti-skill/articraft_data/picture/0611/meat_grinder/002.png
352,/mnt/zsn/lyb/arti-skill/articraft_data/picture/0611/meat_grinder/003.png
353,/mnt/zsn/lyb/arti-skill/articraft_data/picture/0611/Mechanical_calculator/001.png
354,/mnt/zsn/lyb/arti-skill/articraft_data/picture/0611/Mechanical_calculator/002.png
355,/mnt/zsn/lyb/arti-skill/articraft_data/picture/0611/Mechanical_calculator/003.png
356,/mnt/zsn/lyb/arti-skill/articraft_data/picture/0611/mechanical_metronome_with_pendulum/001.png
357,/mnt/zsn/lyb/arti-skill/articraft_data/picture/0611/mechanical_timer_with_rotating_dial/001.png
358,/mnt/zsn/lyb/arti-skill/articraft_data/picture/0611/mechanical_timer_with_rotating_dial/002.png
359,/mnt/zsn/lyb/arti-skill/articraft_data/picture/0611/mechanical_timer_with_rotating_dial/003.png
360,/mnt/zsn/lyb/arti-skill/articraft_data/picture/0611/mechanical_timer_with_rotating_dial/004.png
361,/mnt/zsn/lyb/arti-skill/articraft_data/picture/0611/Metal_blender/001.png
362,/mnt/zsn/data/particulate/datasets/PV-A/renders/builtin99_representatives/metronome__seed_0000.png
363,/mnt/zsn/lyb/arti-skill/articraft_data/picture/0611/microphone_boom_arm/001.png
364,/mnt/zsn/lyb/arti-skill/articraft_data/picture/0611/microphone_boom_arm/002.png
365,/mnt/zsn/lyb/arti-skill/articraft_data/picture/0611/microphone_boom_arm/003.png
366,/mnt/zsn/lyb/arti-skill/articraft_data/picture/0611/microphone_boom_arm/004.png
367,/mnt/zsn/lyb/arti-skill/articraft_data/picture/Military/Aircraft/001.png
368,/mnt/zsn/lyb/arti-skill/articraft_data/picture/Military/Aircraft/002.png
369,/mnt/zsn/lyb/arti-skill/articraft_data/picture/Military/Granade/001.png
370,/mnt/zsn/lyb/arti-skill/articraft_data/picture/Military/Granade/002.png
371,/mnt/zsn/lyb/arti-skill/articraft_data/picture/Military/Gun/001.png
372,/mnt/zsn/lyb/arti-skill/articraft_data/picture/Military/Gun/002.png
373,/mnt/zsn/lyb/arti-skill/articraft_data/picture/Military/helicopter/001.png
374,/mnt/zsn/lyb/arti-skill/articraft_data/picture/Military/knife/001.png
375,/mnt/zsn/lyb/arti-skill/articraft_data/picture/Military/Military knife/001.png
376,/mnt/zsn/lyb/arti-skill/articraft_data/picture/Military/Radio/001.png
377,/mnt/zsn/lyb/arti-skill/articraft_data/picture/Military/Rifle/001.png
378,/mnt/zsn/lyb/arti-skill/articraft_data/picture/Military/sword/001.png
379,/mnt/zsn/lyb/arti-skill/articraft_data/picture/Military/Tank/001.png
380,/mnt/zsn/lyb/arti-skill/articraft_data/picture/Military/Turret/001.png
381,/mnt/zsn/data/particulate/datasets/PV-A/renders/builtin99_representatives/missile_launcher__seed_0000.png
382,/mnt/zsn/data/particulate/datasets/PV-A/renders/builtin99_representatives/miter_saw_arm_assembly__seed_0000.png
383,/mnt/zsn/data/particulate/datasets/PV-A/renders/builtin99_representatives/monitor_mount__seed_0000.png
384,/mnt/zsn/data/particulate/datasets/PV-A/renders/builtin99_representatives/multisegment_foldout_arm__seed_0000.png
385,/mnt/zsn/lyb/arti-skill/articraft_data/picture/Music/Amplifier/001.png
386,/mnt/zsn/lyb/arti-skill/articraft_data/picture/Music/CD case/001.png
387,/mnt/zsn/lyb/arti-skill/articraft_data/picture/Music/Headphone/001.png
388,/mnt/zsn/lyb/arti-skill/articraft_data/picture/Music/keyboard/001.png
389,/mnt/zsn/lyb/arti-skill/articraft_data/picture/Music/keyboard/002.png
390,/mnt/zsn/lyb/arti-skill/articraft_data/picture/0611/Music_stand/001.png
391,/mnt/zsn/lyb/arti-skill/articraft_data/picture/0611/Music_stand/002.png
392,/mnt/zsn/lyb/arti-skill/articraft_data/picture/0611/Music_stand/003.png
393,/mnt/zsn/lyb/arti-skill/articraft_data/picture/0611/Music_stand1/001.png
394,/mnt/zsn/lyb/arti-skill/articraft_data/picture/0611/Music_stand1/002.png
395,/mnt/zsn/lyb/arti-skill/articraft_data/picture/0611/Music_stand1/003.png
396,/mnt/zsn/lyb/arti-skill/articraft_data/picture/Music/Violin case/001.png
397,/mnt/zsn/lyb/arti-skill/articraft_data/picture/Music/Vocal mic/001.png
398,/mnt/zsn/lyb/arti-skill/articraft_data/picture/Music/Vocal mic/002.png
399,/mnt/zsn/data/particulate/datasets/PV-A/renders/builtin99_representatives/n_joint_revolute_chain__seed_0000.png
400,/mnt/zsn/lyb/arti-skill/articraft_data/picture/Textiles_Fabric/Needle case/001.png
401,/mnt/zsn/lyb/arti-skill/articraft_data/picture/Textiles_Fabric/Needle case/002.png
402,/mnt/zsn/lyb/arti-skill/articraft_data/picture/0611/nutcracker/001.png
403,/mnt/zsn/lyb/arti-skill/articraft_data/picture/0611/nutcracker/002.png
404,/mnt/zsn/lyb/arti-skill/articraft_data/picture/0611/Office_table_with_doors_or_drawers/001.png
405,/mnt/zsn/lyb/arti-skill/articraft_data/picture/0611/Office_table_with_doors_or_drawers/002.png
406,/mnt/zsn/lyb/arti-skill/articraft_data/picture/0611/Office_table_with_doors_or_drawers/003.png
407,/mnt/zsn/lyb/arti-skill/articraft_data/picture/Other/Air conditioner/001.png
408,/mnt/zsn/lyb/arti-skill/articraft_data/picture/Other/armchair/001.png
409,/mnt/zsn/lyb/arti-skill/articraft_data/picture/Other/armchair/002.png
410,/mnt/zsn/lyb/arti-skill/articraft_data/picture/Other/armchair/003.png
411,/mnt/zsn/lyb/arti-skill/articraft_data/picture/Other/armchair/004.png
412,/mnt/zsn/lyb/arti-skill/articraft_data/picture/Other/Bedside/001.png
413,/mnt/zsn/lyb/arti-skill/articraft_data/picture/Other/Built-in oven/001.png
414,/mnt/zsn/lyb/arti-skill/articraft_data/picture/Other/Built-in oven/002.png
415,/mnt/zsn/lyb/arti-skill/articraft_data/picture/Other/Cabinet/001.png
416,/mnt/zsn/lyb/arti-skill/articraft_data/picture/Other/Cabinet/002.png
417,/mnt/zsn/lyb/arti-skill/articraft_data/picture/Other/cauldron/001.png
418,/mnt/zsn/lyb/arti-skill/articraft_data/picture/Other/Coffin/001.png
419,/mnt/zsn/lyb/arti-skill/articraft_data/picture/Other/Folding screen/001.png
420,/mnt/zsn/lyb/arti-skill/articraft_data/picture/Other/high_arc_gooseneck_faucet/002.png
421,/mnt/zsn/lyb/arti-skill/articraft_data/picture/Other/high_arc_gooseneck_faucet/007.png
422,/mnt/zsn/lyb/arti-skill/articraft_data/picture/Other/Lighter/001.png
423,/mnt/zsn/lyb/arti-skill/articraft_data/picture/Other/Metal drain/001.png
424,/mnt/zsn/lyb/arti-skill/articraft_data/picture/Other/pliers/001.png
425,/mnt/zsn/lyb/arti-skill/articraft_data/picture/Other/pliers/002.png
426,/mnt/zsn/lyb/arti-skill/articraft_data/picture/Other/Scale/001.png
427,/mnt/zsn/lyb/arti-skill/articraft_data/picture/Other/single_hole_basin_faucet/004.png
428,/mnt/zsn/lyb/arti-skill/articraft_data/picture/Other/single_hole_basin_faucet/005.png
429,/mnt/zsn/lyb/arti-skill/articraft_data/picture/Other/single_hole_basin_faucet/008.png
430,/mnt/zsn/lyb/arti-skill/articraft_data/picture/Other/stove/001.png
431,/mnt/zsn/lyb/arti-skill/articraft_data/picture/Other/stove/002.png
432,/mnt/zsn/lyb/arti-skill/articraft_data/picture/Other/Switch/001.png
433,/mnt/zsn/lyb/arti-skill/articraft_data/picture/Other/Tripod Turnstile/001.png
434,/mnt/zsn/lyb/arti-skill/articraft_data/picture/Other/Tripod Turnstile/002.png
435,/mnt/zsn/lyb/arti-skill/articraft_data/picture/Other/TV/001.png
436,/mnt/zsn/lyb/arti-skill/articraft_data/picture/Other/Vent/001.png
437,/mnt/zsn/lyb/arti-skill/articraft_data/picture/Other/Vent/002.png
438,/mnt/zsn/lyb/arti-skill/articraft_data/picture/Other/Vent/003.png
439,/mnt/zsn/lyb/arti-skill/articraft_data/picture/Other/Vent/004.png
440,/mnt/zsn/lyb/arti-skill/articraft_data/picture/Other/Water dispenser/001.png
441,/mnt/zsn/lyb/arti-skill/articraft_data/picture/Other/Water dispenser/002.png
442,/mnt/zsn/lyb/arti-skill/articraft_data/picture/Other/Water dispenser/003.png
443,/mnt/zsn/lyb/arti-skill/articraft_data/picture/Other/Water dispenser/004.png
444,/mnt/zsn/lyb/arti-skill/articraft_data/picture/Other/Water dispenser/005.png
445,/mnt/zsn/lyb/arti-skill/articraft_data/picture/Other/widespread_two_handle_faucet/001.png
446,/mnt/zsn/lyb/arti-skill/articraft_data/picture/Other/widespread_two_handle_faucet/003.png
447,/mnt/zsn/lyb/arti-skill/articraft_data/picture/Other/widespread_two_handle_faucet/006.png
448,/mnt/zsn/lyb/arti-skill/articraft_data/picture/Others/Binocular/001.png
449,/mnt/zsn/lyb/arti-skill/articraft_data/picture/Others/blacksmith tongs/001.png
450,/mnt/zsn/lyb/arti-skill/articraft_data/picture/Others/blacksmith tongs/002.png
451,/mnt/zsn/lyb/arti-skill/articraft_data/picture/Others/blacksmith tongs/003.png
452,/mnt/zsn/lyb/arti-skill/articraft_data/picture/Others/Matchbox/001.png
453,/mnt/zsn/lyb/arti-skill/articraft_data/picture/Others/Safe/001.png
454,/mnt/zsn/lyb/arti-skill/articraft_data/picture/0611/overhead_projector_with_articulating_mirror/001.png
455,/mnt/zsn/data/particulate/datasets/PV-A/renders/builtin99_representatives/overshot_waterwheel__seed_0000.png
456,/mnt/zsn/data/particulate/datasets/PV-A/renders/builtin99_representatives/paper_cutter_guillotine__seed_0000.png
457,/mnt/zsn/lyb/arti-skill/articraft_data/picture/Workspace/Paper shredder/001.png
458,/mnt/zsn/lyb/arti-skill/articraft_data/picture/Workspace/Paper shredder/002.png
459,/mnt/zsn/data/particulate/datasets/PV-A/renders/builtin99_representatives/parabolic_dish_on_azimuth_elevation_mount__seed_0000.png
460,/mnt/zsn/lyb/arti-skill/articraft_data/picture/Parts/quick release clamp/001.png
461,/mnt/zsn/lyb/arti-skill/articraft_data/picture/0611/pepper_mill_with_rotating_grinder_mechanism/001.png
462,/mnt/zsn/lyb/arti-skill/articraft_data/picture/Pet_Animal related/Pet carrier/001.png
463,/mnt/zsn/lyb/arti-skill/articraft_data/picture/Pet_Animal related/Pet carrier/002.png
464,/mnt/zsn/lyb/arti-skill/articraft_data/picture/Pet_Animal related/Pet stroller/001.png
465,/mnt/zsn/lyb/arti-skill/articraft_data/picture/Pet_Animal related/Pet stroller/002.png
466,/mnt/zsn/lyb/arti-skill/articraft_data/picture/0611/piano_bench/001.png
467,/mnt/zsn/lyb/arti-skill/articraft_data/picture/0611/piano_bench/002.png
468,/mnt/zsn/lyb/arti-skill/articraft_data/picture/0611/piano_bench/003.png
469,/mnt/zsn/lyb/arti-skill/articraft_data/picture/0611/Air_blower/001.png
470,/mnt/zsn/lyb/arti-skill/articraft_data/picture/0611/Air_blower/002.png
471,/mnt/zsn/lyb/arti-skill/articraft_data/picture/0611/ball_transfer_unit_with_spring_loaded_ball/001.png
472,/mnt/zsn/lyb/arti-skill/articraft_data/picture/0611/ball_valve_with_quarter_turn_handle/001.png
473,/mnt/zsn/lyb/arti-skill/articraft_data/picture/0611/bevel_gear_pair_with_perpendicular_shafts/001.png
474,/mnt/zsn/lyb/arti-skill/articraft_data/picture/0611/bevel_gear_pair_with_perpendicular_shafts/002.png
475,/mnt/zsn/lyb/arti-skill/articraft_data/picture/0611/bi_fold_closet_door_system/001.png
476,/mnt/zsn/lyb/arti-skill/articraft_data/picture/0611/bookcase/001.png
477,/mnt/zsn/lyb/arti-skill/articraft_data/picture/0611/bookcase/002.png
478,/mnt/zsn/lyb/arti-skill/articraft_data/picture/0611/bookcase/003.png
479,/mnt/zsn/lyb/arti-skill/articraft_data/picture/0611/bookcase/004.png
480,/mnt/zsn/lyb/arti-skill/articraft_data/picture/0611/bookcase/005.png
481,/mnt/zsn/lyb/arti-skill/articraft_data/picture/0611/bookcase/006.png
482,/mnt/zsn/lyb/arti-skill/articraft_data/picture/0611/bookcase1/001.png
483,/mnt/zsn/lyb/arti-skill/articraft_data/picture/0611/bookcase1/002.png
484,/mnt/zsn/lyb/arti-skill/articraft_data/picture/0611/bookcase1/003.png
485,/mnt/zsn/lyb/arti-skill/articraft_data/picture/0611/bookcase2/001.png
486,/mnt/zsn/lyb/arti-skill/articraft_data/picture/0611/bookcase2/002.png
487,/mnt/zsn/lyb/arti-skill/articraft_data/picture/0611/bookcase2/003.png
488,/mnt/zsn/lyb/arti-skill/articraft_data/picture/0611/Bookshelf_with_books/001.png
489,/mnt/zsn/lyb/arti-skill/articraft_data/picture/0611/Butter_maker/001.png
490,/mnt/zsn/lyb/arti-skill/articraft_data/picture/0611/butterfly_valve_with_lever_operator/001.png
491,/mnt/zsn/lyb/arti-skill/articraft_data/picture/0611/C-shaped_sofa_side_table/001.png
492,/mnt/zsn/lyb/arti-skill/articraft_data/picture/0611/Cabinet_with_doors/001.png
493,/mnt/zsn/lyb/arti-skill/articraft_data/picture/0611/Cabinet_with_doors/002.png
494,/mnt/zsn/lyb/arti-skill/articraft_data/picture/0611/Cabinet_with_doors/003.png
495,/mnt/zsn/lyb/arti-skill/articraft_data/picture/0611/Cabinet_with_doors/004.png
496,/mnt/zsn/lyb/arti-skill/articraft_data/picture/0611/Cabinet_with_doors/005.png
497,/mnt/zsn/lyb/arti-skill/articraft_data/picture/0611/Cabinet_with_doors_and_drawers/001.png
498,/mnt/zsn/lyb/arti-skill/articraft_data/picture/0611/Cabinet_with_doors_and_drawers/002.png
499,/mnt/zsn/lyb/arti-skill/articraft_data/picture/0611/Cabinet_with_doors_and_drawers/003.png
500,/mnt/zsn/lyb/arti-skill/articraft_data/picture/0611/Cabinet_with_doors_and_drawers/004.png
501,/mnt/zsn/lyb/arti-skill/articraft_data/picture/0611/Cabinet_with_drawers/001.png
502,/mnt/zsn/lyb/arti-skill/articraft_data/picture/0611/Cabinet_with_drawers/002.png
503,/mnt/zsn/lyb/arti-skill/articraft_data/picture/0611/Cabinet_with_drawers/003.png
504,/mnt/zsn/lyb/arti-skill/articraft_data/picture/0611/Cabinet_with_drawers/004.png
505,/mnt/zsn/lyb/arti-skill/articraft_data/picture/0611/Cabinet_with_drawers/005.png
506,/mnt/zsn/lyb/arti-skill/articraft_data/picture/0611/Cabinet_with_glass_lift-up_vitrine/001.png
507,/mnt/zsn/lyb/arti-skill/articraft_data/picture/0611/Cabinet_with_glass_lift-up_vitrine/002.png
508,/mnt/zsn/lyb/arti-skill/articraft_data/picture/0611/car_scissor_jack_with_screw_mechanism/001.png
509,/mnt/zsn/lyb/arti-skill/articraft_data/picture/0611/centrifuge_machine1/001.png
510,/mnt/zsn/lyb/arti-skill/articraft_data/picture/0611/centrifuge_machine2/001.png
511,/mnt/zsn/lyb/arti-skill/articraft_data/picture/0611/centrifuge_machine2/002.png
512,/mnt/zsn/lyb/arti-skill/articraft_data/picture/0611/Chain_separator/001.png
513,/mnt/zsn/lyb/arti-skill/articraft_data/picture/0611/compass/001.png
514,/mnt/zsn/lyb/arti-skill/articraft_data/picture/0611/crimping_tool/001.png
515,/mnt/zsn/lyb/arti-skill/articraft_data/picture/0611/crimping_tool/002.png
516,/mnt/zsn/lyb/arti-skill/articraft_data/picture/0611/crimping_tool/003.png
517,/mnt/zsn/lyb/arti-skill/articraft_data/picture/0611/Desk_with_drawers（no_door）/001.png
518,/mnt/zsn/lyb/arti-skill/articraft_data/picture/0611/Desk_with_drawers（no_door）/002.png
519,/mnt/zsn/lyb/arti-skill/articraft_data/picture/0611/Desk_with_drawers（no_door）/003.png
520,/mnt/zsn/lyb/arti-skill/articraft_data/picture/0611/Desk_with_drawers（no_door）/004.png
521,/mnt/zsn/lyb/arti-skill/articraft_data/picture/0611/Desk_with_drawers（no_door）/005.png
522,/mnt/zsn/lyb/arti-skill/articraft_data/picture/0611/drafting_table_with_adjustable_tilt_surface/001.png
523,/mnt/zsn/lyb/arti-skill/articraft_data/picture/0611/drafting_table_with_adjustable_tilt_surface/002.png
524,/mnt/zsn/lyb/arti-skill/articraft_data/picture/0611/drafting_table_with_adjustable_tilt_surface/003.png
525,/mnt/zsn/lyb/arti-skill/articraft_data/picture/0611/drafting_table_with_adjustable_tilt_surface/004.png
526,/mnt/zsn/lyb/arti-skill/articraft_data/picture/0611/drafting_table_with_adjustable_tilt_surface/005.png
527,/mnt/zsn/lyb/arti-skill/articraft_data/picture/0611/drawing_compass_with_adjustable_legs/001.png
528,/mnt/zsn/lyb/arti-skill/articraft_data/picture/0611/drawing_compass_with_adjustable_legs/002.png
529,/mnt/zsn/lyb/arti-skill/articraft_data/picture/0611/drawing_compass_with_adjustable_legs/003.png
530,/mnt/zsn/lyb/arti-skill/articraft_data/picture/0611/drawing_compass_with_adjustable_legs/004.png
531,/mnt/zsn/lyb/arti-skill/articraft_data/picture/0611/Dressing_table/001.png
532,/mnt/zsn/lyb/arti-skill/articraft_data/picture/0611/Dressing_table/002.png
533,/mnt/zsn/lyb/arti-skill/articraft_data/picture/0611/Dressing_table/003.png
534,/mnt/zsn/lyb/arti-skill/articraft_data/picture/0611/Dressing_table/004.png
535,/mnt/zsn/lyb/arti-skill/articraft_data/picture/0611/Dressing_table/005.png
536,/mnt/zsn/lyb/arti-skill/articraft_data/picture/0611/Dressing_table/006.png
537,/mnt/zsn/lyb/arti-skill/articraft_data/picture/0611/drum_pedal_with_beater_and_spring_return/001.png
538,/mnt/zsn/lyb/arti-skill/articraft_data/picture/0611/elevator_button_panel/001.png
539,/mnt/zsn/lyb/arti-skill/articraft_data/picture/0611/elevator_button_panel/002.png
540,/mnt/zsn/lyb/arti-skill/articraft_data/picture/0611/ergonomic_clamp_with_adjustable/001.png
541,/mnt/zsn/lyb/arti-skill/articraft_data/picture/0611/ergonomic_clamp_with_adjustable_components/001.png
542,/mnt/zsn/lyb/arti-skill/articraft_data/picture/0611/ergonomic_clamp_with_adjustable_components/002.png
543,/mnt/zsn/lyb/arti-skill/articraft_data/picture/0611/flaring_tool_with_cone_and_clamp/001.png
544,/mnt/zsn/lyb/arti-skill/articraft_data/picture/0611/flaring_tool_with_cone_and_clamp/002.png
545,/mnt/zsn/lyb/arti-skill/articraft_data/picture/0611/flexible_track_lighting_system/001.png
546,/mnt/zsn/lyb/arti-skill/articraft_data/picture/0611/flexible_track_lighting_system/002.png
547,/mnt/zsn/lyb/arti-skill/articraft_data/picture/0611/Floor-standing_drafting_table/001.png
548,/mnt/zsn/lyb/arti-skill/articraft_data/picture/0611/folders/001.png
549,/mnt/zsn/lyb/arti-skill/articraft_data/picture/0611/Folding_ruler/001.png
550,/mnt/zsn/lyb/arti-skill/articraft_data/picture/0611/Folding_ruler/002.png
551,/mnt/zsn/lyb/arti-skill/articraft_data/picture/0611/Folding_sofa_bed/001.png
552,/mnt/zsn/lyb/arti-skill/articraft_data/picture/0611/Folding_sofa_bed1/001.png
553,/mnt/zsn/lyb/arti-skill/articraft_data/picture/0611/Folding_sofa_bed1/002.png
554,/mnt/zsn/lyb/arti-skill/articraft_data/picture/0611/Folding_sofa_bed1/003.png
555,/mnt/zsn/lyb/arti-skill/articraft_data/picture/0611/Folding_sofa_bed2/001.png
556,/mnt/zsn/lyb/arti-skill/articraft_data/picture/0611/Folding_sofa_bed3/001.png
557,/mnt/zsn/lyb/arti-skill/articraft_data/picture/0611/Folding_table/001.png
558,/mnt/zsn/lyb/arti-skill/articraft_data/picture/0611/Folding_table/002.png
559,/mnt/zsn/lyb/arti-skill/articraft_data/picture/0611/Folding_table/003.png
560,/mnt/zsn/lyb/arti-skill/articraft_data/picture/0611/Folding_table/004.png
561,/mnt/zsn/lyb/arti-skill/articraft_data/picture/0611/Folding_table1/001.png
562,/mnt/zsn/lyb/arti-skill/articraft_data/picture/0611/Folding_table1/002.png
563,/mnt/zsn/lyb/arti-skill/articraft_data/picture/0611/Folding_table1/003.png
564,/mnt/zsn/lyb/arti-skill/articraft_data/picture/0611/Folding_table2/001.png
565,/mnt/zsn/lyb/arti-skill/articraft_data/picture/0611/Folding_table3/001.png
566,/mnt/zsn/lyb/arti-skill/articraft_data/picture/0611/Folding_table3/002.png
567,/mnt/zsn/lyb/arti-skill/articraft_data/picture/0611/Folding_table4/001.png
568,/mnt/zsn/lyb/arti-skill/articraft_data/picture/0611/Folding_table5/001.png
569,/mnt/zsn/lyb/arti-skill/articraft_data/picture/0611/Folding_table5/002.png
570,/mnt/zsn/lyb/arti-skill/articraft_data/picture/0611/Folding_table5/003.png
571,/mnt/zsn/lyb/arti-skill/articraft_data/picture/0611/full_height_turnstile/001.png
572,/mnt/zsn/lyb/arti-skill/articraft_data/picture/0611/full_height_turnstile/002.png
573,/mnt/zsn/lyb/arti-skill/articraft_data/picture/0611/full_height_turnstile/003.png
574,/mnt/zsn/lyb/arti-skill/articraft_data/picture/0611/full_height_turnstile/004.png
575,/mnt/zsn/lyb/arti-skill/articraft_data/picture/0611/Garden_pruner/001.png
576,/mnt/zsn/lyb/arti-skill/articraft_data/picture/0611/Garden_pruner/002.png
577,/mnt/zsn/lyb/arti-skill/articraft_data/picture/0611/Garden_pruner/003.png
578,/mnt/zsn/lyb/arti-skill/articraft_data/picture/0611/Garden_pruner/004.png
579,/mnt/zsn/lyb/arti-skill/articraft_data/picture/0611/garlic_press/001.png
580,/mnt/zsn/lyb/arti-skill/articraft_data/picture/0611/garlic_press/002.png
581,/mnt/zsn/lyb/arti-skill/articraft_data/picture/0611/garlic_press/003.png
582,/mnt/zsn/lyb/arti-skill/articraft_data/picture/0611/garlic_press/004.png
583,/mnt/zsn/lyb/arti-skill/articraft_data/picture/0611/garlic_press/005.png
584,/mnt/zsn/lyb/arti-skill/articraft_data/picture/0611/garlic_press/006.png
585,/mnt/zsn/lyb/arti-skill/articraft_data/picture/0611/generator/001.png
586,/mnt/zsn/lyb/arti-skill/articraft_data/picture/0611/generator/002.png
587,/mnt/zsn/lyb/arti-skill/articraft_data/picture/0611/generator/003.png
588,/mnt/zsn/lyb/arti-skill/articraft_data/picture/0611/generator/004.png
589,/mnt/zsn/lyb/arti-skill/articraft_data/picture/0611/Golf_cart/001.png
590,/mnt/zsn/lyb/arti-skill/articraft_data/picture/0611/guitar_tuning_peg_mechanism/001.png
591,/mnt/zsn/lyb/arti-skill/articraft_data/picture/0611/guitar_tuning_peg_mechanism/002.png
592,/mnt/zsn/lyb/arti-skill/articraft_data/picture/0611/guitar_tuning_peg_mechanism/003.png
593,/mnt/zsn/lyb/arti-skill/articraft_data/picture/0611/guitar_tuning_peg_mechanism/004.png
594,/mnt/zsn/lyb/arti-skill/articraft_data/picture/0611/guitar_tuning_peg_mechanism/005.png
595,/mnt/zsn/lyb/arti-skill/articraft_data/picture/0611/gyroscope_with_spinning_wheel_and_gimbal_rings/001.png
596,/mnt/zsn/lyb/arti-skill/articraft_data/picture/0611/gyroscope_with_spinning_wheel_and_gimbal_rings/002.png
597,/mnt/zsn/lyb/arti-skill/articraft_data/picture/0611/Hall_tree_with_flip-top_seat/001.png
598,/mnt/zsn/lyb/arti-skill/articraft_data/picture/0611/Hall_tree_with_flip-top_seat/002.png
599,/mnt/zsn/lyb/arti-skill/articraft_data/picture/0611/Hall_tree_with_flip-top_seat/003.png
600,/mnt/zsn/lyb/arti-skill/articraft_data/picture/0611/Hand-crank_clothes_wringer/001.png
601,/mnt/zsn/lyb/arti-skill/articraft_data/picture/0611/hand_operated_metal_brake_for_bending_sheet_metal/001.png
602,/mnt/zsn/lyb/arti-skill/articraft_data/picture/0611/Hole_punch/001.png
603,/mnt/zsn/lyb/arti-skill/articraft_data/picture/0611/Hole_punch/002.png
604,/mnt/zsn/lyb/arti-skill/articraft_data/picture/0611/Hutch_Cabinet/001.png
605,/mnt/zsn/lyb/arti-skill/articraft_data/picture/0611/hydraulic_jack/001.png
606,/mnt/zsn/lyb/arti-skill/articraft_data/picture/0611/hydraulic_jack/002.png
607,/mnt/zsn/lyb/arti-skill/articraft_data/picture/0611/hydraulic_jack1/001.png
608,/mnt/zsn/lyb/arti-skill/articraft_data/picture/0611/hydraulic_jack1/002.png
609,/mnt/zsn/lyb/arti-skill/articraft_data/picture/0611/hydraulic_jack2/001.png
610,/mnt/zsn/lyb/arti-skill/articraft_data/picture/0611/Ice_crream_machine/001.png
611,/mnt/zsn/lyb/arti-skill/articraft_data/picture/0611/Ice_crream_machine/002.png
612,/mnt/zsn/lyb/arti-skill/articraft_data/picture/0611/Ice_crream_machine/003.png
613,/mnt/zsn/lyb/arti-skill/articraft_data/picture/0611/Ice_crream_machine/004.png
614,/mnt/zsn/lyb/arti-skill/articraft_data/picture/0611/industrial_crane_featuring_advanced_hydraulic/001.png
615,/mnt/zsn/lyb/arti-skill/articraft_data/picture/0611/industrial_crane_featuring_advanced_hydraulic/002.png
616,/mnt/zsn/lyb/arti-skill/articraft_data/picture/0611/Industrial_rolling_work_table/001.png
617,/mnt/zsn/lyb/arti-skill/articraft_data/picture/0611/Industrial_rolling_work_table/002.png
618,/mnt/zsn/lyb/arti-skill/articraft_data/picture/0611/Industrial_rolling_work_table/003.png
619,/mnt/zsn/lyb/arti-skill/articraft_data/picture/0611/Industrial_rolling_work_table/004.png
620,/mnt/zsn/lyb/arti-skill/articraft_data/picture/0611/ironing_board2/001.png
621,/mnt/zsn/lyb/arti-skill/articraft_data/picture/0611/ironing_board2/002.png
622,/mnt/zsn/lyb/arti-skill/articraft_data/picture/0611/juicer_press_with_handle/001.png
623,/mnt/zsn/lyb/arti-skill/articraft_data/picture/0611/kitchen_cabinet/001.png
624,/mnt/zsn/lyb/arti-skill/articraft_data/picture/0611/kitchen_cabinet/002.png
625,/mnt/zsn/lyb/arti-skill/articraft_data/picture/0611/kitchen_cabinet/003.png
626,/mnt/zsn/lyb/arti-skill/articraft_data/picture/0611/kitchen_cabinet/004.png
627,/mnt/zsn/lyb/arti-skill/articraft_data/picture/0611/kitchen_cabinet/005.png
628,/mnt/zsn/lyb/arti-skill/articraft_data/picture/0611/Kitchen_set/001.png
629,/mnt/zsn/lyb/arti-skill/articraft_data/picture/0611/Kitchen_set/002.png
630,/mnt/zsn/lyb/arti-skill/articraft_data/picture/0611/Kitchen_set/003.png
631,/mnt/zsn/lyb/arti-skill/articraft_data/picture/0611/laser_level_tripod/001.png
632,/mnt/zsn/lyb/arti-skill/articraft_data/picture/0611/lazy_susan/001.png
633,/mnt/zsn/lyb/arti-skill/articraft_data/picture/0611/lazy_susan/002.png
634,/mnt/zsn/lyb/arti-skill/articraft_data/picture/0611/Lid_opener/001.png
635,/mnt/zsn/lyb/arti-skill/articraft_data/picture/0611/linear_bearing_slide_with_rail/001.png
636,/mnt/zsn/lyb/arti-skill/articraft_data/picture/0611/linear_bearing_slide_with_rail/002.png
637,/mnt/zsn/lyb/arti-skill/articraft_data/picture/0611/Locker_box/001.png
638,/mnt/zsn/lyb/arti-skill/articraft_data/picture/0611/Pilers_cutting_pliers/001.png
639,/mnt/zsn/lyb/arti-skill/articraft_data/picture/0611/Pilers_fencing_pliers/001.png
640,/mnt/zsn/lyb/arti-skill/articraft_data/picture/0611/Pilers_linesman_pliers/001.png
641,/mnt/zsn/lyb/arti-skill/articraft_data/picture/0611/Pilers_locking_pliers/001.png
642,/mnt/zsn/lyb/arti-skill/articraft_data/picture/0611/Pilers_needle_nose_pliers/001.png
643,/mnt/zsn/lyb/arti-skill/articraft_data/picture/0611/Pilers_slip_joint_pliers/001.png
644,/mnt/zsn/lyb/arti-skill/articraft_data/picture/0611/Pilers_tongue_groove_pliers/001.png
645,/mnt/zsn/lyb/arti-skill/articraft_data/picture/0611/Pilers_wire_strippers/001.png
646,/mnt/zsn/data/particulate/datasets/PV-A/renders/builtin99_representatives/platform_cart__seed_0000.png
647,/mnt/zsn/lyb/arti-skill/articraft_data/picture/Playground/playground chair swing carousel/001.png
648,/mnt/zsn/lyb/arti-skill/articraft_data/picture/Playground/playground chair swing carousel/002.png
649,/mnt/zsn/lyb/arti-skill/articraft_data/picture/Playground/playground merry-go-round/001.png
650,/mnt/zsn/lyb/arti-skill/articraft_data/picture/Playground/Seesaw/001.png
651,/mnt/zsn/lyb/arti-skill/articraft_data/picture/Playground/Seesaw/002.png
652,/mnt/zsn/lyb/arti-skill/articraft_data/picture/Playground/Seesaw/003.png
653,/mnt/zsn/lyb/arti-skill/articraft_data/picture/Playground/swing/001.png
654,/mnt/zsn/lyb/arti-skill/articraft_data/picture/Playground/swing/002.png
655,/mnt/zsn/data/particulate/datasets/PV-A/renders/builtin99_representatives/playground_swing__seed_0000.png
656,/mnt/zsn/lyb/arti-skill/articraft_data/picture/Playground/swing circular/001.png
657,/mnt/zsn/lyb/arti-skill/articraft_data/picture/Retail_Shop Fixtures/Point-of-sale terminal/001.png
658,/mnt/zsn/lyb/arti-skill/articraft_data/picture/Retail_Shop Fixtures/Point-of-sale terminal/002.png
659,/mnt/zsn/lyb/arti-skill/articraft_data/picture/Powertools/angle grinder/001.png
660,/mnt/zsn/lyb/arti-skill/articraft_data/picture/Powertools/drill/001.png
661,/mnt/zsn/lyb/arti-skill/articraft_data/picture/Powertools/Lawn mower/001.png
662,/mnt/zsn/lyb/arti-skill/articraft_data/picture/0611/projector/001.png
663,/mnt/zsn/lyb/arti-skill/articraft_data/picture/0611/protractor_with_swing_arm/001.png
664,/mnt/zsn/lyb/arti-skill/articraft_data/picture/0611/protractor_with_swing_arm/002.png
665,/mnt/zsn/lyb/arti-skill/articraft_data/picture/0611/protractor_with_swing_arm/003.png
666,/mnt/zsn/lyb/arti-skill/articraft_data/picture/0611/pulley/001.png
667,/mnt/zsn/data/particulate/datasets/PV-A/renders/builtin99_representatives/pushpull_plunger_chain__seed_0000.png
668,/mnt/zsn/lyb/arti-skill/articraft_data/picture/Pet_Animal related/Rabbit hutch/001.png
669,/mnt/zsn/lyb/arti-skill/articraft_data/picture/Pet_Animal related/Rabbit hutch/002.png
670,/mnt/zsn/lyb/arti-skill/articraft_data/picture/Robotics/Rack-and-pinion slider/001.png
671,/mnt/zsn/lyb/arti-skill/articraft_data/picture/Robotics/Rack-and-pinion slider/002.png
672,/mnt/zsn/lyb/arti-skill/articraft_data/picture/0611/ratchet_strap/001.png
673,/mnt/zsn/lyb/arti-skill/articraft_data/picture/0611/ratchet_strap/002.png
674,/mnt/zsn/data/particulate/datasets/PV-A/renders/builtin99_representatives/refrigerator_with_hinged_doors__seed_0000.png
675,/mnt/zsn/data/particulate/datasets/PV-A/renders/builtin99_representatives/remote_weapon_station__seed_0000.png
676,/mnt/zsn/lyb/arti-skill/articraft_data/picture/0611/retractable_patio_awning/001.png
677,/mnt/zsn/lyb/arti-skill/articraft_data/picture/0611/retractable_patio_awning/002.png
678,/mnt/zsn/data/particulate/datasets/PV-A/renders/builtin99_representatives/retractable_utility_knife__seed_0000.png
679,/mnt/zsn/data/particulate/datasets/PV-A/renders/builtin99_representatives/revolving_door__seed_0000.png
680,/mnt/zsn/lyb/arti-skill/articraft_data/picture/Workspace/ring-blinder/001.png
681,/mnt/zsn/lyb/arti-skill/articraft_data/picture/Workspace/ring-blinder/002.png
682,/mnt/zsn/lyb/arti-skill/articraft_data/picture/Law Enforcement_Protective Gear/Riot shield/001.png
683,/mnt/zsn/lyb/arti-skill/articraft_data/picture/Law Enforcement_Protective Gear/Riot shield/002.png
684,/mnt/zsn/lyb/arti-skill/articraft_data/picture/0611/rivet_squeeze/001.png
685,/mnt/zsn/lyb/arti-skill/articraft_data/picture/0611/rivet_squeeze/002.png
686,/mnt/zsn/lyb/arti-skill/articraft_data/picture/0611/rivet_squeeze/003.png
687,/mnt/zsn/lyb/arti-skill/articraft_data/picture/0611/rivet_squeeze1/001.png
688,/mnt/zsn/data/particulate/datasets/PV-A/renders/builtin99_representatives/robotic_arms__seed_0000.png
689,/mnt/zsn/data/particulate/datasets/PV-A/renders/builtin99_representatives/robotic_leg__seed_0000.png
690,/mnt/zsn/lyb/arti-skill/articraft_data/picture/0611/roller_conveyor/001.png
691,/mnt/zsn/lyb/arti-skill/articraft_data/picture/0611/roller_conveyor/002.png
692,/mnt/zsn/data/particulate/datasets/PV-A/renders/builtin99_representatives/rolling_toolbox_with_telescoping_handle__seed_0000.png
693,/mnt/zsn/lyb/arti-skill/articraft_data/picture/Camping_Outdoor Gear/Rope pulley/001.png
694,/mnt/zsn/lyb/arti-skill/articraft_data/picture/Camping_Outdoor Gear/Rope pulley/002.png
695,/mnt/zsn/lyb/arti-skill/articraft_data/picture/Camping_Outdoor Gear/Rope pulley/003.png
696,/mnt/zsn/data/particulate/datasets/PV-A/renders/builtin99_representatives/rotary_table_with_tilting_trunnion__seed_0000.png
697,/mnt/zsn/data/particulate/datasets/PV-A/renders/builtin99_representatives/rotating_observatory_dome__seed_0000.png
698,/mnt/zsn/lyb/arti-skill/articraft_data/picture/0611/Round_cabinet/001.png
699,/mnt/zsn/lyb/arti-skill/articraft_data/picture/0611/sailboat_winch_with_pawl_and_handle/001.png
700,/mnt/zsn/lyb/arti-skill/articraft_data/picture/0611/sailboat_winch_with_pawl_and_handle/002.png
701,/mnt/zsn/lyb/arti-skill/articraft_data/picture/0611/sailboat_winch_with_pawl_and_handle/003.png
702,/mnt/zsn/data/particulate/datasets/PV-A/renders/builtin99_representatives/satellite_with_articulated_solar_panels__seed_0000.png
703,/mnt/zsn/lyb/arti-skill/articraft_data/picture/0611/scanner/001.png
704,/mnt/zsn/lyb/arti-skill/articraft_data/picture/0611/scanner/002.png
705,/mnt/zsn/lyb/arti-skill/articraft_data/picture/0611/scanner/003.png
706,/mnt/zsn/lyb/arti-skill/articraft_data/picture/Science/Capsule/001.png
707,/mnt/zsn/lyb/arti-skill/articraft_data/picture/Science/Dental setup/001.png
708,/mnt/zsn/lyb/arti-skill/articraft_data/picture/Science/First aid cabinet/001.png
709,/mnt/zsn/lyb/arti-skill/articraft_data/picture/Science/microscope/001.png
710,/mnt/zsn/lyb/arti-skill/articraft_data/picture/Science/Surgical bed/001.png
711,/mnt/zsn/lyb/arti-skill/articraft_data/picture/Science/Surgical chair/001.png
712,/mnt/zsn/lyb/arti-skill/articraft_data/picture/Science/Syringe/001.png
713,/mnt/zsn/data/particulate/datasets/PV-A/renders/builtin99_representatives/screwcap_bottle__seed_0000.png
714,/mnt/zsn/data/particulate/datasets/PV-A/renders/builtin99_representatives/screwin_light_bulb_with_socket__seed_0000.png
715,/mnt/zsn/data/particulate/datasets/PV-A/renders/builtin99_representatives/searchlight_tower__seed_0000.png
716,/mnt/zsn/lyb/arti-skill/articraft_data/picture/Agricultural/Seed spreader/001.png
717,/mnt/zsn/lyb/arti-skill/articraft_data/picture/Agricultural/Seed spreader/002.png
718,/mnt/zsn/lyb/arti-skill/articraft_data/picture/0611/seeder/001.png
719,/mnt/zsn/lyb/arti-skill/articraft_data/picture/0611/seeder/002.png
720,/mnt/zsn/lyb/arti-skill/articraft_data/picture/0611/seeder/003.png
721,/mnt/zsn/data/particulate/datasets/PV-A/renders/builtin99_representatives/serial_elbow_arm__seed_0000.png
722,/mnt/zsn/lyb/arti-skill/articraft_data/picture/Textiles_Fabric/Sewing machine/001.png
723,/mnt/zsn/lyb/arti-skill/articraft_data/picture/Textiles_Fabric/Sewing machine/002.png
724,/mnt/zsn/lyb/arti-skill/articraft_data/picture/0611/Shelving_unit_with_adjustable_shelves/001.png
725,/mnt/zsn/lyb/arti-skill/articraft_data/picture/0611/Shelving_unit_with_folding_shelves/001.png
726,/mnt/zsn/lyb/arti-skill/articraft_data/picture/0611/Shelving_unit_with_folding_shelves/002.png
727,/mnt/zsn/data/particulate/datasets/PV-A/renders/builtin99_representatives/shoulderelbowwrist_arm__seed_0000.png
728,/mnt/zsn/lyb/arti-skill/articraft_data/picture/Sign/sign/001.png
729,/mnt/zsn/lyb/arti-skill/articraft_data/picture/Sign/sign/002.png
730,/mnt/zsn/data/particulate/datasets/PV-A/renders/builtin99_representatives/simple_aframe_step_ladder__seed_0000.png
731,/mnt/zsn/data/particulate/datasets/PV-A/renders/builtin99_representatives/simple_drying_rack__seed_0000.png
732,/mnt/zsn/data/particulate/datasets/PV-A/renders/builtin99_representatives/single_revolute_hinge__seed_0000.png
733,/mnt/zsn/data/particulate/datasets/PV-A/renders/builtin99_representatives/single_rotor_helicopter__seed_0000.png
734,/mnt/zsn/lyb/arti-skill/articraft_data/picture/Agricultural/Single-Wheelbarrow/001.png
735,/mnt/zsn/lyb/arti-skill/articraft_data/picture/Agricultural/Single-Wheelbarrow/002.png
736,/mnt/zsn/data/particulate/datasets/PV-A/renders/builtin99_representatives/singleleaf_drawbridge__seed_0000.png
737,/mnt/zsn/lyb/arti-skill/articraft_data/picture/0611/sliding_turnstile/001.png
738,/mnt/zsn/lyb/arti-skill/articraft_data/picture/0611/sliding_turnstile/002.png
739,/mnt/zsn/lyb/arti-skill/articraft_data/picture/0611/sliding_turnstile/003.png
740,/mnt/zsn/lyb/arti-skill/articraft_data/picture/0611/sliding_turnstile/004.png
741,/mnt/zsn/data/particulate/datasets/PV-A/renders/builtin99_representatives/sliding_window_classic__seed_0000.png
742,/mnt/zsn/data/particulate/datasets/PV-A/renders/builtin99_representatives/sluice_gate_with_vertical_lift_panel__seed_0000.png
743,/mnt/zsn/lyb/arti-skill/articraft_data/picture/Robotics/Soft pneumatic gripper/001.png
744,/mnt/zsn/lyb/arti-skill/articraft_data/picture/Robotics/Soft pneumatic gripper/002.png
745,/mnt/zsn/lyb/arti-skill/articraft_data/picture/0611/speed_gate/001.png
746,/mnt/zsn/lyb/arti-skill/articraft_data/picture/0611/speed_gate/002.png
747,/mnt/zsn/lyb/arti-skill/articraft_data/picture/Sports/Baby cycle/001.png
748,/mnt/zsn/lyb/arti-skill/articraft_data/picture/Sports/Bike/001.png
749,/mnt/zsn/lyb/arti-skill/articraft_data/picture/Sports/Carabiner/001.png
750,/mnt/zsn/lyb/arti-skill/articraft_data/picture/Sports/Dumble/001.png
751,/mnt/zsn/lyb/arti-skill/articraft_data/picture/Sports/Dumble/002.png
752,/mnt/zsn/lyb/arti-skill/articraft_data/picture/Sports/Exercise bike/001.png
753,/mnt/zsn/lyb/arti-skill/articraft_data/picture/Sports/Fidget Spinner/001.png
754,/mnt/zsn/lyb/arti-skill/articraft_data/picture/Sports/game console/001.png
755,/mnt/zsn/lyb/arti-skill/articraft_data/picture/Sports/game console/002.png
756,/mnt/zsn/lyb/arti-skill/articraft_data/picture/Sports/game console/003.png
757,/mnt/zsn/lyb/arti-skill/articraft_data/picture/Sports/Karting/001.png
758,/mnt/zsn/lyb/arti-skill/articraft_data/picture/Sports/Roller scates/001.png
759,/mnt/zsn/lyb/arti-skill/articraft_data/picture/Sports/Scooter Racer/001.png
760,/mnt/zsn/lyb/arti-skill/articraft_data/picture/Sports/Skateboard/001.png
761,/mnt/zsn/lyb/arti-skill/articraft_data/picture/Sports/Skincare Roller/001.png
762,/mnt/zsn/lyb/arti-skill/articraft_data/picture/Sports/Table football/001.png
763,/mnt/zsn/lyb/arti-skill/articraft_data/picture/Sports/Toy car/001.png
764,/mnt/zsn/lyb/arti-skill/articraft_data/picture/0611/sprinkler_head_with_rotating_arms/001.png
765,/mnt/zsn/lyb/arti-skill/articraft_data/picture/0611/sprinkler_head_with_rotating_arms/002.png
766,/mnt/zsn/lyb/arti-skill/articraft_data/picture/0611/sprinkler_head_with_rotating_arms/003.png
767,/mnt/zsn/lyb/arti-skill/articraft_data/picture/Stairs/Escalator/001.png
768,/mnt/zsn/lyb/arti-skill/articraft_data/picture/Stairs/Escalator/002.png
769,/mnt/zsn/data/particulate/datasets/PV-A/renders/builtin99_representatives/stand_mixer__seed_0000.png
770,/mnt/zsn/data/particulate/datasets/PV-A/renders/builtin99_representatives/standing_desk_with_synchronous_telescoping_legs_and_articulated_controls__seed_0000.png
771,/mnt/zsn/lyb/arti-skill/articraft_data/picture/Stationary/Calculater/001.png
772,/mnt/zsn/lyb/arti-skill/articraft_data/picture/Stationary/Clip/001.png
773,/mnt/zsn/lyb/arti-skill/articraft_data/picture/Stationary/Clipboard/001.png
774,/mnt/zsn/lyb/arti-skill/articraft_data/picture/Stationary/Folder/001.png
775,/mnt/zsn/lyb/arti-skill/articraft_data/picture/Stationary/Pen/001.png
776,/mnt/zsn/lyb/arti-skill/articraft_data/picture/Stationary/Pencil sharpener/001.png
777,/mnt/zsn/lyb/arti-skill/articraft_data/picture/Stationary/Scissors/001.png
778,/mnt/zsn/lyb/arti-skill/articraft_data/picture/0611/Storage_cart_with_drawers_on_wheels/001.png
779,/mnt/zsn/lyb/arti-skill/articraft_data/picture/0611/Storage_cart_with_drawers_on_wheels/002.png
780,/mnt/zsn/lyb/arti-skill/articraft_data/picture/0611/Storage_cart_with_drawers_on_wheels/003.png
781,/mnt/zsn/lyb/arti-skill/articraft_data/picture/0611/Storage_cart_with_drawers_on_wheels/004.png
782,/mnt/zsn/lyb/arti-skill/articraft_data/picture/0611/Storage_cart_with_drawers_on_wheels/005.png
783,/mnt/zsn/lyb/arti-skill/articraft_data/picture/0611/Storage_cart_with_drawers_on_wheels/006.png
784,/mnt/zsn/lyb/arti-skill/articraft_data/picture/Emergency Equipment/Stretcher/001.png
785,/mnt/zsn/lyb/arti-skill/articraft_data/picture/Emergency Equipment/Stretcher/002.png
786,/mnt/zsn/lyb/arti-skill/articraft_data/picture/Structure/Elevator/001.png
787,/mnt/zsn/lyb/arti-skill/articraft_data/picture/Structure/Elevator/002.png
788,/mnt/zsn/lyb/arti-skill/articraft_data/picture/0611/studio_lamp/001.png
789,/mnt/zsn/lyb/arti-skill/articraft_data/picture/0611/studio_lamp/002.png
790,/mnt/zsn/lyb/arti-skill/articraft_data/picture/0611/studio_lamp/003.png
791,/mnt/zsn/data/particulate/datasets/PV-A/renders/builtin99_representatives/studio_spotlight_on_yoke__seed_0000.png
792,/mnt/zsn/lyb/arti-skill/articraft_data/picture/0611/table_tennis_table/001.png
793,/mnt/zsn/lyb/arti-skill/articraft_data/picture/0611/table_tennis_table/002.png
794,/mnt/zsn/lyb/arti-skill/articraft_data/picture/0611/table_tennis_table/003.png
795,/mnt/zsn/lyb/arti-skill/articraft_data/picture/0611/table_tennis_table/004.png
796,/mnt/zsn/lyb/arti-skill/articraft_data/picture/0611/Table_with_doors_and_drawers/001.png
797,/mnt/zsn/lyb/arti-skill/articraft_data/picture/0611/Table_with_doors_and_drawers/002.png
798,/mnt/zsn/lyb/arti-skill/articraft_data/picture/0611/Table_with_drawers（no_door）/001.png
799,/mnt/zsn/lyb/arti-skill/articraft_data/picture/0611/Table_with_drawers（no_door）/002.png
800,/mnt/zsn/lyb/arti-skill/articraft_data/picture/0611/Table_with_drawers（no_door）/003.png
801,/mnt/zsn/data/particulate/datasets/PV-A/renders/builtin99_representatives/tackle_box_with_simple_hinged_lid__seed_0000.png
802,/mnt/zsn/lyb/arti-skill/articraft_data/picture/Textiles_Fabric/Tailor's dummy/001.png
803,/mnt/zsn/lyb/arti-skill/articraft_data/picture/Textiles_Fabric/Tailor's dummy/002.png
804,/mnt/zsn/lyb/arti-skill/articraft_data/picture/Technology/Audio_Device/001.png
805,/mnt/zsn/lyb/arti-skill/articraft_data/picture/Technology/Audio_Device/002.png
806,/mnt/zsn/lyb/arti-skill/articraft_data/picture/Technology/Audio_Device/003.png
807,/mnt/zsn/lyb/arti-skill/articraft_data/picture/Technology/Audio_Device/005.png
808,/mnt/zsn/lyb/arti-skill/articraft_data/picture/Technology/Conference_Phone/001.png
809,/mnt/zsn/lyb/arti-skill/articraft_data/picture/Technology/Conference_Phone/002.png
810,/mnt/zsn/lyb/arti-skill/articraft_data/picture/Technology/Conference_Phone/003.png
811,/mnt/zsn/lyb/arti-skill/articraft_data/picture/Technology/Conference_Phone/004.png
812,/mnt/zsn/lyb/arti-skill/articraft_data/picture/Technology/Conference_Phone/005.png
813,/mnt/zsn/lyb/arti-skill/articraft_data/picture/Technology/Flashlight/001.png
814,/mnt/zsn/lyb/arti-skill/articraft_data/picture/Technology/Flashlight/002.png
815,/mnt/zsn/lyb/arti-skill/articraft_data/picture/Technology/Graphics_Card/001.png
816,/mnt/zsn/lyb/arti-skill/articraft_data/picture/Technology/Graphics_Card/002.png
817,/mnt/zsn/lyb/arti-skill/articraft_data/picture/Technology/Graphics_Card/003.png
818,/mnt/zsn/lyb/arti-skill/articraft_data/picture/Technology/Graphics_Card/004.png
819,/mnt/zsn/lyb/arti-skill/articraft_data/picture/Technology/Keyboard/001.png
820,/mnt/zsn/lyb/arti-skill/articraft_data/picture/Technology/Keyboard/002.png
821,/mnt/zsn/lyb/arti-skill/articraft_data/picture/Technology/Laptop/001.png
822,/mnt/zsn/lyb/arti-skill/articraft_data/picture/Technology/Laptop/002.png
823,/mnt/zsn/lyb/arti-skill/articraft_data/picture/Technology/Mobile_Phone/001.png
824,/mnt/zsn/lyb/arti-skill/articraft_data/picture/Technology/Mobile_Phone/002.png
825,/mnt/zsn/lyb/arti-skill/articraft_data/picture/Technology/Monitor/001.png
826,/mnt/zsn/lyb/arti-skill/articraft_data/picture/Technology/Monitor/002.png
827,/mnt/zsn/lyb/arti-skill/articraft_data/picture/Technology/Printer/001.png
828,/mnt/zsn/lyb/arti-skill/articraft_data/picture/Technology/Printer/002.png
829,/mnt/zsn/lyb/arti-skill/articraft_data/picture/Technology/Printer/003.png
830,/mnt/zsn/lyb/arti-skill/articraft_data/picture/Technology/Remote_Control/001.png
831,/mnt/zsn/lyb/arti-skill/articraft_data/picture/Technology/Remote_Control/002.png
832,/mnt/zsn/lyb/arti-skill/articraft_data/picture/Technology/Security_Camera/001.png
833,/mnt/zsn/lyb/arti-skill/articraft_data/picture/Technology/Security_Camera/002.png
834,/mnt/zsn/lyb/arti-skill/articraft_data/picture/Technology/Security_Camera/003.png
835,/mnt/zsn/lyb/arti-skill/articraft_data/picture/Technology/Security_Camera/004.png
836,/mnt/zsn/lyb/arti-skill/articraft_data/picture/Technology/Telescope/001.png
837,/mnt/zsn/lyb/arti-skill/articraft_data/picture/Technology/Telescope/002.png
838,/mnt/zsn/data/particulate/datasets/PV-A/renders/builtin99_representatives/telescoping_boom__seed_0000.png
839,/mnt/zsn/lyb/arti-skill/articraft_data/picture/0611/telescoping_fishing_rod/001.png
840,/mnt/zsn/lyb/arti-skill/articraft_data/picture/0611/telescoping_fishing_rod/002.png
841,/mnt/zsn/lyb/arti-skill/articraft_data/picture/0611/telescoping_pointer/001.png
842,/mnt/zsn/data/particulate/datasets/PV-A/renders/builtin99_representatives/threestage_telescoping_slide__seed_0000.png
843,/mnt/zsn/lyb/arti-skill/articraft_data/picture/Agricultural/Tractor/001.png
844,/mnt/zsn/lyb/arti-skill/articraft_data/picture/Agricultural/Tractor/002.png
845,/mnt/zsn/data/particulate/datasets/PV-A/renders/builtin99_representatives/traditional_windmill__seed_0000.png
846,/mnt/zsn/lyb/arti-skill/articraft_data/picture/Camping_Outdoor Gear/Trekking pole collapsible/001.png
847,/mnt/zsn/lyb/arti-skill/articraft_data/picture/Camping_Outdoor Gear/Trekking pole collapsible/002.png
848,/mnt/zsn/lyb/arti-skill/articraft_data/picture/0611/tricycle/001.png
849,/mnt/zsn/lyb/arti-skill/articraft_data/picture/0611/tripod/001.png
850,/mnt/zsn/lyb/arti-skill/articraft_data/picture/0611/tripod/002.png
851,/mnt/zsn/lyb/arti-skill/articraft_data/picture/0611/tripod/003.png
852,/mnt/zsn/lyb/arti-skill/articraft_data/picture/0611/trombone/001.png
853,/mnt/zsn/lyb/arti-skill/articraft_data/picture/0611/trombone/002.png
854,/mnt/zsn/lyb/arti-skill/articraft_data/picture/0611/trumpet/001.png
855,/mnt/zsn/lyb/arti-skill/articraft_data/picture/0611/trumpet/002.png
856,/mnt/zsn/lyb/arti-skill/articraft_data/picture/0611/tube_cutter/001.png
857,/mnt/zsn/lyb/arti-skill/articraft_data/picture/0611/tube_cutter/002.png
858,/mnt/zsn/lyb/arti-skill/articraft_data/picture/0611/tube_cutter/003.png
859,/mnt/zsn/lyb/arti-skill/articraft_data/picture/0611/turnbuckle/001.png
860,/mnt/zsn/lyb/arti-skill/articraft_data/picture/0611/turnbuckle/002.png
861,/mnt/zsn/lyb/arti-skill/articraft_data/picture/0611/turnbuckle/003.png
862,/mnt/zsn/lyb/arti-skill/articraft_data/picture/0611/turnbuckle/004.png
863,/mnt/zsn/data/particulate/datasets/PV-A/renders/builtin99_representatives/turnstile_gates__seed_0000.png
864,/mnt/zsn/data/particulate/datasets/PV-A/renders/builtin99_representatives/turntable__seed_0000.png
865,/mnt/zsn/lyb/arti-skill/articraft_data/picture/0611/TV_cabinet/001.png
866,/mnt/zsn/lyb/arti-skill/articraft_data/picture/0611/TV_cabinet/002.png
867,/mnt/zsn/lyb/arti-skill/articraft_data/picture/0611/TV_cabinet/003.png
868,/mnt/zsn/lyb/arti-skill/articraft_data/picture/0611/TV_cabinet/004.png
869,/mnt/zsn/lyb/arti-skill/articraft_data/picture/0611/TV_cabinet/005.png
870,/mnt/zsn/lyb/arti-skill/articraft_data/picture/0611/TV_cabinet/006.png
871,/mnt/zsn/lyb/arti-skill/articraft_data/picture/0611/TV_cabinet/007.png
872,/mnt/zsn/lyb/arti-skill/articraft_data/picture/0611/tv_wall_mount/001.png
873,/mnt/zsn/lyb/arti-skill/articraft_data/picture/0611/tv_wall_mount/002.png
874,/mnt/zsn/lyb/arti-skill/articraft_data/picture/0611/tv_wall_mount/003.png
875,/mnt/zsn/lyb/arti-skill/articraft_data/picture/0611/tv_wall_mount/004.png
876,/mnt/zsn/data/particulate/datasets/PV-A/renders/builtin99_representatives/twojoint_prismatic_chain__seed_0000.png
877,/mnt/zsn/data/particulate/datasets/PV-A/renders/builtin99_representatives/twojoint_revolute_chain__seed_0000.png
878,/mnt/zsn/lyb/arti-skill/articraft_data/picture/0611/universal_joint/001.png
879,/mnt/zsn/lyb/arti-skill/articraft_data/picture/0611/universal_joint/002.png
880,/mnt/zsn/lyb/arti-skill/articraft_data/picture/Urban Environment/bucket1/001.png
881,/mnt/zsn/lyb/arti-skill/articraft_data/picture/Urban Environment/bucket2/001.png
882,/mnt/zsn/lyb/arti-skill/articraft_data/picture/Urban Environment/Caster Trolley/001.png
883,/mnt/zsn/lyb/arti-skill/articraft_data/picture/Urban Environment/Caster Trolley/002.png
884,/mnt/zsn/lyb/arti-skill/articraft_data/picture/Urban Environment/Caster Trolley/003.png
885,/mnt/zsn/lyb/arti-skill/articraft_data/picture/Urban Environment/Caster Trolley/004.png
886,/mnt/zsn/lyb/arti-skill/articraft_data/picture/Urban Environment/Caster Trolley2/001.png
887,/mnt/zsn/lyb/arti-skill/articraft_data/picture/Urban Environment/Draft Wagon/001.png
888,/mnt/zsn/lyb/arti-skill/articraft_data/picture/Urban Environment/Draft Wagon/002.png
889,/mnt/zsn/lyb/arti-skill/articraft_data/picture/Urban Environment/Draft Wagon/003.png
890,/mnt/zsn/lyb/arti-skill/articraft_data/picture/Urban Environment/Fire cabinet/001.png
891,/mnt/zsn/lyb/arti-skill/articraft_data/picture/Urban Environment/Fire Extinguisher/001.png
892,/mnt/zsn/lyb/arti-skill/articraft_data/picture/Urban Environment/Fire Hydrant/001.png
893,/mnt/zsn/lyb/arti-skill/articraft_data/picture/Urban Environment/Fire Hydrant/002.png
894,/mnt/zsn/lyb/arti-skill/articraft_data/picture/Urban Environment/Garbage bin/001.png
895,/mnt/zsn/lyb/arti-skill/articraft_data/picture/Urban Environment/Large Trashcan/001.png
896,/mnt/zsn/lyb/arti-skill/articraft_data/picture/Urban Environment/Large Trashcan/002.png
897,/mnt/zsn/lyb/arti-skill/articraft_data/picture/Urban Environment/Mailbox/001.png
898,/mnt/zsn/lyb/arti-skill/articraft_data/picture/Urban Environment/Mailbox/002.png
899,/mnt/zsn/lyb/arti-skill/articraft_data/picture/Urban Environment/Mailbox/003.png
900,/mnt/zsn/lyb/arti-skill/articraft_data/picture/Urban Environment/Manhole cover/001.png
901,/mnt/zsn/lyb/arti-skill/articraft_data/picture/Urban Environment/Manhole cover/002.png
902,/mnt/zsn/lyb/arti-skill/articraft_data/picture/Urban Environment/Manhole cover/003.png
903,/mnt/zsn/lyb/arti-skill/articraft_data/picture/Urban Environment/Manhole cover/004.png
904,/mnt/zsn/lyb/arti-skill/articraft_data/picture/Urban Environment/Phone box/001.png
905,/mnt/zsn/lyb/arti-skill/articraft_data/picture/Urban Environment/Public toilet/001.png
906,/mnt/zsn/lyb/arti-skill/articraft_data/picture/Urban Environment/Roof antena/001.png
907,/mnt/zsn/lyb/arti-skill/articraft_data/picture/Urban Environment/sci-fi satellite dish/001.png
908,/mnt/zsn/lyb/arti-skill/articraft_data/picture/Urban Environment/Tilt Truck1/001.png
909,/mnt/zsn/lyb/arti-skill/articraft_data/picture/Urban Environment/Tilt Truck1/002.png
910,/mnt/zsn/lyb/arti-skill/articraft_data/picture/Urban Environment/Tilt Truck1/003.png
911,/mnt/zsn/lyb/arti-skill/articraft_data/picture/Urban Environment/Tilt Truck1/004.png
912,/mnt/zsn/lyb/arti-skill/articraft_data/picture/Urban Environment/Tilt Truck2/001.png
913,/mnt/zsn/lyb/arti-skill/articraft_data/picture/Urban Environment/Tilt Truck2/002.png
914,/mnt/zsn/lyb/arti-skill/articraft_data/picture/Urban Environment/Tilt Truck2/003.png
915,/mnt/zsn/lyb/arti-skill/articraft_data/picture/Urban Environment/Tilt Truck2/004.png
916,/mnt/zsn/lyb/arti-skill/articraft_data/picture/Urban Environment/Trashcan1/001.png
917,/mnt/zsn/lyb/arti-skill/articraft_data/picture/Urban Environment/Trashcan1/002.png
918,/mnt/zsn/lyb/arti-skill/articraft_data/picture/Urban Environment/Trashcan2/001.png
919,/mnt/zsn/lyb/arti-skill/articraft_data/picture/Urban Environment/Trashcan2/002.png
920,/mnt/zsn/lyb/arti-skill/articraft_data/picture/Urban Environment/Trashcan2/003.png
921,/mnt/zsn/lyb/arti-skill/articraft_data/picture/Urban Environment/utility box/001.png
922,/mnt/zsn/lyb/arti-skill/articraft_data/picture/Urban Environment/utility box/002.png
923,/mnt/zsn/lyb/arti-skill/articraft_data/picture/Urban Environment/utility box/003.png
924,/mnt/zsn/lyb/arti-skill/articraft_data/picture/Urban Environment/utility box/004.png
925,/mnt/zsn/lyb/arti-skill/articraft_data/picture/Urban Environment/Well lid/001.png
926,/mnt/zsn/data/particulate/datasets/PV-A/renders/builtin99_representatives/usb_drive_with_swivel_cover__seed_0000.png
927,/mnt/zsn/data/particulate/datasets/PV-A/renders/builtin99_representatives/vane_array_with_independent_pivots__seed_0000.png
928,/mnt/zsn/lyb/arti-skill/articraft_data/picture/Vehicle/Sports car_/001.png
929,/mnt/zsn/lyb/arti-skill/articraft_data/picture/Vehicle/Sports car_/002.png
930,/mnt/zsn/lyb/arti-skill/articraft_data/picture/Vehicle/Sports car_/003.png
931,/mnt/zsn/lyb/arti-skill/articraft_data/picture/Vehicle/Sports car_/004.png
932,/mnt/zsn/lyb/arti-skill/articraft_data/picture/0611/waffle_maker/001.png
933,/mnt/zsn/lyb/arti-skill/articraft_data/picture/0611/waffle_maker/002.png
934,/mnt/zsn/lyb/arti-skill/articraft_data/picture/0611/waffle_maker/003.png
935,/mnt/zsn/lyb/arti-skill/articraft_data/picture/0611/waffle_maker/004.png
936,/mnt/zsn/lyb/arti-skill/articraft_data/picture/0611/waffle_maker/005.png
937,/mnt/zsn/lyb/arti-skill/articraft_data/picture/0611/Walking_cane/001.png
938,/mnt/zsn/lyb/arti-skill/articraft_data/picture/0611/Walking_cane/002.png
939,/mnt/zsn/lyb/arti-skill/articraft_data/picture/0611/Walking_cane/003.png
940,/mnt/zsn/data/particulate/datasets/PV-A/renders/builtin99_representatives/wall_safe_with_hinged_door_and_dial__seed_0000.png
941,/mnt/zsn/lyb/arti-skill/articraft_data/picture/0611/watch/001.png
942,/mnt/zsn/lyb/arti-skill/articraft_data/picture/0611/watch/002.png
943,/mnt/zsn/lyb/arti-skill/articraft_data/picture/0611/watch/003.png
944,/mnt/zsn/lyb/arti-skill/articraft_data/picture/0611/watch/004.png
945,/mnt/zsn/lyb/arti-skill/articraft_data/picture/0611/watch/005.png
946,/mnt/zsn/lyb/arti-skill/articraft_data/picture/Camping_Outdoor Gear/Water filter pump/001.png
947,/mnt/zsn/lyb/arti-skill/articraft_data/picture/Camping_Outdoor Gear/Water filter pump/002.png
948,/mnt/zsn/lyb/arti-skill/articraft_data/picture/Agricultural/Watering can/001.png
949,/mnt/zsn/data/particulate/datasets/PV-A/renders/builtin99_representatives/wheelbarrow__seed_0000.png
950,/mnt/zsn/data/particulate/datasets/PV-A/renders/builtin99_representatives/wheelie_bin_with_hinged_lid__seed_0000.png
951,/mnt/zsn/lyb/arti-skill/articraft_data/picture/Workspace/Whiteboard easel/001.png
952,/mnt/zsn/lyb/arti-skill/articraft_data/picture/Workspace/Whiteboard easel/002.png
953,/mnt/zsn/data/particulate/datasets/PV-A/renders/builtin99_representatives/wind_turbine__seed_0000.png
954,/mnt/zsn/lyb/arti-skill/articraft_data/picture/Window/Sliding window/001.png
955,/mnt/zsn/lyb/arti-skill/articraft_data/picture/Window/Sliding window/002.png
956,/mnt/zsn/lyb/arti-skill/articraft_data/picture/Window/Sliding window/003.png
957,/mnt/zsn/lyb/arti-skill/articraft_data/picture/Window/Window/001.png
958,/mnt/zsn/lyb/arti-skill/articraft_data/picture/Window/Window/002.png
959,/mnt/zsn/lyb/arti-skill/articraft_data/picture/Window/Window/003.png
960,/mnt/zsn/lyb/arti-skill/articraft_data/picture/Window/Window/004.png
961,/mnt/zsn/lyb/arti-skill/articraft_data/picture/Window/Window/005.png
962,/mnt/zsn/lyb/arti-skill/articraft_data/picture/Window/Window/006.png
963,/mnt/zsn/lyb/arti-skill/articraft_data/picture/Window/Window/007.png
964,/mnt/zsn/lyb/arti-skill/articraft_data/picture/Window/Window/008.png
965,/mnt/zsn/lyb/arti-skill/articraft_data/picture/Window/Window/009.png
966,/mnt/zsn/data/particulate/datasets/PV-A/renders/builtin99_representatives/windshield_wiper_assembly__seed_0000.png
967,/mnt/zsn/lyb/arti-skill/articraft_data/picture/0611/wine_cabinet/001.png
968,/mnt/zsn/lyb/arti-skill/articraft_data/picture/0611/wine_cabinet/002.png
969,/mnt/zsn/lyb/arti-skill/articraft_data/picture/0611/wine_cabinet/003.png
970,/mnt/zsn/lyb/arti-skill/articraft_data/picture/0611/wine_cabinet1/001.png
971,/mnt/zsn/lyb/arti-skill/articraft_data/picture/0611/wine_cabinet1/002.png
972,/mnt/zsn/lyb/arti-skill/articraft_data/picture/0611/wine_cabinet1/003.png
973,/mnt/zsn/lyb/arti-skill/articraft_data/picture/0611/wine_cabinet1/004.png
974,/mnt/zsn/lyb/arti-skill/articraft_data/picture/0611/wine_cabinet2/001.png
975,/mnt/zsn/lyb/arti-skill/articraft_data/picture/0611/wine_cabinet2/002.png
976,/mnt/zsn/lyb/arti-skill/articraft_data/picture/0611/wine_cabinet2/003.png
977,/mnt/zsn/lyb/arti-skill/articraft_data/picture/0611/wine_cabinet2/004.png
978,/mnt/zsn/lyb/arti-skill/articraft_data/picture/0611/Wine_rack/001.png
979,/mnt/zsn/lyb/arti-skill/articraft_data/picture/0611/worm_gear_and_wheel_assembly/001.png
980,/mnt/zsn/lyb/arti-skill/articraft_data/picture/0611/worm_gear_and_wheel_assembly/002.png
981,/mnt/zsn/lyb/arti-skill/articraft_data/picture/0611/Wrench_set/001.png
982,/mnt/zsn/lyb/arti-skill/articraft_data/picture/0611/Wrench_set/002.png
983,/mnt/zsn/data/particulate/datasets/PV-A/renders/builtin99_representatives/zippo_lighter__seed_0000.png
