category_id,category,model_count,source_count,source_counts_json,color
01,aerosol_can,20,4,"{""3dw"": 2, ""objaverse"": 5, ""objaverse_xl"": 9, ""texverse"": 4}",#38276d
02,armoire,113,4,"{""3dfModel"": 2, ""3dw"": 10, ""fpModel"": 93, ""wss"": 8}",#3b2f80
03,bar_stool,11,4,"{""3dfModel"": 4, ""3dw"": 1, ""abo"": 4, ""fpModel"": 2}",#3e3891
04,blender,11,5,"{""3dw"": 1, ""fpModel"": 1, ""objaverse"": 3, ""objaverse_xl"": 4, ""texverse"": 2}",#4040a2
05,bookcase,27,4,"{""3dfModel"": 3, ""3dw"": 1, ""fpModel"": 21, ""wss"": 2}",#4249b1
06,bottle,50,3,"{""3dw"": 11, ""fpModel"": 11, ""wss"": 28}",#4451bf
07,bucket,50,5,"{""3dc200"": 40, ""3dw"": 2, ""fpModel"": 1, ""partnext"": 5, ""wss"": 2}",#4559cb
08,camera,3,1,"{""wss"": 3}",#455ed3
09,cap_pen,10,2,"{""3dw"": 7, ""wss"": 3}",#4666dd
10,ceiling_fan,5,1,"{""fpModel"": 5}",#476ee6
11,chest_of_drawers,420,5,"{""3dfModel"": 168, ""3dw"": 18, ""abo"": 47, ""fpModel"": 172, ""wss"": 15}",#4776ee
12,clasp_knife,1,1,"{""3dc200"": 1}",#467df4
13,coffee_table,35,6,"{""3dfModel"": 3, ""3dw"": 1, ""fpModel"": 9, ""objaverse"": 12, ""objaverse_xl"": 2, ""texverse"": 8}",#4685fa
14,desk,229,8,"{""3dfModel"": 25, ""3dw"": 16, ""abo"": 16, ""fpModel"": 66, ""objaverse"": 6, ""objaverse_xl"": 37, ""texverse"": 62, ""wss"": 1}",#458cfd
15,digital_piano,2,1,"{""3dw"": 2}",#4294ff
16,dishwasher,33,4,"{""3dc200"": 9, ""3dw"": 12, ""fpModel"": 5, ""wss"": 7}",#3e9bfe
17,display,32,2,"{""3dw"": 24, ""fpModel"": 8}",#3aa3fc
18,display_cabinet,11,1,"{""fpModel"": 11}",#37a8fa
19,divider,11,1,"{""3dc200"": 11}",#31aff5
20,door,136,5,"{""3dw"": 23, ""fpModel"": 81, ""objaverse"": 11, ""objaverse_xl"": 19, ""texverse"": 2}",#2cb7f0
21,dumpster,23,4,"{""3dw"": 1, ""objaverse"": 4, ""objaverse_xl"": 10, ""texverse"": 8}",#27bee9
22,electric_clock,8,2,"{""3dw"": 4, ""fpModel"": 4}",#22c5e2
23,electric_fan,29,5,"{""3dw"": 1, ""fpModel"": 1, ""objaverse"": 12, ""objaverse_xl"": 5, ""texverse"": 10}",#1ecbda
24,electric_kettle,3,3,"{""fpModel"": 1, ""objaverse"": 1, ""objaverse_xl"": 1}",#1ad2d2
25,eyeglasses,120,4,"{""3dw"": 4, ""objaverse"": 38, ""objaverse_xl"": 40, ""texverse"": 38}",#18d7ca
26,faucet,83,5,"{""3dc200"": 1, ""fpModel"": 13, ""objaverse"": 48, ""objaverse_xl"": 3, ""texverse"": 18}",#18ddc2
27,flashlight,21,3,"{""3dw"": 13, ""partnext"": 3, ""wss"": 5}",#19e2bb
28,floor_clock,2,1,"{""3dw"": 2}",#1ae4b6
29,floor_lamp,29,6,"{""3dfModel"": 6, ""abo"": 5, ""fpModel"": 10, ""objaverse"": 3, ""objaverse_xl"": 3, ""wss"": 2}",#1fe9af
30,game_controller,1,1,"{""partnext"": 1}",#25eca7
31,grill,3,2,"{""3dw"": 2, ""fpModel"": 1}",#2cf09e
32,jewelry_box,8,2,"{""3dw"": 7, ""wss"": 1}",#35f394
33,kitchen_pot,18,2,"{""abo"": 1, ""fpModel"": 17}",#3ff68a
34,laptop,38,4,"{""3dw"": 2, ""objaverse_xl"": 13, ""texverse"": 12, ""wss"": 11}",#4af880
35,lidded_bin,1,1,"{""fpModel"": 1}",#55fa76
36,lighter,5,1,"{""3dw"": 5}",#61fc6c
37,locker,12,2,"{""3dw"": 5, ""fpModel"": 7}",#6dfe62
38,makeup_mirror,11,2,"{""3dw"": 2, ""fpModel"": 9}",#75fe5c
39,mechanical_pen,10,2,"{""3dw"": 4, ""wss"": 6}",#80ff53
40,memory_stick,2,1,"{""3dw"": 2}",#8bff4b
41,microwave,50,4,"{""3dc200"": 12, ""3dw"": 27, ""fpModel"": 8, ""wss"": 3}",#96fe44
42,moka_pot,2,1,"{""fpModel"": 2}",#9ffd3f
43,monitor_arm,5,1,"{""3dw"": 5}",#a7fc3a
44,nightstand,490,7,"{""3dfModel"": 229, ""3dw"": 10, ""fpModel"": 148, ""objaverse"": 25, ""objaverse_xl"": 27, ""texverse"": 43, ""wss"": 8}",#affa37
45,oven,98,3,"{""3dw"": 72, ""fpModel"": 22, ""wss"": 4}",#b7f735
46,pedal_bin,26,3,"{""fpModel"": 23, ""objaverse"": 1, ""objaverse_xl"": 2}",#bef434
47,piano,7,3,"{""3dfModel"": 1, ""3dw"": 1, ""fpModel"": 5}",#c6f034
48,picture_frame,4,1,"{""3dc200"": 4}",#cbed34
49,pliers,2,1,"{""3dw"": 2}",#d2e935
50,recliner_chair,12,2,"{""fpModel"": 2, ""wss"": 10}",#d9e436
51,refrigerator,149,7,"{""3dfModel"": 19, ""3dw"": 45, ""fpModel"": 34, ""objaverse"": 6, ""objaverse_xl"": 33, ""texverse"": 4, ""wss"": 8}",#dfdf37
52,remote,5,2,"{""3dw"": 1, ""partnext"": 4}",#e5d938
53,safe,9,3,"{""fpModel"": 4, ""objaverse_xl"": 3, ""texverse"": 2}",#ebd339
54,scissors,47,3,"{""objaverse"": 11, ""objaverse_xl"": 25, ""texverse"": 11}",#efcd3a
55,shopping_cart,4,3,"{""3dw"": 1, ""objaverse_xl"": 2, ""wss"": 1}",#f4c73a
56,sideboard,201,4,"{""3dfModel"": 59, ""3dw"": 40, ""fpModel"": 88, ""wss"": 14}",#f7c13a
57,sink_cabinet,30,2,"{""3dw"": 4, ""fpModel"": 26}",#faba39
58,skateboard,5,1,"{""partnext"": 5}",#fbb637
59,soap_dispenser,12,4,"{""fpModel"": 2, ""objaverse"": 1, ""objaverse_xl"": 3, ""texverse"": 6}",#fdae35
60,spray_bottle,8,3,"{""3dw"": 1, ""objaverse"": 1, ""objaverse_xl"": 6}",#fea732
61,standing_mirror,25,3,"{""3dfModel"": 6, ""3dw"": 5, ""fpModel"": 14}",#fe9e2f
62,stapler,7,2,"{""3dw"": 3, ""wss"": 4}",#fe962b
63,storage_bench,38,5,"{""3dw"": 9, ""fpModel"": 17, ""objaverse"": 2, ""objaverse_xl"": 2, ""texverse"": 8}",#fd8d27
64,storage_box,2,1,"{""fpModel"": 2}",#fc8423
65,storage_chest,10,3,"{""3dw"": 5, ""objaverse"": 1, ""texverse"": 4}",#fa7b1f
66,stroller,2,1,"{""objaverse"": 2}",#f8721c
67,suitcase,5,3,"{""3dfModel"": 3, ""3dw"": 1, ""fpModel"": 1}",#f56918
68,switch,37,2,"{""3dw"": 35, ""fpModel"": 2}",#f36315
69,swivel_chair,7,2,"{""3dfModel"": 2, ""fpModel"": 5}",#f05b12
70,table_lamp,42,6,"{""3dw"": 6, ""fpModel"": 10, ""objaverse"": 7, ""objaverse_xl"": 12, ""texverse"": 2, ""wss"": 5}",#ec530f
71,tabletop_clock,26,3,"{""3dw"": 8, ""fpModel"": 16, ""wss"": 2}",#e84b0c
72,telescoping_ladder,3,2,"{""3dw"": 1, ""objaverse"": 2}",#e4450a
73,toaster,12,5,"{""3dw"": 2, ""fpModel"": 1, ""objaverse"": 3, ""objaverse_xl"": 2, ""texverse"": 4}",#df3f08
74,toilet,23,4,"{""3dw"": 4, ""objaverse"": 4, ""objaverse_xl"": 12, ""partnext"": 3}",#da3907
75,tool_box,7,1,"{""3dw"": 7}",#d43305
76,tool_cabinet,1,1,"{""3dw"": 1}",#ce2d04
77,towel_ring,54,3,"{""3dw"": 44, ""fpModel"": 3, ""wss"": 7}",#c82803
78,tv_stand,131,7,"{""3dfModel"": 10, ""3dw"": 23, ""fpModel"": 50, ""objaverse"": 15, ""objaverse_xl"": 16, ""texverse"": 16, ""wss"": 1}",#c32503
79,wall_cabinet,204,3,"{""3dw"": 135, ""fpModel"": 64, ""wss"": 5}",#bc2002
80,wall_clock,59,3,"{""3dfModel"": 1, ""3dw"": 2, ""fpModel"": 56}",#b41b01
81,washing_machine,4,2,"{""3dw"": 1, ""fpModel"": 3}",#ac1701
82,wheelie_bin,21,4,"{""3dw"": 2, ""objaverse"": 7, ""objaverse_xl"": 8, ""texverse"": 4}",#a41301
83,window,20,1,"{""3dw"": 20}",#9b0f01
84,wrench,1,1,"{""3dw"": 1}",#920b01
