category_id,category,dataset_id,ordinal,source_path,urdf_path,image_path,image_bytes,image_sha256,color
PH0001,Aerosol Can,101566,0,/mnt/zsn/lyb/arti-skill/exp/PhysX-Mobility/extracted/PhysX_mobility,/mnt/zsn/lyb/arti-skill/exp/PhysX-Mobility/extracted/PhysX_mobility/urdf/101566.urdf,/mnt/zsn/data/particulate/datasets/PhysX-Mobility/renders/uniform132_one_per_category_studio_256_v1/000_35a0914a37/imgs/000.png,73258,e4115d3678a35aa0104ad3ff0242b2f16129108f45a7da095c3ef0547084f5dc,#b84d4d
PH0002,Agricultural Equipment,101064,1,/mnt/zsn/lyb/arti-skill/exp/PhysX-Mobility/extracted/PhysX_mobility,/mnt/zsn/lyb/arti-skill/exp/PhysX-Mobility/extracted/PhysX_mobility/urdf/101064.urdf,/mnt/zsn/data/particulate/datasets/PhysX-Mobility/renders/uniform132_one_per_category_studio_256_v1/001_f823aa189e/imgs/000.png,85516,d48dd3cee9cb03f0bfc8393e39cd21a63ca4034cc28c11480fac124a34837bea,#4566b8
PH0003,Architectural Component,103255,2,/mnt/zsn/lyb/arti-skill/exp/PhysX-Mobility/extracted/PhysX_mobility,/mnt/zsn/lyb/arti-skill/exp/PhysX-Mobility/extracted/PhysX_mobility/urdf/103255.urdf,/mnt/zsn/data/particulate/datasets/PhysX-Mobility/renders/uniform132_one_per_category_studio_256_v1/002_74c6cea8a8/imgs/000.png,70104,950207937895e7dac511a7da41a619599fca2ec2787407366048f5ee40f3a0ee,#84b83d
PH0004,Architectural Element,103242,3,/mnt/zsn/lyb/arti-skill/exp/PhysX-Mobility/extracted/PhysX_mobility,/mnt/zsn/lyb/arti-skill/exp/PhysX-Mobility/extracted/PhysX_mobility/urdf/103242.urdf,/mnt/zsn/data/particulate/datasets/PhysX-Mobility/renders/uniform132_one_per_category_studio_256_v1/003_90a5c28b68/imgs/000.png,75707,e38b88fb426096ed3bf3b8b4d3b795fe1b9e7df3dc20aa23c67dd2b3652481bd,#b834a7
PH0005,Architectural Structure,8877,4,/mnt/zsn/lyb/arti-skill/exp/PhysX-Mobility/extracted/PhysX_mobility,/mnt/zsn/lyb/arti-skill/exp/PhysX-Mobility/extracted/PhysX_mobility/urdf/8877.urdf,/mnt/zsn/data/particulate/datasets/PhysX-Mobility/renders/uniform132_one_per_category_studio_256_v1/004_91594b40f2/imgs/000.png,83543,d428f0966b3eb5a422e185447f36fadf5f4d38a08d061a125105ae9ab924f94e,#2cb8a0
PH0006,Bathroom Accessory,101517,5,/mnt/zsn/lyb/arti-skill/exp/PhysX-Mobility/extracted/PhysX_mobility,/mnt/zsn/lyb/arti-skill/exp/PhysX-Mobility/extracted/PhysX_mobility/urdf/101517.urdf,/mnt/zsn/data/particulate/datasets/PhysX-Mobility/renders/uniform132_one_per_category_studio_256_v1/005_3ac943e5e5/imgs/000.png,76628,5d986f4ef5c99d6a82b29acc4d8a5bdb54b47a2d8ef45cf362f0525ac0a7545a,#c99354
PH0007,Building Component,103070,6,/mnt/zsn/lyb/arti-skill/exp/PhysX-Mobility/extracted/PhysX_mobility,/mnt/zsn/lyb/arti-skill/exp/PhysX-Mobility/extracted/PhysX_mobility/urdf/103070.urdf,/mnt/zsn/data/particulate/datasets/PhysX-Mobility/renders/uniform132_one_per_category_studio_256_v1/006_5c8bb55c7a/imgs/000.png,68910,594518dc00b9eeebefdb8ee2bb21b3b258976fa18c641f47acebc226fd5e7b76,#6a4bc9
PH0008,Building Fixture,103051,7,/mnt/zsn/lyb/arti-skill/exp/PhysX-Mobility/extracted/PhysX_mobility,/mnt/zsn/lyb/arti-skill/exp/PhysX-Mobility/extracted/PhysX_mobility/urdf/103051.urdf,/mnt/zsn/data/particulate/datasets/PhysX-Mobility/renders/uniform132_one_per_category_studio_256_v1/007_4724dd0a52/imgs/000.png,67861,e9292a23b59d9a3c478003579ab2068a43053fd559501324a94d08437e0cb821,#48c942
PH0009,BuildingComponent,103684,8,/mnt/zsn/lyb/arti-skill/exp/PhysX-Mobility/extracted/PhysX_mobility,/mnt/zsn/lyb/arti-skill/exp/PhysX-Mobility/extracted/PhysX_mobility/urdf/103684.urdf,/mnt/zsn/data/particulate/datasets/PhysX-Mobility/renders/uniform132_one_per_category_studio_256_v1/008_dbe28fd5f2/imgs/000.png,70767,b01a183569e6d1010e8f292da3a67aa4579a95dbdfa43683fa9dbd917bbff637,#c93969
PH0010,Cart,101066,9,/mnt/zsn/lyb/arti-skill/exp/PhysX-Mobility/extracted/PhysX_mobility,/mnt/zsn/lyb/arti-skill/exp/PhysX-Mobility/extracted/PhysX_mobility/urdf/101066.urdf,/mnt/zsn/data/particulate/datasets/PhysX-Mobility/renders/uniform132_one_per_category_studio_256_v1/009_6d2d59aed4/imgs/000.png,84958,38a9ccd3de2a4e859e8b5382d6670a3bb2a504242cb3386d5ff4fd65fe64d4d7,#3090c9
PH0011,CeramicContainer,5850,10,/mnt/zsn/lyb/arti-skill/exp/PhysX-Mobility/extracted/PhysX_mobility,/mnt/zsn/lyb/arti-skill/exp/PhysX-Mobility/extracted/PhysX_mobility/urdf/5850.urdf,/mnt/zsn/data/particulate/datasets/PhysX-Mobility/renders/uniform132_one_per_category_studio_256_v1/010_9ee4226b38/imgs/000.png,89467,5b034ff4878cb00b4c333d0f73494b7f6d995fdc611a1b7a314ea429001f9db1,#cfda5b
PH0012,Clock,6643,11,/mnt/zsn/lyb/arti-skill/exp/PhysX-Mobility/extracted/PhysX_mobility,/mnt/zsn/lyb/arti-skill/exp/PhysX-Mobility/extracted/PhysX_mobility/urdf/6643.urdf,/mnt/zsn/data/particulate/datasets/PhysX-Mobility/renders/uniform132_one_per_category_studio_256_v1/011_93ff9273de/imgs/000.png,80685,3bfb1a9f07d7c3434a6f2ab74584eda5aa4456fcc9086e693522bb300443a315,#bd52da
PH0013,Communication Device,103935,12,/mnt/zsn/lyb/arti-skill/exp/PhysX-Mobility/extracted/PhysX_mobility,/mnt/zsn/lyb/arti-skill/exp/PhysX-Mobility/extracted/PhysX_mobility/urdf/103935.urdf,/mnt/zsn/data/particulate/datasets/PhysX-Mobility/renders/uniform132_one_per_category_studio_256_v1/012_6610cfdec5/imgs/000.png,77427,d8e4f6b00f0d5a7c67e34773074376dda062f502d6f9f0b53e870291faacdbc2,#48da90
PH0014,Computer Component (CPU Cooler),101396,13,/mnt/zsn/lyb/arti-skill/exp/PhysX-Mobility/extracted/PhysX_mobility,/mnt/zsn/lyb/arti-skill/exp/PhysX-Mobility/extracted/PhysX_mobility/urdf/101396.urdf,/mnt/zsn/data/particulate/datasets/PhysX-Mobility/renders/uniform132_one_per_category_studio_256_v1/013_71d4231cfe/imgs/000.png,86843,eae36f4c5237fa13c796e68accc7551c4913c610bd0fe263e61a8eb1118d2045,#da5e3e
PH0015,Computer Cooling Device,101425,14,/mnt/zsn/lyb/arti-skill/exp/PhysX-Mobility/extracted/PhysX_mobility,/mnt/zsn/lyb/arti-skill/exp/PhysX-Mobility/extracted/PhysX_mobility/urdf/101425.urdf,/mnt/zsn/data/particulate/datasets/PhysX-Mobility/renders/uniform132_one_per_category_studio_256_v1/014_06db15214f/imgs/000.png,88447,322b9e52d252640dc5ee4eb96313866e4309d3d13e022e04962c311b2babb303,#3442da
PH0016,ComputerPeripheral,13082,15,/mnt/zsn/lyb/arti-skill/exp/PhysX-Mobility/extracted/PhysX_mobility,/mnt/zsn/lyb/arti-skill/exp/PhysX-Mobility/extracted/PhysX_mobility/urdf/13082.urdf,/mnt/zsn/data/particulate/datasets/PhysX-Mobility/renders/uniform132_one_per_category_studio_256_v1/015_962f8c89c6/imgs/000.png,75806,dbbe18f6efa90434487130ba8aec2df1b6f784cde95ce8f3578d36b39b0d70e4,#96eb63
PH0017,Container,100469,16,/mnt/zsn/lyb/arti-skill/exp/PhysX-Mobility/extracted/PhysX_mobility,/mnt/zsn/lyb/arti-skill/exp/PhysX-Mobility/extracted/PhysX_mobility/urdf/100469.urdf,/mnt/zsn/data/particulate/datasets/PhysX-Mobility/renders/uniform132_one_per_category_studio_256_v1/016_0c7823e8c7/imgs/000.png,75456,ece4fbaf862dab7dbdff0f45ed5d64946811702740f8486a07fd84fe31d0283a,#eb58ba
PH0018,Container/Dispenser,103378,17,/mnt/zsn/lyb/arti-skill/exp/PhysX-Mobility/extracted/PhysX_mobility,/mnt/zsn/lyb/arti-skill/exp/PhysX-Mobility/extracted/PhysX_mobility/urdf/103378.urdf,/mnt/zsn/data/particulate/datasets/PhysX-Mobility/renders/uniform132_one_per_category_studio_256_v1/017_e95041d8a4/imgs/000.png,78408,5be8770b61a2a783aba1ef0bddfddf272c4a4a9dd9041d3662aa76850a067826,#4de4eb
PH0019,Cookware,100015,18,/mnt/zsn/lyb/arti-skill/exp/PhysX-Mobility/extracted/PhysX_mobility,/mnt/zsn/lyb/arti-skill/exp/PhysX-Mobility/extracted/PhysX_mobility/urdf/100015.urdf,/mnt/zsn/data/particulate/datasets/PhysX-Mobility/renders/uniform132_one_per_category_studio_256_v1/018_5fa526530c/imgs/000.png,74640,976407b04f6554c60d858a84531bf9cf9da4c53ad3b35c8e34ea2b9b4456c57b,#ebc043
PH0020,Cooling Device,101372,19,/mnt/zsn/lyb/arti-skill/exp/PhysX-Mobility/extracted/PhysX_mobility,/mnt/zsn/lyb/arti-skill/exp/PhysX-Mobility/extracted/PhysX_mobility/urdf/101372.urdf,/mnt/zsn/data/particulate/datasets/PhysX-Mobility/renders/uniform132_one_per_category_studio_256_v1/019_f475f786e3/imgs/000.png,87057,8a2ee21c4da2f9d119b2504ecfae64db2da4229da628bc3f213d3654557c2fd5,#8a38eb
PH0021,Cutting Tool,10567,20,/mnt/zsn/lyb/arti-skill/exp/PhysX-Mobility/extracted/PhysX_mobility,/mnt/zsn/lyb/arti-skill/exp/PhysX-Mobility/extracted/PhysX_mobility/urdf/10567.urdf,/mnt/zsn/data/particulate/datasets/PhysX-Mobility/renders/uniform132_one_per_category_studio_256_v1/020_07b09e84fa/imgs/000.png,76079,925a82bf44b4463a1d3508f81a7689418ed155f13bfbdce53e24224b6d0f21da,#4db85f
PH0022,CuttingTool,101217,21,/mnt/zsn/lyb/arti-skill/exp/PhysX-Mobility/extracted/PhysX_mobility,/mnt/zsn/lyb/arti-skill/exp/PhysX-Mobility/extracted/PhysX_mobility/urdf/101217.urdf,/mnt/zsn/data/particulate/datasets/PhysX-Mobility/renders/uniform132_one_per_category_studio_256_v1/021_625e1e962c/imgs/000.png,72312,18b99869e3fe1c8ddfd46a2f21506b552aa334404ed6f393897b9f58b920013b,#b84554
PH0023,Decorative Object / Educational Instrument,100794,22,/mnt/zsn/lyb/arti-skill/exp/PhysX-Mobility/extracted/PhysX_mobility,/mnt/zsn/lyb/arti-skill/exp/PhysX-Mobility/extracted/PhysX_mobility/urdf/100794.urdf,/mnt/zsn/data/particulate/datasets/PhysX-Mobility/renders/uniform132_one_per_category_studio_256_v1/022_6fd1591d3d/imgs/000.png,90173,2a20fc4a0c9fb8f9975a3dd7f39b4fed61e9c05b6658f68dfed8677cce7dba50,#3d70b8
PH0024,DigitalCamera,102890,23,/mnt/zsn/lyb/arti-skill/exp/PhysX-Mobility/extracted/PhysX_mobility,/mnt/zsn/lyb/arti-skill/exp/PhysX-Mobility/extracted/PhysX_mobility/urdf/102890.urdf,/mnt/zsn/data/particulate/datasets/PhysX-Mobility/renders/uniform132_one_per_category_studio_256_v1/023_12e0d96be7/imgs/000.png,84654,fb8f461f53c5fbd62478091659eeb45eb763c0ba2335be764077fc43df924df8,#92b834
PH0025,Dispenser,103397,24,/mnt/zsn/lyb/arti-skill/exp/PhysX-Mobility/extracted/PhysX_mobility,/mnt/zsn/lyb/arti-skill/exp/PhysX-Mobility/extracted/PhysX_mobility/urdf/103397.urdf,/mnt/zsn/data/particulate/datasets/PhysX-Mobility/renders/uniform132_one_per_category_studio_256_v1/024_dff5ab8c80/imgs/000.png,71837,2068039d54e3be5e7d7737a14b898e44636735a8fdc49ebaec5865274585520c,#b72cb8
PH0026,Drinkware,8848,25,/mnt/zsn/lyb/arti-skill/exp/PhysX-Mobility/extracted/PhysX_mobility,/mnt/zsn/lyb/arti-skill/exp/PhysX-Mobility/extracted/PhysX_mobility/urdf/8848.urdf,/mnt/zsn/data/particulate/datasets/PhysX-Mobility/renders/uniform132_one_per_category_studio_256_v1/025_2081902506/imgs/000.png,80924,600194cd35409b3d82f0993bf13dbb67c6fc746b7d4295d7528138c9f168c457,#54c9a6
PH0027,Educational Instrument,100768,26,/mnt/zsn/lyb/arti-skill/exp/PhysX-Mobility/extracted/PhysX_mobility,/mnt/zsn/lyb/arti-skill/exp/PhysX-Mobility/extracted/PhysX_mobility/urdf/100768.urdf,/mnt/zsn/data/particulate/datasets/PhysX-Mobility/renders/uniform132_one_per_category_studio_256_v1/026_e221717e6f/imgs/000.png,88410,cc9b3f9f134921b99c170455d5ba4f47bc3d9eae163f8a1c04176f63713c47f9,#c97f4b
PH0028,Educational Model,103967,27,/mnt/zsn/lyb/arti-skill/exp/PhysX-Mobility/extracted/PhysX_mobility,/mnt/zsn/lyb/arti-skill/exp/PhysX-Mobility/extracted/PhysX_mobility/urdf/103967.urdf,/mnt/zsn/data/particulate/datasets/PhysX-Mobility/renders/uniform132_one_per_category_studio_256_v1/027_33f58bdef3/imgs/000.png,82836,1fb987e56d8e983d617c671c6147d1fb174304ad86dce99e5e6ca75d108519a3,#5342c9
PH0029,Educational Object,100788,28,/mnt/zsn/lyb/arti-skill/exp/PhysX-Mobility/extracted/PhysX_mobility,/mnt/zsn/lyb/arti-skill/exp/PhysX-Mobility/extracted/PhysX_mobility/urdf/100788.urdf,/mnt/zsn/data/particulate/datasets/PhysX-Mobility/renders/uniform132_one_per_category_studio_256_v1/028_9460d4c805/imgs/000.png,85716,4dac9c670b030b0a4f5fafb733a36ed54d1d56e1afc8fce89074fb023dfd8b86,#52c939
PH0030,Educational Tool,100754,29,/mnt/zsn/lyb/arti-skill/exp/PhysX-Mobility/extracted/PhysX_mobility,/mnt/zsn/lyb/arti-skill/exp/PhysX-Mobility/extracted/PhysX_mobility/urdf/100754.urdf,/mnt/zsn/data/particulate/datasets/PhysX-Mobility/renders/uniform132_one_per_category_studio_256_v1/029_5c17212eee/imgs/000.png,83331,654d201444c3a1c3827edc8afe7344c43b7839264416e0c51a102fea7d941ac6,#c93077
PH0031,Educational/Decorative Object,100720,30,/mnt/zsn/lyb/arti-skill/exp/PhysX-Mobility/extracted/PhysX_mobility,/mnt/zsn/lyb/arti-skill/exp/PhysX-Mobility/extracted/PhysX_mobility/urdf/100720.urdf,/mnt/zsn/data/particulate/datasets/PhysX-Mobility/renders/uniform132_one_per_category_studio_256_v1/030_45c158e3fa/imgs/000.png,84193,60c1416a889b39d07f88ab7af4680268b5bce8a3534405459101fc3da3d6d1a0,#5bbbda
PH0032,Electrical Appliance,101374,31,/mnt/zsn/lyb/arti-skill/exp/PhysX-Mobility/extracted/PhysX_mobility,/mnt/zsn/lyb/arti-skill/exp/PhysX-Mobility/extracted/PhysX_mobility/urdf/101374.urdf,/mnt/zsn/data/particulate/datasets/PhysX-Mobility/renders/uniform132_one_per_category_studio_256_v1/031_7159f40588/imgs/000.png,70288,d0118430979ca6268a7e669621ed8d8b774d2fa8aa2bf861e36cac4e04ec18f9,#dad352
PH0033,Electrical Appliance Component,102070,32,/mnt/zsn/lyb/arti-skill/exp/PhysX-Mobility/extracted/PhysX_mobility,/mnt/zsn/lyb/arti-skill/exp/PhysX-Mobility/extracted/PhysX_mobility/urdf/102070.urdf,/mnt/zsn/data/particulate/datasets/PhysX-Mobility/renders/uniform132_one_per_category_studio_256_v1/032_b4e0ead4aa/imgs/000.png,83869,e548194058ca3e02649c39a4eb9682b5eb13fdcf6de1a03a4511b0768da894d3,#a848da
PH0034,Electrical Component,100965,33,/mnt/zsn/lyb/arti-skill/exp/PhysX-Mobility/extracted/PhysX_mobility,/mnt/zsn/lyb/arti-skill/exp/PhysX-Mobility/extracted/PhysX_mobility/urdf/100965.urdf,/mnt/zsn/data/particulate/datasets/PhysX-Mobility/renders/uniform132_one_per_category_studio_256_v1/033_684632e98c/imgs/000.png,73938,8440b6087a73b1fe57971ddd84dff440762340f1c5eaa05dc17c196419daeaf5,#3eda78
PH0035,Electrical Control Device,100850,34,/mnt/zsn/lyb/arti-skill/exp/PhysX-Mobility/extracted/PhysX_mobility,/mnt/zsn/lyb/arti-skill/exp/PhysX-Mobility/extracted/PhysX_mobility/urdf/100850.urdf,/mnt/zsn/data/particulate/datasets/PhysX-Mobility/renders/uniform132_one_per_category_studio_256_v1/034_cbdbf724eb/imgs/000.png,68502,8222bc99c9c045004dc4fa9833b35183ef00464239dbb8420a802614b5e26e86,#da4134
PH0036,Electrical Device,100924,35,/mnt/zsn/lyb/arti-skill/exp/PhysX-Mobility/extracted/PhysX_mobility,/mnt/zsn/lyb/arti-skill/exp/PhysX-Mobility/extracted/PhysX_mobility/urdf/100924.urdf,/mnt/zsn/data/particulate/datasets/PhysX-Mobility/renders/uniform132_one_per_category_studio_256_v1/035_1059d11136/imgs/000.png,76410,a8731094ed7bf9f20622a36a981e0f17b83b6ded6e45d4be9cb44d217dc91292,#637feb
PH0037,Electromechanical Device,101433,36,/mnt/zsn/lyb/arti-skill/exp/PhysX-Mobility/extracted/PhysX_mobility,/mnt/zsn/lyb/arti-skill/exp/PhysX-Mobility/extracted/PhysX_mobility/urdf/101433.urdf,/mnt/zsn/data/particulate/datasets/PhysX-Mobility/renders/uniform132_one_per_category_studio_256_v1/036_48f3a594c5/imgs/000.png,82248,09d71743ddfa6c364ddd1d29a1f70907768171eeaf6ab2a22d6331204df9b9bd,#a2eb58
PH0038,Electronic Component,100847,37,/mnt/zsn/lyb/arti-skill/exp/PhysX-Mobility/extracted/PhysX_mobility,/mnt/zsn/lyb/arti-skill/exp/PhysX-Mobility/extracted/PhysX_mobility/urdf/100847.urdf,/mnt/zsn/data/particulate/datasets/PhysX-Mobility/renders/uniform132_one_per_category_studio_256_v1/037_af9d5161da/imgs/000.png,75137,3643601e15d93af96a66462e2484e605396ec3aa7f323a12efd6fdf526aa6f2f,#eb4dcb
PH0039,Electronic Control Device,101004,38,/mnt/zsn/lyb/arti-skill/exp/PhysX-Mobility/extracted/PhysX_mobility,/mnt/zsn/lyb/arti-skill/exp/PhysX-Mobility/extracted/PhysX_mobility/urdf/101004.urdf,/mnt/zsn/data/particulate/datasets/PhysX-Mobility/renders/uniform132_one_per_category_studio_256_v1/038_52569a931f/imgs/000.png,70173,9704666303d441d4759b0e214300591ba0cb4cd6815b88585675ee5af5d61904,#43ebdc
PH0040,Electronic Controller,100395,39,/mnt/zsn/lyb/arti-skill/exp/PhysX-Mobility/extracted/PhysX_mobility,/mnt/zsn/lyb/arti-skill/exp/PhysX-Mobility/extracted/PhysX_mobility/urdf/100395.urdf,/mnt/zsn/data/particulate/datasets/PhysX-Mobility/renders/uniform132_one_per_category_studio_256_v1/039_cb4856ef20/imgs/000.png,75642,ad1c3a81091cc73aef38c6a2bf28947557f53c5e3a873061f6220a9201e5bc00,#eba738
PH0041,Electronic Cooling Device,101439,40,/mnt/zsn/lyb/arti-skill/exp/PhysX-Mobility/extracted/PhysX_mobility,/mnt/zsn/lyb/arti-skill/exp/PhysX-Mobility/extracted/PhysX_mobility/urdf/101439.urdf,/mnt/zsn/data/particulate/datasets/PhysX-Mobility/renders/uniform132_one_per_category_studio_256_v1/040_d6a12c8c07/imgs/000.png,88663,aef564ac75ff3e8b86cb6e7ee53313ad40acb3c54862205aed9f919da7450bf6,#704db8
PH0042,Electronic Device,104044,41,/mnt/zsn/lyb/arti-skill/exp/PhysX-Mobility/extracted/PhysX_mobility,/mnt/zsn/lyb/arti-skill/exp/PhysX-Mobility/extracted/PhysX_mobility/urdf/104044.urdf,/mnt/zsn/data/particulate/datasets/PhysX-Mobility/renders/uniform132_one_per_category_studio_256_v1/041_fb48cd38ab/imgs/000.png,74682,9855d65a77487cae4a9a1ab8a456c2caa86f020e20f50577e9d1f0f9fe00e9d2,#45b849
PH0043,Electronic Device Accessory,100811,42,/mnt/zsn/lyb/arti-skill/exp/PhysX-Mobility/extracted/PhysX_mobility,/mnt/zsn/lyb/arti-skill/exp/PhysX-Mobility/extracted/PhysX_mobility/urdf/100811.urdf,/mnt/zsn/data/particulate/datasets/PhysX-Mobility/renders/uniform132_one_per_category_studio_256_v1/042_e6a779b9f2/imgs/000.png,77507,05939bfcfebe6fcc86cad8bad24fae365cd165fcd371ed00ee6d12a8ab27db01,#b83d5c
PH0044,Electronic Storage Device,100123,43,/mnt/zsn/lyb/arti-skill/exp/PhysX-Mobility/extracted/PhysX_mobility,/mnt/zsn/lyb/arti-skill/exp/PhysX-Mobility/extracted/PhysX_mobility/urdf/100123.urdf,/mnt/zsn/data/particulate/datasets/PhysX-Mobility/renders/uniform132_one_per_category_studio_256_v1/043_b871f1ee12/imgs/000.png,73509,4f0f988546dc0654292eb5908cc0e09a6492fd85b616bb5c2eb077c923e1ae3e,#347cb8
PH0045,ElectronicControlDevice,101118,44,/mnt/zsn/lyb/arti-skill/exp/PhysX-Mobility/extracted/PhysX_mobility,/mnt/zsn/lyb/arti-skill/exp/PhysX-Mobility/extracted/PhysX_mobility/urdf/101118.urdf,/mnt/zsn/data/particulate/datasets/PhysX-Mobility/renders/uniform132_one_per_category_studio_256_v1/044_222b5fbe29/imgs/000.png,71181,50c2645fb0a01041aa8c96b500ced75ef5cfbde41f5079c2b9edd4f95264304e,#a1b82c
PH0046,ElectronicController,101133,45,/mnt/zsn/lyb/arti-skill/exp/PhysX-Mobility/extracted/PhysX_mobility,/mnt/zsn/lyb/arti-skill/exp/PhysX-Mobility/extracted/PhysX_mobility/urdf/101133.urdf,/mnt/zsn/data/particulate/datasets/PhysX-Mobility/renders/uniform132_one_per_category_studio_256_v1/045_c74d2b818a/imgs/000.png,73917,cc23480e8311ce66d467f741123282a08ba195547f09e3130250ecff5abc415a,#b954c9
PH0047,ElectronicDevice,4541,46,/mnt/zsn/lyb/arti-skill/exp/PhysX-Mobility/extracted/PhysX_mobility,/mnt/zsn/lyb/arti-skill/exp/PhysX-Mobility/extracted/PhysX_mobility/urdf/4541.urdf,/mnt/zsn/data/particulate/datasets/PhysX-Mobility/renders/uniform132_one_per_category_studio_256_v1/046_62fb242f70/imgs/000.png,74557,c2ef2237aa4209178bcf91e6ad91f9679f16d2af69d56647e3ba3ee8bf1bac1d,#4bc994
PH0048,Everyday Object / Fire-starting Tool,103516,47,/mnt/zsn/lyb/arti-skill/exp/PhysX-Mobility/extracted/PhysX_mobility,/mnt/zsn/lyb/arti-skill/exp/PhysX-Mobility/extracted/PhysX_mobility/urdf/103516.urdf,/mnt/zsn/data/particulate/datasets/PhysX-Mobility/renders/uniform132_one_per_category_studio_256_v1/047_1fa82b68ef/imgs/000.png,73366,cbec73197f7f0d9fdee1a5eec2bc5967e3a7034a0a09239e3e463172d16833e9,#c96942
PH0049,Folding Knife,103583,48,/mnt/zsn/lyb/arti-skill/exp/PhysX-Mobility/extracted/PhysX_mobility,/mnt/zsn/lyb/arti-skill/exp/PhysX-Mobility/extracted/PhysX_mobility/urdf/103583.urdf,/mnt/zsn/data/particulate/datasets/PhysX-Mobility/renders/uniform132_one_per_category_studio_256_v1/048_a6ccbcf766/imgs/000.png,72185,852dafd119df2ac697389c01cb791e18e0271e34e26607671b90758d7d07ce3a,#393ac9
PH0050,Folding Tool,101659,49,/mnt/zsn/lyb/arti-skill/exp/PhysX-Mobility/extracted/PhysX_mobility,/mnt/zsn/lyb/arti-skill/exp/PhysX-Mobility/extracted/PhysX_mobility/urdf/101659.urdf,/mnt/zsn/data/particulate/datasets/PhysX-Mobility/renders/uniform132_one_per_category_studio_256_v1/049_2c975dda71/imgs/000.png,73444,bf2830005c76052e85e501f05d2f2dbe2d6c836d84ee978e2525ca4ccfd92360,#5ec930
PH0051,Furniture,30869,50,/mnt/zsn/lyb/arti-skill/exp/PhysX-Mobility/extracted/PhysX_mobility,/mnt/zsn/lyb/arti-skill/exp/PhysX-Mobility/extracted/PhysX_mobility/urdf/30869.urdf,/mnt/zsn/data/particulate/datasets/PhysX-Mobility/renders/uniform132_one_per_category_studio_256_v1/050_c50440e0e4/imgs/000.png,82612,b2c544d1152a43a02bfdc7a130fa45c58d4bcdb9ad3495040008a72b0445cb30,#da5ba6
PH0052,Furniture/Building Component,8936,51,/mnt/zsn/lyb/arti-skill/exp/PhysX-Mobility/extracted/PhysX_mobility,/mnt/zsn/lyb/arti-skill/exp/PhysX-Mobility/extracted/PhysX_mobility/urdf/8936.urdf,/mnt/zsn/data/particulate/datasets/PhysX-Mobility/renders/uniform132_one_per_category_studio_256_v1/051_7d2c0ecab7/imgs/000.png,69237,1cec041b07763c8340b901ae00ba18ff0bfbea9e7bbd556d406ee3a2be1e35dd,#52c9da
PH0053,Hand Tool,102221,52,/mnt/zsn/lyb/arti-skill/exp/PhysX-Mobility/extracted/PhysX_mobility,/mnt/zsn/lyb/arti-skill/exp/PhysX-Mobility/extracted/PhysX_mobility/urdf/102221.urdf,/mnt/zsn/data/particulate/datasets/PhysX-Mobility/renders/uniform132_one_per_category_studio_256_v1/052_2e183e888c/imgs/000.png,74348,276ca13945d787a44070654afa8eb0575cd1c495213b97014021d2e907058576,#dac048
PH0054,Hand Truck / Trolley,100494,53,/mnt/zsn/lyb/arti-skill/exp/PhysX-Mobility/extracted/PhysX_mobility,/mnt/zsn/lyb/arti-skill/exp/PhysX-Mobility/extracted/PhysX_mobility/urdf/100494.urdf,/mnt/zsn/data/particulate/datasets/PhysX-Mobility/renders/uniform132_one_per_category_studio_256_v1/053_763e399667/imgs/000.png,81735,08113e60aa2f3c5306aa51edfb30e6c4c072b181527287ef3d2910063718c795,#913eda
PH0055,HandTool,100705,54,/mnt/zsn/lyb/arti-skill/exp/PhysX-Mobility/extracted/PhysX_mobility,/mnt/zsn/lyb/arti-skill/exp/PhysX-Mobility/extracted/PhysX_mobility/urdf/100705.urdf,/mnt/zsn/data/particulate/datasets/PhysX-Mobility/renders/uniform132_one_per_category_studio_256_v1/054_11d425cf75/imgs/000.png,77220,bd293d8a2349f8639007acb516ed1e0253b7e758c2b074110160d4bde5651365,#34da5c
PH0056,Handcart/Wheelbarrow,100861,55,/mnt/zsn/lyb/arti-skill/exp/PhysX-Mobility/extracted/PhysX_mobility,/mnt/zsn/lyb/arti-skill/exp/PhysX-Mobility/extracted/PhysX_mobility/urdf/100861.urdf,/mnt/zsn/data/particulate/datasets/PhysX-Mobility/renders/uniform132_one_per_category_studio_256_v1/055_a21a7c49f7/imgs/000.png,81716,30c81a0dd9ab85863e802ba1239d18cccc9554d986e2b7f8109a6af7e2642ed0,#eb6369
PH0057,Handheld Fire Ignition Device,100319,56,/mnt/zsn/lyb/arti-skill/exp/PhysX-Mobility/extracted/PhysX_mobility,/mnt/zsn/lyb/arti-skill/exp/PhysX-Mobility/extracted/PhysX_mobility/urdf/100319.urdf,/mnt/zsn/data/particulate/datasets/PhysX-Mobility/renders/uniform132_one_per_category_studio_256_v1/056_b77e297989/imgs/000.png,86817,8f09446078c7e3f465bf57d02927a406d73a3bf68a670d23903d4fd5b273651d,#588aeb
PH0058,Handheld Ignition Device,100294,57,/mnt/zsn/lyb/arti-skill/exp/PhysX-Mobility/extracted/PhysX_mobility,/mnt/zsn/lyb/arti-skill/exp/PhysX-Mobility/extracted/PhysX_mobility/urdf/100294.urdf,/mnt/zsn/data/particulate/datasets/PhysX-Mobility/renders/uniform132_one_per_category_studio_256_v1/057_5c2cf904b0/imgs/000.png,73956,ad8c56d8ad0e8dded272c29d12cdd4f09f10f87a9da1259b17fe4dd06b110901,#b1eb4d
PH0059,Home Appliance,12559,58,/mnt/zsn/lyb/arti-skill/exp/PhysX-Mobility/extracted/PhysX_mobility,/mnt/zsn/lyb/arti-skill/exp/PhysX-Mobility/extracted/PhysX_mobility/urdf/12559.urdf,/mnt/zsn/data/particulate/datasets/PhysX-Mobility/renders/uniform132_one_per_category_studio_256_v1/058_55a4b367d5/imgs/000.png,71424,49b1254c185bb418d2a8f74a6546517b0a32350442e1bf062649245b78d4d930,#eb43de
PH0060,Household Appliance,103208,59,/mnt/zsn/lyb/arti-skill/exp/PhysX-Mobility/extracted/PhysX_mobility,/mnt/zsn/lyb/arti-skill/exp/PhysX-Mobility/extracted/PhysX_mobility/urdf/103208.urdf,/mnt/zsn/data/particulate/datasets/PhysX-Mobility/renders/uniform132_one_per_category_studio_256_v1/059_69adaa1064/imgs/000.png,76794,b9f50398762485ca061a55c4cf5371fc66f8789ba0bcaad5a4c0ee1bd61ada72,#38ebc4
PH0061,Household Container,102257,60,/mnt/zsn/lyb/arti-skill/exp/PhysX-Mobility/extracted/PhysX_mobility,/mnt/zsn/lyb/arti-skill/exp/PhysX-Mobility/extracted/PhysX_mobility/urdf/102257.urdf,/mnt/zsn/data/particulate/datasets/PhysX-Mobility/renders/uniform132_one_per_category_studio_256_v1/060_615fec7e15/imgs/000.png,77901,b83d7d0786c8c23aff5b229490df03212965d8cff58c449378275ce62eea8b2e,#b8824d
PH0062,Household Object,12231,61,/mnt/zsn/lyb/arti-skill/exp/PhysX-Mobility/extracted/PhysX_mobility,/mnt/zsn/lyb/arti-skill/exp/PhysX-Mobility/extracted/PhysX_mobility/urdf/12231.urdf,/mnt/zsn/data/particulate/datasets/PhysX-Mobility/renders/uniform132_one_per_category_studio_256_v1/061_50003dfea1/imgs/000.png,72544,6e6d08485140b276d7c3aba6cac84c294ac47f855098527ed779f3453642a63d,#5c45b8
PH0063,Household Tool,103513,62,/mnt/zsn/lyb/arti-skill/exp/PhysX-Mobility/extracted/PhysX_mobility,/mnt/zsn/lyb/arti-skill/exp/PhysX-Mobility/extracted/PhysX_mobility/urdf/103513.urdf,/mnt/zsn/data/particulate/datasets/PhysX-Mobility/renders/uniform132_one_per_category_studio_256_v1/062_8e86d89df4/imgs/000.png,76751,bc4863eb919c5efff2c9cba1fee737ff0e8d2e5d5f9746eac0475f512a754a66,#48b83d
PH0064,Household Utility Object,103633,63,/mnt/zsn/lyb/arti-skill/exp/PhysX-Mobility/extracted/PhysX_mobility,/mnt/zsn/lyb/arti-skill/exp/PhysX-Mobility/extracted/PhysX_mobility/urdf/103633.urdf,/mnt/zsn/data/particulate/datasets/PhysX-Mobility/renders/uniform132_one_per_category_studio_256_v1/063_bfee556320/imgs/000.png,75696,485a8f5c01d1fad0e56c9e17da63714822c254aa830670362d9dbedb77bce631,#b83467
PH0065,Household Waste Container,102996,64,/mnt/zsn/lyb/arti-skill/exp/PhysX-Mobility/extracted/PhysX_mobility,/mnt/zsn/lyb/arti-skill/exp/PhysX-Mobility/extracted/PhysX_mobility/urdf/102996.urdf,/mnt/zsn/data/particulate/datasets/PhysX-Mobility/renders/uniform132_one_per_category_studio_256_v1/064_6506e1c2e1/imgs/000.png,78446,4d7cc6f0f544753e0be94e3ece8d10c3f1b760dfcf7f5042473bd65d607b6453,#2c8ab8
PH0066,Hygiene Accessory,103404,65,/mnt/zsn/lyb/arti-skill/exp/PhysX-Mobility/extracted/PhysX_mobility,/mnt/zsn/lyb/arti-skill/exp/PhysX-Mobility/extracted/PhysX_mobility/urdf/103404.urdf,/mnt/zsn/data/particulate/datasets/PhysX-Mobility/renders/uniform132_one_per_category_studio_256_v1/065_1462e75b9f/imgs/000.png,77200,11d4a2005777b5e4e450e721f89b387cb438f309fded43142a43ef2603143dec,#c5c954
PH0067,Hygiene Container,101560,66,/mnt/zsn/lyb/arti-skill/exp/PhysX-Mobility/extracted/PhysX_mobility,/mnt/zsn/lyb/arti-skill/exp/PhysX-Mobility/extracted/PhysX_mobility/urdf/101560.urdf,/mnt/zsn/data/particulate/datasets/PhysX-Mobility/renders/uniform132_one_per_category_studio_256_v1/066_75012e0a8b/imgs/000.png,77113,a65add423cd04e2ee614f8790972d87b54bb14e582d387f876bd11b7d3feab32,#a84bc9
PH0068,Input Device,101416,67,/mnt/zsn/lyb/arti-skill/exp/PhysX-Mobility/extracted/PhysX_mobility,/mnt/zsn/lyb/arti-skill/exp/PhysX-Mobility/extracted/PhysX_mobility/urdf/101416.urdf,/mnt/zsn/data/particulate/datasets/PhysX-Mobility/renders/uniform132_one_per_category_studio_256_v1/067_967438abb3/imgs/000.png,73672,d2bc37d9331b408b9668b6f4f4c7c908f037fa41e700a0c4ab3e679d3e39dba7,#42c97f
PH0069,Kitchen Appliance,103553,68,/mnt/zsn/lyb/arti-skill/exp/PhysX-Mobility/extracted/PhysX_mobility,/mnt/zsn/lyb/arti-skill/exp/PhysX-Mobility/extracted/PhysX_mobility/urdf/103553.urdf,/mnt/zsn/data/particulate/datasets/PhysX-Mobility/renders/uniform132_one_per_category_studio_256_v1/068_fc604bd120/imgs/000.png,78629,074f0148674a53005859f9a08459aae40282adb3131a87c514e28524b546efe6,#c95039
PH0070,KitchenAppliance,101930,69,/mnt/zsn/lyb/arti-skill/exp/PhysX-Mobility/extracted/PhysX_mobility,/mnt/zsn/lyb/arti-skill/exp/PhysX-Mobility/extracted/PhysX_mobility/urdf/101930.urdf,/mnt/zsn/data/particulate/datasets/PhysX-Mobility/renders/uniform132_one_per_category_studio_256_v1/069_223b2a5203/imgs/000.png,82814,22fef95dfb4574c61202413442a3d64b03b02e97d760dc680856655dbb51a3a0,#3045c9
PH0071,Kitchenware,101305,70,/mnt/zsn/lyb/arti-skill/exp/PhysX-Mobility/extracted/PhysX_mobility,/mnt/zsn/lyb/arti-skill/exp/PhysX-Mobility/extracted/PhysX_mobility/urdf/101305.urdf,/mnt/zsn/data/particulate/datasets/PhysX-Mobility/renders/uniform132_one_per_category_studio_256_v1/070_1eb3472340/imgs/000.png,69959,e6bb230477c89fdafd4136dc925c5cec43fe13e27edc69d70ccdc29ded3523ce,#91da5b
PH0072,Lighting Device,14563,71,/mnt/zsn/lyb/arti-skill/exp/PhysX-Mobility/extracted/PhysX_mobility,/mnt/zsn/lyb/arti-skill/exp/PhysX-Mobility/extracted/PhysX_mobility/urdf/14563.urdf,/mnt/zsn/data/particulate/datasets/PhysX-Mobility/renders/uniform132_one_per_category_studio_256_v1/071_4606a9fc1c/imgs/000.png,84284,6407f1a24effeccaaccd991d49aa88d99d7a80ec7461703db720f73b647387bf,#da52b3
PH0073,Lighting Fixture,14205,72,/mnt/zsn/lyb/arti-skill/exp/PhysX-Mobility/extracted/PhysX_mobility,/mnt/zsn/lyb/arti-skill/exp/PhysX-Mobility/extracted/PhysX_mobility/urdf/14205.urdf,/mnt/zsn/data/particulate/datasets/PhysX-Mobility/renders/uniform132_one_per_category_studio_256_v1/072_e9b767f764/imgs/000.png,72095,7c32e09701f1e80ac2442432ace5b8c40fb11da98e57b4730744f40f0ec3a616,#48dad8
PH0074,Liquid Container,103377,73,/mnt/zsn/lyb/arti-skill/exp/PhysX-Mobility/extracted/PhysX_mobility,/mnt/zsn/lyb/arti-skill/exp/PhysX-Mobility/extracted/PhysX_mobility/urdf/103377.urdf,/mnt/zsn/data/particulate/datasets/PhysX-Mobility/renders/uniform132_one_per_category_studio_256_v1/073_62477557a2/imgs/000.png,78559,98a9511d5fed9457be5aab0db3765d3babd449a0bbe9042e0853c9b8fd2e14e5,#daab3e
PH0075,Liquid Container / Pump Bottle,103359,74,/mnt/zsn/lyb/arti-skill/exp/PhysX-Mobility/extracted/PhysX_mobility,/mnt/zsn/lyb/arti-skill/exp/PhysX-Mobility/extracted/PhysX_mobility/urdf/103359.urdf,/mnt/zsn/data/particulate/datasets/PhysX-Mobility/renders/uniform132_one_per_category_studio_256_v1/074_dace3abd87/imgs/000.png,76980,33c5c6117d7bb4e899a7c7c1cf9e50d4debeb809f763f1dc2b0f39cdf64cd742,#7834da
PH0076,Liquid Container / Pump Dispenser,103380,75,/mnt/zsn/lyb/arti-skill/exp/PhysX-Mobility/extracted/PhysX_mobility,/mnt/zsn/lyb/arti-skill/exp/PhysX-Mobility/extracted/PhysX_mobility/urdf/103380.urdf,/mnt/zsn/data/particulate/datasets/PhysX-Mobility/renders/uniform132_one_per_category_studio_256_v1/075_a8d15aeb81/imgs/000.png,71772,21a40d729c2752ef9022fe3f7f3901bb69278029548d02d73f18810b482a966b,#63eb72
PH0077,Liquid Dispenser,103419,76,/mnt/zsn/lyb/arti-skill/exp/PhysX-Mobility/extracted/PhysX_mobility,/mnt/zsn/lyb/arti-skill/exp/PhysX-Mobility/extracted/PhysX_mobility/urdf/103419.urdf,/mnt/zsn/data/particulate/datasets/PhysX-Mobility/renders/uniform132_one_per_category_studio_256_v1/076_fb5f7aa22b/imgs/000.png,70461,53aa8a5debe2890ce07a30c1499c3e06668d32688f070d74190f9daadbf0215b,#eb5872
PH0078,"Liquid Dispenser (e.g., Soap or Lotion Dispenser)",101533,77,/mnt/zsn/lyb/arti-skill/exp/PhysX-Mobility/extracted/PhysX_mobility,/mnt/zsn/lyb/arti-skill/exp/PhysX-Mobility/extracted/PhysX_mobility/urdf/101533.urdf,/mnt/zsn/data/particulate/datasets/PhysX-Mobility/renders/uniform132_one_per_category_studio_256_v1/077_113d845e94/imgs/000.png,82051,15194a0c237b64292cc035e02add45c8adc5873960b20fab0242a30612452ec6,#4d97eb
PH0079,Liquid Dispenser / Pump Bottle,103354,78,/mnt/zsn/lyb/arti-skill/exp/PhysX-Mobility/extracted/PhysX_mobility,/mnt/zsn/lyb/arti-skill/exp/PhysX-Mobility/extracted/PhysX_mobility/urdf/103354.urdf,/mnt/zsn/data/particulate/datasets/PhysX-Mobility/renders/uniform132_one_per_category_studio_256_v1/078_1c62f53296/imgs/000.png,75645,255b7bd522fc4b840292a50947dfc2392acb500251e8efe55029852e5038a610,#c2eb43
PH0080,Liquid Dispenser / Soap Pump,101557,79,/mnt/zsn/lyb/arti-skill/exp/PhysX-Mobility/extracted/PhysX_mobility,/mnt/zsn/lyb/arti-skill/exp/PhysX-Mobility/extracted/PhysX_mobility/urdf/101557.urdf,/mnt/zsn/data/particulate/datasets/PhysX-Mobility/renders/uniform132_one_per_category_studio_256_v1/079_d02db52ea6/imgs/000.png,74517,1e0d965865c283ac4d0e2ea805768ca5133fec06d65d098fc9d32016476e2891,#e138eb
PH0081,LiquidContainer,103406,80,/mnt/zsn/lyb/arti-skill/exp/PhysX-Mobility/extracted/PhysX_mobility,/mnt/zsn/lyb/arti-skill/exp/PhysX-Mobility/extracted/PhysX_mobility/urdf/103406.urdf,/mnt/zsn/data/particulate/datasets/PhysX-Mobility/renders/uniform132_one_per_category_studio_256_v1/080_0da6827e11/imgs/000.png,72069,86eec3edd746cfa2f0e63394864343aec41ac19a60e6a07d63f41d4b64f33350,#4db893
PH0082,Luggage,103755,81,/mnt/zsn/lyb/arti-skill/exp/PhysX-Mobility/extracted/PhysX_mobility,/mnt/zsn/lyb/arti-skill/exp/PhysX-Mobility/extracted/PhysX_mobility/urdf/103755.urdf,/mnt/zsn/data/particulate/datasets/PhysX-Mobility/renders/uniform132_one_per_category_studio_256_v1/081_f02b64ad84/imgs/000.png,78585,4eadd98829df55501b54ca5bdac1c07c820d8d3cb68cdcd0c622448a8f2d040d,#b86f45
PH0083,Manual Transport Equipment,100487,82,/mnt/zsn/lyb/arti-skill/exp/PhysX-Mobility/extracted/PhysX_mobility,/mnt/zsn/lyb/arti-skill/exp/PhysX-Mobility/extracted/PhysX_mobility/urdf/100487.urdf,/mnt/zsn/data/particulate/datasets/PhysX-Mobility/renders/uniform132_one_per_category_studio_256_v1/082_cd390b5c8b/imgs/000.png,84867,30f75038cc06ac6b884bb2cba652ad9dc54b573b591e873c66e571f2172d5f4a,#463db8
PH0084,Material Handling Equipment,102347,83,/mnt/zsn/lyb/arti-skill/exp/PhysX-Mobility/extracted/PhysX_mobility,/mnt/zsn/lyb/arti-skill/exp/PhysX-Mobility/extracted/PhysX_mobility/urdf/102347.urdf,/mnt/zsn/data/particulate/datasets/PhysX-Mobility/renders/uniform132_one_per_category_studio_256_v1/083_1f1fe92222/imgs/000.png,84467,3dc2e4e7c301df88c8c1a2d8db196c8317d71dde98eecf44212635c956221360,#51b834
PH0085,MaterialHandlingEquipment,101083,84,/mnt/zsn/lyb/arti-skill/exp/PhysX-Mobility/extracted/PhysX_mobility,/mnt/zsn/lyb/arti-skill/exp/PhysX-Mobility/extracted/PhysX_mobility/urdf/101083.urdf,/mnt/zsn/data/particulate/datasets/PhysX-Mobility/renders/uniform132_one_per_category_studio_256_v1/084_f0941e4b80/imgs/000.png,73933,b558746adcb07efd5b271a6852cc7b2db4f3fba6b098e38245172b00864d8a89,#b82c73
PH0086,Mechanical Component,101402,85,/mnt/zsn/lyb/arti-skill/exp/PhysX-Mobility/extracted/PhysX_mobility,/mnt/zsn/lyb/arti-skill/exp/PhysX-Mobility/extracted/PhysX_mobility/urdf/101402.urdf,/mnt/zsn/data/particulate/datasets/PhysX-Mobility/renders/uniform132_one_per_category_studio_256_v1/085_2e2dc1afdc/imgs/000.png,74974,4491bf64345b599bbe67813983dbb0000bd4a45e0bcc3dc54a70f74d48b68a54,#54b2c9
PH0087,Mobile Display Cart,100504,86,/mnt/zsn/lyb/arti-skill/exp/PhysX-Mobility/extracted/PhysX_mobility,/mnt/zsn/lyb/arti-skill/exp/PhysX-Mobility/extracted/PhysX_mobility/urdf/100504.urdf,/mnt/zsn/data/particulate/datasets/PhysX-Mobility/renders/uniform132_one_per_category_studio_256_v1/086_08e98544f9/imgs/000.png,76119,a7de58cb05b28b95212a547926ec0a9ab07cd1a059218f42c18b341b5b86c0a3,#c9bd4b
PH0088,Mobile Vending Cart,102989,87,/mnt/zsn/lyb/arti-skill/exp/PhysX-Mobility/extracted/PhysX_mobility,/mnt/zsn/lyb/arti-skill/exp/PhysX-Mobility/extracted/PhysX_mobility/urdf/102989.urdf,/mnt/zsn/data/particulate/datasets/PhysX-Mobility/renders/uniform132_one_per_category_studio_256_v1/087_43eec3cf0d/imgs/000.png,82306,c909b45bcf20c493b8b833fd5b981c9a940b680a0b8aa8b705439e8a913b8214,#9542c9
PH0089,Multi-tool Knife,101245,88,/mnt/zsn/lyb/arti-skill/exp/PhysX-Mobility/extracted/PhysX_mobility,/mnt/zsn/lyb/arti-skill/exp/PhysX-Mobility/extracted/PhysX_mobility/urdf/101245.urdf,/mnt/zsn/data/particulate/datasets/PhysX-Mobility/renders/uniform132_one_per_category_studio_256_v1/088_a00e8a53cc/imgs/000.png,76333,c7e4dbe61a9290a77ceb8851ad0ee66103ad61cdd56d212707ebacee7fdfc46f,#39c967
PH0090,Office Equipment,104009,89,/mnt/zsn/lyb/arti-skill/exp/PhysX-Mobility/extracted/PhysX_mobility,/mnt/zsn/lyb/arti-skill/exp/PhysX-Mobility/extracted/PhysX_mobility/urdf/104009.urdf,/mnt/zsn/data/particulate/datasets/PhysX-Mobility/renders/uniform132_one_per_category_studio_256_v1/089_4cb38618fc/imgs/000.png,74403,a59c9287eef090394deb73d2164bff57731e1c5ba88fca861a24adbe487df0f1,#c93530
PH0091,Office Tool,103307,90,/mnt/zsn/lyb/arti-skill/exp/PhysX-Mobility/extracted/PhysX_mobility,/mnt/zsn/lyb/arti-skill/exp/PhysX-Mobility/extracted/PhysX_mobility/urdf/103307.urdf,/mnt/zsn/data/particulate/datasets/PhysX-Mobility/renders/uniform132_one_per_category_studio_256_v1/090_c91b3e1158/imgs/000.png,77117,d622c8bf34a815fdeafca7fa26af9a7f7f95784206866010e21c0173f9949e15,#5b7cda
PH0092,OfficeEquipment,104011,91,/mnt/zsn/lyb/arti-skill/exp/PhysX-Mobility/extracted/PhysX_mobility,/mnt/zsn/lyb/arti-skill/exp/PhysX-Mobility/extracted/PhysX_mobility/urdf/104011.urdf,/mnt/zsn/data/particulate/datasets/PhysX-Mobility/renders/uniform132_one_per_category_studio_256_v1/091_6a6b3a6251/imgs/000.png,73873,630df952ac853aaefb9740265584b5cc2d23f4ed9f3203925376bd9082b3b30b,#9dda52
PH0093,OfficeTool,103293,92,/mnt/zsn/lyb/arti-skill/exp/PhysX-Mobility/extracted/PhysX_mobility,/mnt/zsn/lyb/arti-skill/exp/PhysX-Mobility/extracted/PhysX_mobility/urdf/103293.urdf,/mnt/zsn/data/particulate/datasets/PhysX-Mobility/renders/uniform132_one_per_category_studio_256_v1/092_0768e8d4c0/imgs/000.png,77589,672fa4f9886791ac2e90ce60786af52ef9064e1906f90f9c87ee464bf66af088,#da48c3
PH0094,Optical Device,102532,93,/mnt/zsn/lyb/arti-skill/exp/PhysX-Mobility/extracted/PhysX_mobility,/mnt/zsn/lyb/arti-skill/exp/PhysX-Mobility/extracted/PhysX_mobility/urdf/102532.urdf,/mnt/zsn/data/particulate/datasets/PhysX-Mobility/renders/uniform132_one_per_category_studio_256_v1/093_f763cf420b/imgs/000.png,79045,4c39091bac4fde432a592b9fb74f86809478a865e2455cec7927fb907b59e1d3,#3edac4
PH0095,OpticalAccessory,101285,94,/mnt/zsn/lyb/arti-skill/exp/PhysX-Mobility/extracted/PhysX_mobility,/mnt/zsn/lyb/arti-skill/exp/PhysX-Mobility/extracted/PhysX_mobility/urdf/101285.urdf,/mnt/zsn/data/particulate/datasets/PhysX-Mobility/renders/uniform132_one_per_category_studio_256_v1/094_a3b5f973d7/imgs/000.png,71512,0e23a0ecd3406edc2bb1d65ae78991d29729334fcb6dd84ee9405526831b4298,#da9334
PH0096,Packaging Container,100685,95,/mnt/zsn/lyb/arti-skill/exp/PhysX-Mobility/extracted/PhysX_mobility,/mnt/zsn/lyb/arti-skill/exp/PhysX-Mobility/extracted/PhysX_mobility/urdf/100685.urdf,/mnt/zsn/data/particulate/datasets/PhysX-Mobility/renders/uniform132_one_per_category_studio_256_v1/095_d7023cca5e/imgs/000.png,74372,17b50a8102075ea05cfa8bfb340f5ad1e9310708bcbade839a7d9bbc0dc1974d,#8963eb
PH0097,Plumbing Fixture,152,96,/mnt/zsn/lyb/arti-skill/exp/PhysX-Mobility/extracted/PhysX_mobility,/mnt/zsn/lyb/arti-skill/exp/PhysX-Mobility/extracted/PhysX_mobility/urdf/152.urdf,/mnt/zsn/data/particulate/datasets/PhysX-Mobility/renders/uniform132_one_per_category_studio_256_v1/096_ff675a695e/imgs/000.png,72228,696f09a2f508addd7d00e22485af576a1ec42631c708fd4608ad53b7455c325f,#5aeb58
PH0098,Portable Fire Ignition Device,100350,97,/mnt/zsn/lyb/arti-skill/exp/PhysX-Mobility/extracted/PhysX_mobility,/mnt/zsn/lyb/arti-skill/exp/PhysX-Mobility/extracted/PhysX_mobility/urdf/100350.urdf,/mnt/zsn/data/particulate/datasets/PhysX-Mobility/renders/uniform132_one_per_category_studio_256_v1/097_c98fbe2643/imgs/000.png,74687,2f79e006d54793196fb5025cfc9dd200aec7637c41760cdf33f9f293e6c5ed17,#eb4d7d
PH0099,Sanitary Ware,102692,98,/mnt/zsn/lyb/arti-skill/exp/PhysX-Mobility/extracted/PhysX_mobility,/mnt/zsn/lyb/arti-skill/exp/PhysX-Mobility/extracted/PhysX_mobility/urdf/102692.urdf,/mnt/zsn/data/particulate/datasets/PhysX-Mobility/renders/uniform132_one_per_category_studio_256_v1/098_cf0147af0a/imgs/000.png,73130,d811be488f303a85f4f27c89908294f99e6f35a6f76397955bb168245883c0de,#43a7eb
PH0100,SanitaryWare,102622,99,/mnt/zsn/lyb/arti-skill/exp/PhysX-Mobility/extracted/PhysX_mobility,/mnt/zsn/lyb/arti-skill/exp/PhysX-Mobility/extracted/PhysX_mobility/urdf/102622.urdf,/mnt/zsn/data/particulate/datasets/PhysX-Mobility/renders/uniform132_one_per_category_studio_256_v1/099_4c5cf9ee41/imgs/000.png,71867,2895969c710e1db349485e478bf0666417106afcf0c507ca3239550ee8212704,#d7eb38
PH0101,Security Storage Device,101584,100,/mnt/zsn/lyb/arti-skill/exp/PhysX-Mobility/extracted/PhysX_mobility,/mnt/zsn/lyb/arti-skill/exp/PhysX-Mobility/extracted/PhysX_mobility/urdf/101584.urdf,/mnt/zsn/data/particulate/datasets/PhysX-Mobility/renders/uniform132_one_per_category_studio_256_v1/100_b62d8447f5/imgs/000.png,83593,a3490c4ccae570bd1fc583adf6dfd7a7b12bdfd0d7a8605f4e21c82412ffa90d,#a44db8
PH0102,SecurityStorage,101619,101,/mnt/zsn/lyb/arti-skill/exp/PhysX-Mobility/extracted/PhysX_mobility,/mnt/zsn/lyb/arti-skill/exp/PhysX-Mobility/extracted/PhysX_mobility/urdf/101619.urdf,/mnt/zsn/data/particulate/datasets/PhysX-Mobility/renders/uniform132_one_per_category_studio_256_v1/101_ce1bea5924/imgs/000.png,75838,3ee00fbf0aee051257bc0cc185f82cfc864fb1bbbcd29412eb01ffdceed2ebc8,#45b882
PH0103,SecurityStorageDevice,102389,102,/mnt/zsn/lyb/arti-skill/exp/PhysX-Mobility/extracted/PhysX_mobility,/mnt/zsn/lyb/arti-skill/exp/PhysX-Mobility/extracted/PhysX_mobility/urdf/102389.urdf,/mnt/zsn/data/particulate/datasets/PhysX-Mobility/renders/uniform132_one_per_category_studio_256_v1/102_02fcb058dc/imgs/000.png,74435,bd727fa55639f2c6e8c526cd944bef1a36d4e8d2d6ce6cff0f86e5404832d1f8,#b85a3d
PH0104,Shopping Cart,100860,103,/mnt/zsn/lyb/arti-skill/exp/PhysX-Mobility/extracted/PhysX_mobility,/mnt/zsn/lyb/arti-skill/exp/PhysX-Mobility/extracted/PhysX_mobility/urdf/100860.urdf,/mnt/zsn/data/particulate/datasets/PhysX-Mobility/renders/uniform132_one_per_category_studio_256_v1/103_35798f6a59/imgs/000.png,87028,4a7e5469e6fe4483f3ca955bb229c98c85517bd3904e79aa0d0c9ab860327f0a,#343cb8
PH0105,Spray Bottle,101417,104,/mnt/zsn/lyb/arti-skill/exp/PhysX-Mobility/extracted/PhysX_mobility,/mnt/zsn/lyb/arti-skill/exp/PhysX-Mobility/extracted/PhysX_mobility/urdf/101417.urdf,/mnt/zsn/data/particulate/datasets/PhysX-Mobility/renders/uniform132_one_per_category_studio_256_v1/104_2e6b5e9ee3/imgs/000.png,71187,96e26241767632badc7692d8967a09955ce439b38935f7c9ac0fffe530f0d681,#5cb82c
PH0106,Storage Furniture,45378,105,/mnt/zsn/lyb/arti-skill/exp/PhysX-Mobility/extracted/PhysX_mobility,/mnt/zsn/lyb/arti-skill/exp/PhysX-Mobility/extracted/PhysX_mobility/urdf/45378.urdf,/mnt/zsn/data/particulate/datasets/PhysX-Mobility/renders/uniform132_one_per_category_studio_256_v1/105_08cafcf277/imgs/000.png,84108,4a2ac4c630f7e00619669eb74729d3c32e5c111dd76e808e1a3e883eafb062b2,#c9549f
PH0107,StorageBox,102377,106,/mnt/zsn/lyb/arti-skill/exp/PhysX-Mobility/extracted/PhysX_mobility,/mnt/zsn/lyb/arti-skill/exp/PhysX-Mobility/extracted/PhysX_mobility/urdf/102377.urdf,/mnt/zsn/data/particulate/datasets/PhysX-Mobility/renders/uniform132_one_per_category_studio_256_v1/106_81829bfe88/imgs/000.png,80424,649c512a07cc50662aa21a6f894258f295961224a9c194961869b37f8c856b58,#4bc0c9
PH0108,Timekeeping Device,6500,107,/mnt/zsn/lyb/arti-skill/exp/PhysX-Mobility/extracted/PhysX_mobility,/mnt/zsn/lyb/arti-skill/exp/PhysX-Mobility/extracted/PhysX_mobility/urdf/6500.urdf,/mnt/zsn/data/particulate/datasets/PhysX-Mobility/renders/uniform132_one_per_category_studio_256_v1/107_b3de7d0e87/imgs/000.png,68091,7eb71e6ad7e859705de4c2c0d5920c4c2c834c6e23ffbb144f6680a50f9be246,#c9ab42
PH0109,Transport Equipment,100509,108,/mnt/zsn/lyb/arti-skill/exp/PhysX-Mobility/extracted/PhysX_mobility,/mnt/zsn/lyb/arti-skill/exp/PhysX-Mobility/extracted/PhysX_mobility/urdf/100509.urdf,/mnt/zsn/data/particulate/datasets/PhysX-Mobility/renders/uniform132_one_per_category_studio_256_v1/108_cc23dd6e4c/imgs/000.png,83891,66bc549552d45acdb119448851563ecc16b6053c4024fe3d9117a9912e626d9b,#7f39c9
PH0110,Transport Vehicle,100856,109,/mnt/zsn/lyb/arti-skill/exp/PhysX-Mobility/extracted/PhysX_mobility,/mnt/zsn/lyb/arti-skill/exp/PhysX-Mobility/extracted/PhysX_mobility/urdf/100856.urdf,/mnt/zsn/data/particulate/datasets/PhysX-Mobility/renders/uniform132_one_per_category_studio_256_v1/109_4196cd248f/imgs/000.png,89511,28491e5f671ca9decb9c90fde076fda88cb916d6ed53568d2ef7940e0f8a26c8,#30c94e
PH0111,Transport/Utility Object,100501,110,/mnt/zsn/lyb/arti-skill/exp/PhysX-Mobility/extracted/PhysX_mobility,/mnt/zsn/lyb/arti-skill/exp/PhysX-Mobility/extracted/PhysX_mobility/urdf/100501.urdf,/mnt/zsn/data/particulate/datasets/PhysX-Mobility/renders/uniform132_one_per_category_studio_256_v1/110_ef36f5781a/imgs/000.png,79570,613086889cc291abdc16dfc6b35781c020e7e3e27c5184ee0421d47a56992485,#da5b68
PH0112,Transport/Utility Vehicle,102557,111,/mnt/zsn/lyb/arti-skill/exp/PhysX-Mobility/extracted/PhysX_mobility,/mnt/zsn/lyb/arti-skill/exp/PhysX-Mobility/extracted/PhysX_mobility/urdf/102557.urdf,/mnt/zsn/data/particulate/datasets/PhysX-Mobility/renders/uniform132_one_per_category_studio_256_v1/111_220bfb9f36/imgs/000.png,81565,9f55981bf78f21635a715821111a04340c8f18dce21639aebd9458907a5f07f1,#5287da
PH0113,TransportVehicle,101099,112,/mnt/zsn/lyb/arti-skill/exp/PhysX-Mobility/extracted/PhysX_mobility,/mnt/zsn/lyb/arti-skill/exp/PhysX-Mobility/extracted/PhysX_mobility/urdf/101099.urdf,/mnt/zsn/data/particulate/datasets/PhysX-Mobility/renders/uniform132_one_per_category_studio_256_v1/112_54313c7ad8/imgs/000.png,72435,8fb01a5e4f8143c53cecc63ce002548587d15a39a880345226c3f06a7590a4b3,#abda48
PH0114,Travel Equipment,100837,113,/mnt/zsn/lyb/arti-skill/exp/PhysX-Mobility/extracted/PhysX_mobility,/mnt/zsn/lyb/arti-skill/exp/PhysX-Mobility/extracted/PhysX_mobility/urdf/100837.urdf,/mnt/zsn/data/particulate/datasets/PhysX-Mobility/renders/uniform132_one_per_category_studio_256_v1/113_0a28afb3b4/imgs/000.png,75997,69d95c8292de8db95b68c7bd2fee723697cca40b608afcbf3c16d3d50771fdbd,#da3ed5
PH0115,TravelAccessory,100840,114,/mnt/zsn/lyb/arti-skill/exp/PhysX-Mobility/extracted/PhysX_mobility,/mnt/zsn/lyb/arti-skill/exp/PhysX-Mobility/extracted/PhysX_mobility/urdf/100840.urdf,/mnt/zsn/data/particulate/datasets/PhysX-Mobility/renders/uniform132_one_per_category_studio_256_v1/114_77c1270948/imgs/000.png,79949,9b24ee44d7d8f37fb23dd5ac87b044a00d779430351af2f6551576c4cbda37a9,#34daae
PH0116,TravelBag,100836,115,/mnt/zsn/lyb/arti-skill/exp/PhysX-Mobility/extracted/PhysX_mobility,/mnt/zsn/lyb/arti-skill/exp/PhysX-Mobility/extracted/PhysX_mobility/urdf/100836.urdf,/mnt/zsn/data/particulate/datasets/PhysX-Mobility/renders/uniform132_one_per_category_studio_256_v1/115_a24c6fa883/imgs/000.png,83632,4609fdcd0c5136ad65e3cb1a2dc1cb2d0852bce279608e6dfa365190a19ceffa,#eb9f63
PH0117,Utility Cart,100496,116,/mnt/zsn/lyb/arti-skill/exp/PhysX-Mobility/extracted/PhysX_mobility,/mnt/zsn/lyb/arti-skill/exp/PhysX-Mobility/extracted/PhysX_mobility/urdf/100496.urdf,/mnt/zsn/data/particulate/datasets/PhysX-Mobility/renders/uniform132_one_per_category_studio_256_v1/116_93574a3c12/imgs/000.png,91481,4b619aa26f3786e4ecd734de32e5fd46dabc9148487d7bc9441e03125f077e3a,#6e58eb
PH0118,Utility Knife,103725,117,/mnt/zsn/lyb/arti-skill/exp/PhysX-Mobility/extracted/PhysX_mobility,/mnt/zsn/lyb/arti-skill/exp/PhysX-Mobility/extracted/PhysX_mobility/urdf/103725.urdf,/mnt/zsn/data/particulate/datasets/PhysX-Mobility/renders/uniform132_one_per_category_studio_256_v1/117_7f8471cf45/imgs/000.png,67698,92818c3635d0c46979aefd596f36cc248ff5c9593bf067b2dfcab6349a83f671,#63eb4d
PH0119,Utility Transport Equipment,101090,118,/mnt/zsn/lyb/arti-skill/exp/PhysX-Mobility/extracted/PhysX_mobility,/mnt/zsn/lyb/arti-skill/exp/PhysX-Mobility/extracted/PhysX_mobility/urdf/101090.urdf,/mnt/zsn/data/particulate/datasets/PhysX-Mobility/renders/uniform132_one_per_category_studio_256_v1/118_85cff27110/imgs/000.png,84304,05540e7a1b8b52794c0298f1fbaff39db028669ffc951fd3aafc42c772f183b4,#eb438b
PH0120,Utility Vehicle / Handcart,102556,119,/mnt/zsn/lyb/arti-skill/exp/PhysX-Mobility/extracted/PhysX_mobility,/mnt/zsn/lyb/arti-skill/exp/PhysX-Mobility/extracted/PhysX_mobility/urdf/102556.urdf,/mnt/zsn/data/particulate/datasets/PhysX-Mobility/renders/uniform132_one_per_category_studio_256_v1/119_6d4f208acb/imgs/000.png,80238,5c0b25d2e9eb5d9503f48f2394bc66921db38ef9a5bc14323d0c5b1148c8c26d,#38b9eb
PH0121,Utility Vehicle / Shopping Cart,100508,120,/mnt/zsn/lyb/arti-skill/exp/PhysX-Mobility/extracted/PhysX_mobility,/mnt/zsn/lyb/arti-skill/exp/PhysX-Mobility/extracted/PhysX_mobility/urdf/100508.urdf,/mnt/zsn/data/particulate/datasets/PhysX-Mobility/renders/uniform132_one_per_category_studio_256_v1/120_40a103192f/imgs/000.png,94696,4e666a925eae8b7f1beea0cf92b4aa26f88064a75a7f7ddcaab5c461ae38f5c4,#b8b64d
PH0122,Utility Vehicle / Transport Cart,102561,121,/mnt/zsn/lyb/arti-skill/exp/PhysX-Mobility/extracted/PhysX_mobility,/mnt/zsn/lyb/arti-skill/exp/PhysX-Mobility/extracted/PhysX_mobility/urdf/102561.urdf,/mnt/zsn/data/particulate/datasets/PhysX-Mobility/renders/uniform132_one_per_category_studio_256_v1/121_2f74be4334/imgs/000.png,74317,5f5cd90f01ea5421f03facef7af20e84f7aa8ba391b581687386d955e4dd94be,#9445b8
PH0123,Vehicle,100858,122,/mnt/zsn/lyb/arti-skill/exp/PhysX-Mobility/extracted/PhysX_mobility,/mnt/zsn/lyb/arti-skill/exp/PhysX-Mobility/extracted/PhysX_mobility/urdf/100858.urdf,/mnt/zsn/data/particulate/datasets/PhysX-Mobility/renders/uniform132_one_per_category_studio_256_v1/122_a62394ba4a/imgs/000.png,75484,e3302f5b064afaa141f31125af8677b6e089fd76342b55651f6dfa22f8d1e7c0,#3db86e
PH0124,Ventilation Equipment,101419,123,/mnt/zsn/lyb/arti-skill/exp/PhysX-Mobility/extracted/PhysX_mobility,/mnt/zsn/lyb/arti-skill/exp/PhysX-Mobility/extracted/PhysX_mobility/urdf/101419.urdf,/mnt/zsn/data/particulate/datasets/PhysX-Mobility/renders/uniform132_one_per_category_studio_256_v1/123_fe673c9f46/imgs/000.png,89757,c626742c879dba97b32c89f69f04dc5afc9b0f7b1d54ac09ddf5a35e3fb5861b,#b84334
PH0125,VisionAid,103029,124,/mnt/zsn/lyb/arti-skill/exp/PhysX-Mobility/extracted/PhysX_mobility,/mnt/zsn/lyb/arti-skill/exp/PhysX-Mobility/extracted/PhysX_mobility/urdf/103029.urdf,/mnt/zsn/data/particulate/datasets/PhysX-Mobility/renders/uniform132_one_per_category_studio_256_v1/124_2d88e2d3d4/imgs/000.png,72757,c2ef93bf02c994922860fa814003c47182c2afc6ab817c553ce447b04f721315,#2c46b8
PH0126,VisionAidDevice,102578,125,/mnt/zsn/lyb/arti-skill/exp/PhysX-Mobility/extracted/PhysX_mobility,/mnt/zsn/lyb/arti-skill/exp/PhysX-Mobility/extracted/PhysX_mobility/urdf/102578.urdf,/mnt/zsn/data/particulate/datasets/PhysX-Mobility/renders/uniform132_one_per_category_studio_256_v1/125_fd445492eb/imgs/000.png,73625,1023ea805ed39d9578d826031cd4ef3f5302d75521b8edd8174a32c6194238e9,#8bc954
PH0127,WallClock,6665,126,/mnt/zsn/lyb/arti-skill/exp/PhysX-Mobility/extracted/PhysX_mobility,/mnt/zsn/lyb/arti-skill/exp/PhysX-Mobility/extracted/PhysX_mobility/urdf/6665.urdf,/mnt/zsn/data/particulate/datasets/PhysX-Mobility/renders/uniform132_one_per_category_studio_256_v1/126_1f9dbe444e/imgs/000.png,75656,2750aaafdab4fc3b1346d34537ee9073bb88309443d5b051c11ae6fbafc9dea5,#c94bab
PH0128,Waste Container,102209,127,/mnt/zsn/lyb/arti-skill/exp/PhysX-Mobility/extracted/PhysX_mobility,/mnt/zsn/lyb/arti-skill/exp/PhysX-Mobility/extracted/PhysX_mobility/urdf/102209.urdf,/mnt/zsn/data/particulate/datasets/PhysX-Mobility/renders/uniform132_one_per_category_studio_256_v1/127_0bf79a57a8/imgs/000.png,84651,444d53fb9f82927b1f4a6929cae1f1dd31cff3329bbce63dca44626336692a5e,#42c9c1
PH0129,WasteContainer,103634,128,/mnt/zsn/lyb/arti-skill/exp/PhysX-Mobility/extracted/PhysX_mobility,/mnt/zsn/lyb/arti-skill/exp/PhysX-Mobility/extracted/PhysX_mobility/urdf/103634.urdf,/mnt/zsn/data/particulate/datasets/PhysX-Mobility/renders/uniform132_one_per_category_studio_256_v1/128_fce3d1c261/imgs/000.png,77222,4eddb97ec60f04bf9c326522241c18285b5c187e03ac28fe09915c1733646c36,#c99639
PH0130,Wheelbarrow,100490,129,/mnt/zsn/lyb/arti-skill/exp/PhysX-Mobility/extracted/PhysX_mobility,/mnt/zsn/lyb/arti-skill/exp/PhysX-Mobility/extracted/PhysX_mobility/urdf/100490.urdf,/mnt/zsn/data/particulate/datasets/PhysX-Mobility/renders/uniform132_one_per_category_studio_256_v1/129_976ccd9cae/imgs/000.png,79338,9cbf43430d16838044ab9ae33e85fe6158bc9f22457ba447d5eedfaff9672872,#6730c9
PH0131,Writing Instrument,101793,130,/mnt/zsn/lyb/arti-skill/exp/PhysX-Mobility/extracted/PhysX_mobility,/mnt/zsn/lyb/arti-skill/exp/PhysX-Mobility/extracted/PhysX_mobility/urdf/101793.urdf,/mnt/zsn/data/particulate/datasets/PhysX-Mobility/renders/uniform132_one_per_category_studio_256_v1/130_70f1adf3a9/imgs/000.png,68587,caf4cd763fdf827d8fe6f7124f6a7c0cef8b9d1f9ad0f5644b96aae3a43ea49a,#5bda64
PH0132,WritingInstrument,102915,131,/mnt/zsn/lyb/arti-skill/exp/PhysX-Mobility/extracted/PhysX_mobility,/mnt/zsn/lyb/arti-skill/exp/PhysX-Mobility/extracted/PhysX_mobility/urdf/102915.urdf,/mnt/zsn/data/particulate/datasets/PhysX-Mobility/renders/uniform132_one_per_category_studio_256_v1/131_eede179e53/imgs/000.png,69198,61ed84194daaea2804c9f3542ada990ba620f9e112f8f7d8aedb8139cbcfce63,#da5270
